Track URI,Track Name,Album Name,Artist Name(s),Release Date,Duration (ms),Popularity,Explicit,Added By,Added At,Genres,Record Label,Danceability,Energy,Key,Loudness,Mode,Speechiness,Acousticness,Instrumentalness,Liveness,Valence,Tempo,Time Signature
spotify:track:0J1fdIMJ6F1ZK8YWutiUh0,"Mother Nature Goes To Heaven","Cast In Steel","a-ha",2015-09-04,273960,19,false,pweb3m7uoyyvwg4u4vbew6t29,2019-08-22T15:02:39Z,"new wave,synthpop","WE LOVE MUSIC",0.531,0.669,1,-5.053,0,0.0285,0.122,0.00281,0.158,0.374,91.889,4
spotify:track:73qbBlEAcm2HfnAaSnP1II,"Say OK","V","Vanessa Hudgens",2006-01-01,221866,60,false,pweb3m7uoyyvwg4u4vbew6t29,2019-08-22T15:02:50Z,"","Hollywood Records",0.469,0.689,9,-7.017,0,0.0475,0.00607,0.00119,0.114,0.531,126.505,3
spotify:track:0occ3Gxp6ZV5DUmJNuEsQB,"Come Back To Me","V","Vanessa Hudgens",2006-01-01,166866,51,false,pweb3m7uoyyvwg4u4vbew6t29,2019-08-22T15:02:56Z,"","Hollywood Records",0.65,0.868,5,-3.988,1,0.084,0.000836,0.0000161,0.245,0.71,87.961,4
spotify:track:2E5ufno5JwzZiA96JiHUGN,"Low","Raise Vibration","Lenny Kravitz",2018-09-07,318986,0,false,pweb3m7uoyyvwg4u4vbew6t29,2019-08-22T15:03:22Z,"","BMG Rights Management (UK) Limited",0.803,0.682,8,-3.459,0,0.037,0.0516,0.000223,0.0456,0.926,106.431,4
spotify:track:3bH4HzoZZFq8UpZmI2AMgV,"New Light","New Light","John Mayer",2018-05-10,216014,3,false,pweb3m7uoyyvwg4u4vbew6t29,2019-08-22T15:03:34Z,"singer-songwriter","Snack Money",0.828,0.689,7,-7.878,1,0.0326,0.325,0.0384,0.0808,0.853,123.931,4
spotify:track:1LM6t24SjQr2bJHqeGIR4U,"Still Feel Like Your Man","The Search for Everything","John Mayer",2017-04-14,234533,60,false,pweb3m7uoyyvwg4u4vbew6t29,2019-08-22T15:03:52Z,"singer-songwriter","Columbia",0.858,0.6,2,-6.677,1,0.0631,0.547,0.00117,0.132,0.515,106.023,4
spotify:track:14iqP9NDWmbjWe9mIuuEzc,"Miss Moneypenny","Placebo: B-Sides","Placebo",2015-07-31,170280,0,false,pweb3m7uoyyvwg4u4vbew6t29,2019-08-22T15:04:34Z,"britpop","Elevator Lady Ltd",0.587,0.788,10,-8.844,0,0.0266,0.0000869,0.433,0.364,0.556,99.972,4
spotify:track:48M9LgJ7wbxEfd1wHTeAi0,"A Million Little Pieces","Loud Like Love","Placebo",2013-09-16,281804,0,false,pweb3m7uoyyvwg4u4vbew6t29,2019-08-22T15:04:41Z,"britpop","Elevator Lady Ltd",0.522,0.864,1,-6.542,1,0.0322,0.0123,0.0502,0.291,0.697,174.001,4
spotify:track:15ZhWVL9ojxAahH4z0MmTy,"Hold on to Me","Loud Like Love","Placebo",2013-09-16,294604,0,false,pweb3m7uoyyvwg4u4vbew6t29,2019-08-22T15:04:45Z,"britpop","Elevator Lady Ltd",0.445,0.615,10,-9.306,0,0.0328,0.0123,0.00031,0.175,0.354,91.947,4
spotify:track:7z8c0SRxWHHD99tofdi1Lq,"How to Dance in Time","I Hope You're Happy","Blue October",2018-08-17,326943,37,false,pweb3m7uoyyvwg4u4vbew6t29,2019-08-22T15:05:12Z,"","Up Down Records",0.514,0.479,6,-8.701,1,0.0262,0.013,0.00452,0.138,0.365,132.116,4
spotify:track:2JgJAKlIrGIKv4FjhrkWk1,"Miedo","Todo Está Encendido","Allison",2016-04-15,238349,0,false,pweb3m7uoyyvwg4u4vbew6t29,2019-08-22T15:05:56Z,"rock en español,mexican rock","Nítido Records, S.A de C.V.",0.631,0.895,9,-2.514,0,0.0454,0.0607,0,0.152,0.195,95.014,4
spotify:track:0FJwk6JUM0Y8InZoby5FJK,"One Last Time","Razorblade Romance (Deluxe Re-Mastered)","HIM",2014-12-15,311744,0,false,pweb3m7uoyyvwg4u4vbew6t29,2019-08-22T15:06:06Z,"gothic metal,gothic rock,finnish rock","The End Records",0.598,0.518,11,-7.73,1,0.0248,0.0983,0.177,0.127,0.259,99.798,4
spotify:track:3WBPiogtVDBSXK7uOpxJ6m,"The Bitter End","Sleeping With Ghosts","Placebo",2003-03-24,190573,3,false,pweb3m7uoyyvwg4u4vbew6t29,2019-08-22T15:06:24Z,"britpop","Elevator Lady Ltd",0.328,0.904,3,-5.063,0,0.0455,0.0000423,0.0591,0.11,0.518,186.253,4
spotify:track:58IakFxrNWhkpOsKKooZFA,"Beautiful Life","Beautiful Life","Rick Astley",2018-07-13,223805,0,false,pweb3m7uoyyvwg4u4vbew6t29,2019-08-22T15:07:04Z,"","BMG Rights Management GmbH",0.688,0.879,4,-4.292,1,0.0343,0.029,0,0.238,0.764,116.975,4
spotify:track:5Ohxk2dO5COHF1krpoPigN,"Sign of the Times","Harry Styles","Harry Styles",2017-05-12,340706,93,false,pweb3m7uoyyvwg4u4vbew6t29,2019-08-22T15:07:35Z,"","Columbia",0.516,0.595,5,-4.63,1,0.0313,0.0275,0,0.109,0.222,119.972,4
spotify:track:0T4hkk9ZRabGrNhLfrsbii,"Shook","Shawn Desman","Shawn Desman",2002-10-29,212440,27,false,pweb3m7uoyyvwg4u4vbew6t29,2019-08-22T15:08:26Z,"","UOMO",0.756,0.663,7,-6.632,1,0.0458,0.00351,0,0.208,0.746,100.023,4
spotify:track:6LEdMwnQo6sZAhN5rTSQ9l,"Night Like This","Fresh","Shawn Desman",2010-08-03,231360,18,false,pweb3m7uoyyvwg4u4vbew6t29,2019-08-22T15:08:31Z,"","UOMO",0.767,0.633,1,-6.331,1,0.0501,0.00438,0,0.0424,0.448,120.031,4
spotify:track:6XJoLXmZXKxI4adY2S5mtK,"Sexy","Back for More","Shawn Desman",2005-05-03,234080,3,false,pweb3m7uoyyvwg4u4vbew6t29,2019-08-22T15:08:35Z,"","UOMO",0.846,0.652,1,-2.711,1,0.134,0.0153,0.00365,0.0871,0.45,96.986,4
spotify:track:7FDV5ELOJHCGLe52AnttEd,"Angel","Hot Shot","Shaggy;Rayvon",2000-08-08,235133,83,false,pweb3m7uoyyvwg4u4vbew6t29,2019-08-28T14:16:41Z,"reggae","Geffen",0.74,0.766,6,-2.939,1,0.178,0.116,0,0.0406,0.807,170.531,4
spotify:track:3MhdH8PxqH1FuQp3HBptUI,"I'm Still in Love with You (feat. Sasha)","Dutty Rock","Sean Paul;Sasha;Jeremy Harding;Murray Elias",2002-11-12,273360,3,false,pweb3m7uoyyvwg4u4vbew6t29,2019-08-28T14:16:58Z,"dancehall,reggae,riddim","Atlantic Records",0.765,0.666,7,-5.384,1,0.172,0.102,0,0.116,0.756,87.002,4
spotify:track:3e7yziCpnpx2ujgvXqSLzp,"Kingston Town","Labour Of Love II","UB40",1989-01-01,228293,61,false,pweb3m7uoyyvwg4u4vbew6t29,2019-08-28T14:17:14Z,"reggae","Virgin",0.956,0.254,8,-13.264,1,0.0551,0.156,0.0362,0.0362,0.8,102.071,4
spotify:track:4jDmJ51x1o9NZB5Nxxc7gY,"Careless Whisper","Ladies And Gentlemen... The Best Of George Michael","George Michael",1998-11-09,300106,9,false,pweb3m7uoyyvwg4u4vbew6t29,2019-08-28T14:19:46Z,"","Sony Music Entertainment",0.574,0.628,2,-8.815,0,0.036,0.13,0,0.271,0.803,153.119,4
spotify:track:0lWF914ZUju2zJk5TkB4EG,"Careless Whisper - Strings Version","Finding Beauty In Negative Spaces (Bonus Track Version)","Seether",2007-01-01,264266,41,false,pweb3m7uoyyvwg4u4vbew6t29,2019-08-28T16:01:24Z,"post-grunge,alternative metal,rock","Fantasy Records",0.459,0.923,2,-3.844,1,0.0537,0.0000394,0.0973,0.181,0.492,134.073,4
spotify:track:75tLo0qRQ5v24jkRa1kgPX,"Disenchanted","The Black Parade / Living with Ghosts (The 10th Anniversary Edition)","My Chemical Romance",2016-09-23,295000,43,false,pweb3m7uoyyvwg4u4vbew6t29,2019-08-28T16:01:47Z,"emo,pop punk","Reprise",0.343,0.692,2,-3.926,1,0.0355,0.00218,0,0.112,0.153,174.07,4
spotify:track:2Rsy4QeVyaYGWaXaZBtPpp,"Disenchanted - Live in Mexico City","The Black Parade Is Dead!","My Chemical Romance",2008-06-24,298680,37,false,pweb3m7uoyyvwg4u4vbew6t29,2019-08-28T16:11:00Z,"emo,pop punk","Reprise",0.229,0.867,2,-7.578,1,0.0883,0.00064,0.0000025,0.968,0.257,180.093,4
spotify:track:3O6FSINQCT743cLVMRJrsT,"Esta Vez","SINO","Café Tacvba",2007-01-01,262880,59,false,pweb3m7uoyyvwg4u4vbew6t29,2019-08-28T16:11:23Z,"rock en español,mexican rock,latin rock,latin alternative,ska","National Own",0.518,0.416,0,-7.579,1,0.0242,0.00728,0.00175,0.104,0.268,150.01,4
spotify:track:09zg68YYRB0qFarfDpVP0x,"16","120 Km/Hr.","Allison",2012-10-01,226973,42,false,pweb3m7uoyyvwg4u4vbew6t29,2019-08-28T16:11:58Z,"rock en español,mexican rock","Columbia",0.57,0.813,1,-2.036,1,0.0306,0.00685,0,0.162,0.648,100.045,4
spotify:track:32OYpRgfeg4wPh5kD3DNy5,"No Hay Distancia","120 Km/Hr.","Allison",2012-10-01,262546,37,false,pweb3m7uoyyvwg4u4vbew6t29,2019-08-28T16:12:12Z,"rock en español,mexican rock","Columbia",0.483,0.812,3,-2.03,1,0.0321,0.0206,0,0.106,0.438,94.977,4
spotify:track:5GKRNpa88syG92h0K2YARr,"Luna Amarga","120 Km/Hr.","Allison",2012-10-01,210320,48,false,pweb3m7uoyyvwg4u4vbew6t29,2019-08-28T16:12:22Z,"rock en español,mexican rock","Columbia",0.484,0.759,4,-3.121,1,0.0297,0.141,0,0.124,0.446,174.06,4
spotify:track:3SIoj9HeBKwdODE1sgSj13,"Eres Como el Mar","Todo Está Encendido","Allison",2016-04-15,325264,0,false,pweb3m7uoyyvwg4u4vbew6t29,2019-08-28T16:12:32Z,"rock en español,mexican rock","Nítido Records, S.A de C.V.",0.55,0.915,7,-2.243,0,0.0505,0.00337,0,0.245,0.235,156.006,4
spotify:track:4hhZKQCXGoRChHfrO0Chlm,"Nothing","Dark Matters","The Rasmus",2018-10-12,222350,33,false,pweb3m7uoyyvwg4u4vbew6t29,2019-08-28T16:12:52Z,"finnish rock","Playground Music",0.49,0.58,7,-8.468,1,0.065,0.000734,0.0000224,0.342,0.294,173.964,4
spotify:track:3TFasCxN7Uxl6cl9i8b5RQ,"If You Ever","Funeral Song (The Resurrection)","The Rasmus",2004-02-25,228400,10,false,pweb3m7uoyyvwg4u4vbew6t29,2019-08-28T16:13:03Z,"finnish rock","Playground Music",0.375,0.543,11,-7.752,0,0.0322,0.00368,0.0000177,0.101,0.082,102.048,4
spotify:track:5hkdfA87RZvNaxl6XiveOA,"Everybody's Changing","Hopes And Fears","Keane",2004-01-01,215160,71,false,pweb3m7uoyyvwg4u4vbew6t29,2019-08-28T16:13:55Z,"","Universal-Island Records Ltd.",0.517,0.832,0,-3.564,1,0.0292,0.0015,0.000208,0.101,0.45,94.02,4
spotify:track:2LIh4uzqq9cXMPzzmcToHl,"Lost on You","Lost on You","LP",2017-05-05,268105,3,false,pweb3m7uoyyvwg4u4vbew6t29,2019-08-28T16:32:59Z,"","Vagrant Records",0.433,0.724,5,-6.126,0,0.0372,0.1,0,0.0918,0.689,174.006,4
spotify:track:4skDoyZokvPqxMDoDBViBY,"MCMLXXX","Noche","José Madero",2017-07-28,259493,59,false,pweb3m7uoyyvwg4u4vbew6t29,2019-08-28T16:51:03Z,"mexican indie,rock en español","Universal Music Mexico",0.797,0.677,2,-6.035,1,0.0308,0.248,0.00000219,0.0656,0.8,127.008,4
spotify:track:492aSGsuE0dOOBKB66781Z,"Lady Blue","Flamingos","Bunbury",2002-02-28,329666,68,false,pweb3m7uoyyvwg4u4vbew6t29,2019-08-28T16:52:23Z,"rock en español,latin rock,mexican rock","Parlophone Spain",0.546,0.539,10,-5.613,1,0.0267,0.123,0.000493,0.231,0.447,104.029,4
spotify:track:0dRY4OrSY53yUjVgfgne1W,"Aunque no sea conmigo","Hijos del pueblo","Bunbury;Andrés Calamaro",2015-04-14,212560,68,false,pweb3m7uoyyvwg4u4vbew6t29,2019-08-28T16:52:41Z,"rock en español,latin rock,mexican rock,argentine rock","WM Spain",0.461,0.715,4,-6.246,0,0.0281,0.458,0.0000156,0.719,0.455,86.09,4
spotify:track:1p7m9H4H8s0Y7SgRm7j3ED,"Flaca","Alta Suciedad","Andrés Calamaro",1997,277653,80,false,pweb3m7uoyyvwg4u4vbew6t29,2019-08-28T16:52:51Z,"argentine rock,rock en español,latin rock","DRO/EastWest Spain",0.739,0.745,7,-6.658,1,0.0267,0.21,0.0135,0.127,0.949,109.326,4
spotify:track:5mpUKTdskZea0gStWzeHUZ,"Unsainted","We Are Not Your Kind","Slipknot",2019-08-09,260773,77,true,pweb3m7uoyyvwg4u4vbew6t29,2019-08-28T16:59:01Z,"nu metal,metal,alternative metal,rap metal,heavy metal","Roadrunner Records",0.427,0.946,7,-2.188,1,0.0469,0.000118,0.0253,0.0604,0.237,101.305,4
spotify:track:104buTcnP2AsxqB7U1FIZ4,"Heavy (feat. Kiiara)","One More Light","Linkin Park;Kiiara",2017-05-19,169800,72,true,pweb3m7uoyyvwg4u4vbew6t29,2019-08-28T17:20:48Z,"nu metal,rap metal,rock,alternative metal","Warner Records",0.59,0.671,9,-6.098,1,0.0706,0.0484,0,0.0604,0.438,149.982,4
spotify:track:6GLuy8AXubctStce171zcx,"Ignite","Thousand Thoughts EP","Thousand Thoughts",2019-03-29,213770,0,false,pweb3m7uoyyvwg4u4vbew6t29,2019-08-28T17:22:49Z,"","Marshall Records",0.465,0.815,8,-4.945,1,0.0339,0.00135,0.00000787,0.0817,0.207,87.618,4
spotify:track:1faolBLC36cigtao56kZHM,"In the End","In the End","The Cranberries",2019-04-26,176880,0,false,pweb3m7uoyyvwg4u4vbew6t29,2019-08-28T17:25:05Z,"","BMG Rights Management (UK) Limited",0.252,0.592,9,-7.778,0,0.0314,0.0568,0.000285,0.14,0.229,170.094,4
spotify:track:75nDmKMu2TNwrMm3ZAMj41,"Into The Wild","Kiss Of Life","Vega",2010-12-03,317080,7,false,pweb3m7uoyyvwg4u4vbew6t29,2019-08-28T17:25:39Z,"arena rock,aor,hard rock","Frontiers Records",0.433,0.886,2,-2.948,0,0.0415,0.00215,0.0000114,0.146,0.252,144.102,4
spotify:track:15dKsB2vjInNQNN8EWuwxD,"Dime Ven","Motel","Motel",2006-03-20,220773,0,false,pweb3m7uoyyvwg4u4vbew6t29,2019-08-28T18:40:07Z,"rock en español,latin pop,mexican rock","Woah Dad!",0.555,0.895,0,-4.364,1,0.0329,0.000804,0,0.0764,0.642,144.962,4
spotify:track:3QEWvj2NI5ybtUAVnwzmzF,"Después De Ti","Buen Viaje","Alejandro Lerner",2003-10-23,252840,64,false,pweb3m7uoyyvwg4u4vbew6t29,2019-08-28T18:40:39Z,"trova,argentine rock","Universal Music Argentina S.A.",0.563,0.603,7,-7.761,1,0.027,0.069,0,0.111,0.463,79.987,4
spotify:track:71zhCqHmQePgXpKcRcptS5,"Tardes negras","111 (Ciento Once)","Tiziano Ferro",2003-01-01,264986,0,false,pweb3m7uoyyvwg4u4vbew6t29,2019-08-28T18:40:59Z,"italian singer-songwriter","Capitol Records",0.624,0.559,6,-6.717,1,0.0326,0.228,0,0.104,0.408,135.99,4
spotify:track:6kdCN6gTWLcLxmLXoUcwuI,"Eres","Cuatro Caminos","Café Tacvba",2003-07-01,267600,81,false,pweb3m7uoyyvwg4u4vbew6t29,2019-08-28T18:41:31Z,"rock en español,mexican rock,latin rock,latin alternative,ska","Geffen*",0.583,0.731,9,-6.18,0,0.0271,0.0107,0.0136,0.238,0.446,149.987,4
spotify:track:6AdIlGFoMWq4aPc22qOCau,"Nada - En Vivo","MTV Unplugged Música De Fondo (Reissue/Live)","Zoé",2011-01-01,284560,54,false,pweb3m7uoyyvwg4u4vbew6t29,2019-08-28T18:42:43Z,"rock en español,mexican rock,mexican indie,latin alternative,latin indie,latin rock","EMI México",0.513,0.731,0,-6.908,0,0.0335,0.00808,0.00000688,0.653,0.239,131.913,4
spotify:track:04YCoK8SspDy9Gv52aUrz8,"Bésame Mucho - Live","MTV Unplugged Música De Fondo (Reissue/Live)","Zoé",2011-01-01,337546,60,false,pweb3m7uoyyvwg4u4vbew6t29,2019-08-28T18:45:13Z,"rock en español,mexican rock,mexican indie,latin alternative,latin indie,latin rock","EMI México",0.307,0.824,4,-7.022,0,0.0457,0.0799,0.035,0.957,0.417,190.097,4
spotify:track:6EzSduIPnAmO3o41HY5V9d,"Hysteria - Remastered 2017","Hysteria (Super Deluxe)","Def Leppard",1987-08-03,354636,57,false,pweb3m7uoyyvwg4u4vbew6t29,2019-08-28T18:45:34Z,"glam metal,glam rock,classic rock","UMC (Universal Music Catalogue)",0.659,0.846,7,-5.508,1,0.0274,0.0318,0.0144,0.203,0.659,107.01,4
spotify:track:3Dfy8YIxq89i84t108TvMi,"Love Bites - Remastered 2017","Hysteria (Super Deluxe)","Def Leppard",1987-08-03,346960,72,false,pweb3m7uoyyvwg4u4vbew6t29,2019-08-28T18:45:39Z,"glam metal,glam rock,classic rock","UMC (Universal Music Catalogue)",0.59,0.743,0,-7.078,0,0.0347,0.067,0.00093,0.0847,0.412,129.79,4
spotify:track:0X1sqQ652p1sceKM2nJlIJ,"Runaway","Bon Jovi","Bon Jovi",1984-01-23,230666,79,false,pweb3m7uoyyvwg4u4vbew6t29,2019-08-28T18:46:20Z,"glam metal","Island Records",0.475,0.899,9,-4.321,0,0.0637,0.00375,0.0000191,0.14,0.603,152.445,4
spotify:track:7G9sO0Q5ojcpzg6Sle0DsG,"Embrujo","Se Morir","Andrés Cepeda",2000-07-12,162638,0,false,pweb3m7uoyyvwg4u4vbew6t29,2019-08-28T18:46:42Z,"colombian pop,latin pop,bolero","Fm Entretenimiento S.A.S.",0.712,0.353,6,-7.936,0,0.0357,0.434,0,0.127,0.75,125.72,4
spotify:track:75LnQfkIrWULh37HOmepMT,"Me Voy","Se Morir","Andrés Cepeda",2000-07-12,247666,0,false,pweb3m7uoyyvwg4u4vbew6t29,2019-08-28T18:46:57Z,"colombian pop,latin pop,bolero","Fm Entretenimiento S.A.S.",0.677,0.428,4,-8.732,0,0.0415,0.281,0.00000178,0.0803,0.608,112.184,4
spotify:track:6UIHk7W6LNSRsMmu5hUdjb,"He pecado (feat. Bunbury y Orishas)","Amores Difíciles","Cabas;Bunbury;Orishas",2008-04-01,256106,50,false,pweb3m7uoyyvwg4u4vbew6t29,2019-08-28T18:47:07Z,"colombian pop,latin pop,rock en español,latin rock,mexican rock,latin hip hop,latin alternative,son cubano,latin","Parlophone Spain",0.785,0.788,0,-5.857,0,0.0528,0.533,0,0.379,0.925,96.998,4
spotify:track:1hMQi73KABRBsxSmFNnxBS,"Solo un Segundo","Caraluna","Bacilos",2002,238933,60,false,pweb3m7uoyyvwg4u4vbew6t29,2019-08-28T18:47:34Z,"colombian pop,latin pop","WEA Latina",0.782,0.609,2,-7.177,1,0.026,0.212,0.00139,0.104,0.865,108.955,4
spotify:track:6FIZDGD7A15jGZ5oI3b5sG,"Lo Mismo Que Yo","Bacilos (Re-Issue)","Bacilos",2001-04-24,207946,53,false,pweb3m7uoyyvwg4u4vbew6t29,2019-08-28T18:47:44Z,"colombian pop,latin pop","WEA Latina",0.613,0.585,6,-7.107,0,0.0268,0.0829,0.000043,0.406,0.379,82.163,4
spotify:track:129lYDVKnWtlJc2PZJviuA,"A Dios Le Pido","Un Día Normal","Juanes",2002-01-01,205373,78,false,pweb3m7uoyyvwg4u4vbew6t29,2019-08-28T18:48:19Z,"latin pop,colombian pop,rock en español","Int'l Latin America",0.673,0.84,7,-3.564,1,0.0559,0.0683,0,0.0965,0.94,97.027,4
spotify:track:2VRArF8Mnmi1dHiHr1DlNE,"La Paga","Un Día Normal","Juanes",2002-01-01,205200,65,false,pweb3m7uoyyvwg4u4vbew6t29,2019-08-28T18:48:24Z,"latin pop,colombian pop,rock en español","Int'l Latin America",0.787,0.779,9,-3.559,1,0.0391,0.0215,0,0.0623,0.978,99.999,4
spotify:track:78PKCefXwDLbl4FVO1Pjzh,"Dreamer","Down To Earth","Ozzy Osbourne",2001-10-16,284902,71,false,pweb3m7uoyyvwg4u4vbew6t29,2019-08-28T18:58:48Z,"metal,glam metal,heavy metal,hard rock","Epic",0.493,0.636,1,-7.408,1,0.0256,0.0629,0.00000249,0.0921,0.279,79.419,4
spotify:track:0GGxVTb0UwDwdaKNjBdCn3,"Woman - Remastered 2010","Double Fantasy: Stripped Down","John Lennon",1980-11-17,212933,73,false,pweb3m7uoyyvwg4u4vbew6t29,2019-08-28T18:59:24Z,"christmas","Capitol Records",0.588,0.657,3,-6.373,1,0.0224,0.382,0.00259,0.042,0.747,79.704,4
spotify:track:11AnIo9kTnjhtD06y5Zd5O,"Amores Lejanos","Amores Lejanos","Los Enanitos Verdes",2002-01-01,295013,71,false,pweb3m7uoyyvwg4u4vbew6t29,2019-08-28T19:01:12Z,"rock en español,latin rock,argentine rock,mexican rock,latin alternative","Int'l Latin America",0.726,0.837,9,-5.325,0,0.032,0.257,0.0000131,0.322,0.559,120.04,4
spotify:track:6Pur3hWy6Nzc27ilmsp5HA,"Lamento Boliviano","Big Bang","Los Enanitos Verdes",1994-01-01,222226,84,false,pweb3m7uoyyvwg4u4vbew6t29,2019-08-28T19:01:18Z,"rock en español,latin rock,argentine rock,mexican rock,latin alternative","EMI Latin",0.714,0.735,4,-7.125,0,0.0306,0.176,0.000622,0.115,0.68,123.57,4
spotify:track:4Ofg5uuH7qqDIXpAJMpXZV,"Rayando el Sol","Falta Amor","Maná",1990-07-02,250106,81,false,pweb3m7uoyyvwg4u4vbew6t29,2019-08-28T19:01:56Z,"rock en español,latin rock,mexican rock,latin pop","WM Mexico",0.643,0.809,7,-3.275,1,0.028,0.45,0.00000122,0.154,0.499,112.677,4
spotify:track:1VMwzpsJMrvLsRx3jXgbyi,"Arráncame El Corazón","Amar es Combatir","Maná",2006-08-22,284186,44,false,pweb3m7uoyyvwg4u4vbew6t29,2019-08-28T19:02:52Z,"rock en español,latin rock,mexican rock,latin pop","WM Mexico",0.497,0.909,5,-2.352,1,0.0366,0.0014,0,0.0936,0.538,139.957,4
spotify:track:33J0xfFaRZO6RzHVdbQkiO,"Manda Una Señal","Amar es Combatir","Maná",2006-08-22,281880,68,false,pweb3m7uoyyvwg4u4vbew6t29,2019-08-28T19:02:58Z,"rock en español,latin rock,mexican rock,latin pop","WM Mexico",0.452,0.834,0,-5.039,1,0.0296,0.0294,0,0.138,0.321,186.141,4
spotify:track:4QLPUyOsRUTnoW8h7HFbZX,"Mala Gente","Un Día Normal","Juanes",2002-01-01,196893,62,false,pweb3m7uoyyvwg4u4vbew6t29,2019-08-28T20:44:49Z,"latin pop,colombian pop,rock en español","Int'l Latin America",0.663,0.851,6,-3.007,0,0.0491,0.0992,0,0.0771,0.921,95.019,4
spotify:track:4JSAD9lv6OR2jnqNy2hGE2,"Blue on Blue","Moon Landing","James Blunt",2013-10-21,233000,0,false,pweb3m7uoyyvwg4u4vbew6t29,2019-08-29T12:18:15Z,"","Custard/Atlantic",0.358,0.37,3,-7.651,1,0.0289,0.614,0,0.288,0.216,139.273,4
spotify:track:2YaGZvBfkQ4jiD5cMLIFQV,"Same Mistake","All the Lost Souls","James Blunt",2007-09-05,298186,66,false,pweb3m7uoyyvwg4u4vbew6t29,2019-08-29T12:18:31Z,"","Custard/Atlantic",0.482,0.51,10,-7.666,1,0.026,0.472,0.000452,0.122,0.199,77.809,4
spotify:track:1rDJIKiabJGtDtT8y72aTr,"Desert Song","Life on the Murder Scene","My Chemical Romance",2006-03-17,230706,56,false,pweb3m7uoyyvwg4u4vbew6t29,2019-08-29T18:29:33Z,"emo,pop punk","Reprise",0.366,0.324,4,-10.056,0,0.0312,0.515,0,0.139,0.0704,147.518,3
spotify:track:51VwpPzxUd6g94iELptagU,"Headfirst for Halos","I Brought You My Bullets, You Brought Me Your Love","My Chemical Romance",2002,208173,60,false,pweb3m7uoyyvwg4u4vbew6t29,2019-08-29T18:29:44Z,"emo,pop punk","Reprise",0.291,0.976,2,-6.443,1,0.09,0.000162,0.00000829,0.359,0.276,112.225,4
spotify:track:3zN6kV9JWuQYVqXPtNvZku,"Ya Nada Queda","Vuelo","Kudai",2004-01-01,224000,65,false,pweb3m7uoyyvwg4u4vbew6t29,2019-08-29T20:09:19Z,"latin pop","EMI CHILE",0.543,0.651,5,-5.784,1,0.0283,0.0895,0,0.0418,0.6,150.059,4
spotify:track:51Ooyto6ba2pqKYoIasQEM,"Llévame","Sobrevive","Kudai",2006-01-01,224386,53,false,pweb3m7uoyyvwg4u4vbew6t29,2019-08-29T20:09:34Z,"latin pop","EMI CHILE",0.446,0.828,10,-4.003,1,0.0445,0.0292,0.00000587,0.163,0.156,179.987,4
spotify:track:10tS3AWz8aUWArbnxIrUL6,"Total Entertainment Forever","Pure Comedy","Father John Misty",2017-04-07,173893,0,false,pweb3m7uoyyvwg4u4vbew6t29,2019-08-30T03:21:38Z,"","Sub Pop Records",0.35,0.755,7,-5.905,0,0.053,0.188,0.00000873,0.151,0.519,158.478,4
spotify:track:1Ze0nMoP6PY90k4VjInW4T,"Feel The Love Go","Always Ascending","Franz Ferdinand",2018,286440,39,false,pweb3m7uoyyvwg4u4vbew6t29,2019-08-30T03:23:54Z,"indie rock","Domino Recording Co",0.527,0.699,10,-4.333,0,0.127,0.000548,0,0.135,0.528,114.289,4
spotify:track:3r8CxGP2IJVtF9hlnKhNNT,"Let Me Give The World To You - Adore Outtake","Adore (Super Deluxe)","The Smashing Pumpkins",1998,259680,33,false,pweb3m7uoyyvwg4u4vbew6t29,2019-08-30T03:24:47Z,"alternative rock,rock","SMASHING PUMPKINS - DEAL #2 PHYSICAL",0.501,0.842,3,-3.394,1,0.0433,0.0522,0.111,0.109,0.503,118.892,4
spotify:track:5QLHGv0DfpeXLNFo7SFEy1,"1979 - Remastered 2012","Mellon Collie And The Infinite Sadness (Deluxe Edition)","The Smashing Pumpkins",1995,266200,83,false,pweb3m7uoyyvwg4u4vbew6t29,2019-08-30T03:25:02Z,"alternative rock,rock","Virgin Records",0.767,0.787,3,-9.897,1,0.0331,0.0163,0.583,0.0513,0.964,126.879,4
spotify:track:4zvHZWOGyL7WcmqHOgtGCW,"Everytime","Roy Pablo","boy pablo",2017-05-19,172941,59,false,pweb3m7uoyyvwg4u4vbew6t29,2019-08-30T03:25:39Z,"bedroom pop","777 Music",0.431,0.663,2,-10.066,1,0.0351,0.0249,0.0397,0.117,0.855,203.908,4
spotify:track:5maosvba9QkQP14u6vtxog,"Montreal","Elliot - EP","Roosevelt",2013-08-19,236335,0,false,pweb3m7uoyyvwg4u4vbew6t29,2019-08-30T03:26:09Z,"nu disco","Greco-Roman",0.669,0.642,5,-9.004,1,0.0515,0.00221,0.834,0.203,0.838,115.973,4
spotify:track:2cGxRwrMyEAp8dEbuZaVv6,"Instant Crush (feat. Julian Casablancas)","Random Access Memories","Daft Punk;Julian Casablancas",2013-05-20,337560,79,false,pweb3m7uoyyvwg4u4vbew6t29,2019-08-30T03:26:34Z,"french house,electronic,electro","Columbia",0.775,0.585,10,-9.516,0,0.0271,0.0422,0.619,0.077,0.518,109.942,4
spotify:track:0oayy8OHHzuT1URyldeu9P,"I Know","It's Only Time","Drake Bell",2006-01-01,225266,56,false,pweb3m7uoyyvwg4u4vbew6t29,2019-08-30T03:26:51Z,"","Motown",0.54,0.731,7,-5.623,1,0.039,0.00511,0,0.103,0.444,77.483,4
spotify:track:3i1iXcehHsOJVUuXxqRtFD,"Down We Fall","Drake & Josh: Songs From & Inspired By The Hit TV Series","Drake Bell",2005-03-08,361080,16,false,pweb3m7uoyyvwg4u4vbew6t29,2019-08-30T03:27:32Z,"","Nick Records",0.438,0.663,3,-6.013,1,0.0366,0.00616,0.00000721,0.105,0.353,139.953,4
spotify:track:36AF54h53XJzrtNVhYKShU,"All That Love Is","All That Love Is","halfnoise",2018-04-05,210782,20,false,pweb3m7uoyyvwg4u4vbew6t29,2019-08-30T03:28:49Z,"","Congrats",0.606,0.957,4,-5.443,0,0.036,0.000299,0.0282,0.392,0.865,114.996,4
spotify:track:7m9OqQk4RVRkw9JJdeAw96,"Jocelyn Flores","17","XXXTENTACION",2017-08-25,119133,79,true,pweb3m7uoyyvwg4u4vbew6t29,2019-08-30T03:29:55Z,"emo rap","Bad Vibes Forever / EMPIRE",0.872,0.391,0,-9.144,0,0.242,0.469,0.00000413,0.297,0.437,134.021,4
spotify:track:2LskIZrCeLxRvCiGP8gxlh,"Arms Around You (feat. Maluma & Swae Lee)","Arms Around You (feat. Maluma & Swae Lee)","XXXTENTACION;Lil Pump;Swae Lee;Maluma",2018-10-25,198902,70,true,pweb3m7uoyyvwg4u4vbew6t29,2019-08-30T03:30:17Z,"emo rap,reggaeton,latin,urbano latino","Warner Records",0.703,0.723,9,-5.45,0,0.0412,0.0302,0.00000206,0.126,0.288,104.969,4
spotify:track:4vaxvNDaLSoD36iZX515ug,"Betrayed","TOTAL XANARCHY","Lil Xan",2018-04-06,187173,9,true,pweb3m7uoyyvwg4u4vbew6t29,2019-08-30T03:30:37Z,"cloud rap","Columbia",0.821,0.434,10,-9.194,0,0.118,0.434,0,0.128,0.241,120.012,4
spotify:track:1EZypwk0xcj64ZLAglhLs2,"La Cosa Mas Bella","Donde Hay Música (Spanish Version)","Eros Ramazzotti",1996-05-01,265626,74,false,pweb3m7uoyyvwg4u4vbew6t29,2019-08-30T03:48:50Z,"","DDD",0.708,0.752,8,-6.68,1,0.026,0.0813,0,0.204,0.599,110.001,4
spotify:track:2cSXotAohYx0EWCNljCzs7,"Otra Como Tu","Todo Historias","Eros Ramazzotti",1993-01-01,281226,76,false,pweb3m7uoyyvwg4u4vbew6t29,2019-08-30T03:49:03Z,"","RCA Records Label",0.531,0.577,1,-9.363,1,0.0315,0.117,0.0000125,0.0896,0.498,177.67,4
spotify:track:3y1TnwudmpeWSUeco6UzJs,"Cuanto Amor Me Das","Eros","Eros Ramazzotti",1997-10-01,257000,48,false,pweb3m7uoyyvwg4u4vbew6t29,2019-08-30T03:49:36Z,"","Ricordi",0.789,0.653,1,-7.211,1,0.0267,0.0999,0.000101,0.0981,0.717,112.025,4
spotify:track:14ny3vlL25p6Vix2Sb8k1b,"Do It All The Time","Do It All The Time","I DONT KNOW HOW BUT THEY FOUND ME",2018-08-24,167803,62,false,pweb3m7uoyyvwg4u4vbew6t29,2019-08-30T14:22:21Z,"","Fearless Records",0.795,0.597,11,-6.395,0,0.0327,0.106,0,0.113,0.849,110.014,4
spotify:track:4X4eypK7U3nCtOegosnciD,"Mi Historia Entre Tus Dedos","Destino Paraiso","Gianluca Grignani",1995-01-01,310400,1,false,pweb3m7uoyyvwg4u4vbew6t29,2019-09-02T12:23:10Z,"rock en español,italian singer-songwriter","Universal Music Italia srL.",0.628,0.506,0,-6.835,1,0.0387,0.426,0,0.069,0.482,157.784,4
spotify:track:2lVLgsRENLhr7lCq88udyX,"Forget It","We Are Not Alone","Breaking Benjamin",2004-01-01,216986,55,false,pweb3m7uoyyvwg4u4vbew6t29,2019-09-02T12:27:10Z,"alternative metal,post-grunge,rock","Hollywood Records",0.625,0.682,8,-6.845,1,0.034,0.0308,0.00606,0.108,0.321,119.972,4
spotify:track:2HXVVYq3x9W4owekWRPnsv,"Forever","Saturate","Breaking Benjamin",2002-01-01,234613,43,false,pweb3m7uoyyvwg4u4vbew6t29,2019-09-02T12:27:24Z,"alternative metal,post-grunge,rock","Hollywood Records",0.581,0.567,8,-7.076,1,0.0244,0.0182,0.0901,0.117,0.335,107.988,4
spotify:track:3YNkyMBmgxqqyVypQPweIS,"Who Do You Trust?","Who Do You Trust?","Papa Roach",2019-01-18,196863,0,false,pweb3m7uoyyvwg4u4vbew6t29,2019-09-02T13:17:44Z,"nu metal,rap metal,alternative metal,rap rock,rock","Eleven Seven Music",0.582,0.936,2,-3.427,1,0.0382,0.0482,0.00000913,0.341,0.372,102.019,4
spotify:track:3E7ZwUMJFqpsDOJzEkBrQ7,"Can't Get You out of My Head","Fever","Kylie Minogue",2002-11-19,230640,87,false,pweb3m7uoyyvwg4u4vbew6t29,2019-09-02T13:18:19Z,"dance pop","Parlophone UK",0.766,0.563,9,-7.516,0,0.0339,0.0263,0.683,0.115,0.964,126.007,4
spotify:track:7wLeHuZc4x7CJXawLrJQiX,"De todo el mundo","Las Consecuencias","Bunbury",2010,298613,0,false,pweb3m7uoyyvwg4u4vbew6t29,2019-09-03T16:35:46Z,"rock en español,latin rock,mexican rock","Parlophone Spain",0.483,0.403,9,-10.378,1,0.0361,0.726,0.0115,0.166,0.266,140.278,3
spotify:track:0rCxrlZhWzLy5ULIEDL3zs,"Aunque no sea conmigo - 2018 Remaster","Canciones 1987-2017 (2018 Remaster)","Bunbury",2018-11-16,208893,71,false,pweb3m7uoyyvwg4u4vbew6t29,2019-09-03T18:35:42Z,"rock en español,latin rock,mexican rock","WM Spain",0.741,0.453,4,-7.69,0,0.0564,0.658,0,0.0757,0.389,86.945,4
spotify:track:4h7KTxO9eS389M2qG3jm6O,"Coma White","Mechanical Animals","Marilyn Manson",1998-09-14,338200,61,true,pweb3m7uoyyvwg4u4vbew6t29,2019-09-04T13:08:45Z,"industrial metal,industrial rock,industrial,metal,nu metal","Interscope",0.347,0.741,9,-7.937,0,0.0324,0.00000673,0.115,0.267,0.0994,159.918,4
spotify:track:0jmKzJmUEKNbC7eU8YfOiA,"Mayonaise - 2011 Remaster","Siamese Dream (Deluxe Edition)","The Smashing Pumpkins",1993,348773,72,false,pweb3m7uoyyvwg4u4vbew6t29,2019-09-05T12:07:55Z,"alternative rock,rock","Virgin Records",0.482,0.528,10,-10.426,1,0.0272,0.000107,0.543,0.0839,0.0882,146.043,4
spotify:track:19vKCrIP1DEw2dzFH8etHx,"Infinite Sadness - Siamese Outtake","Aeroplane Flies High (Deluxe Edition)","The Smashing Pumpkins",2013-01-01,226200,24,false,pweb3m7uoyyvwg4u4vbew6t29,2019-09-05T12:10:11Z,"alternative rock,rock","SMASHING PUMPKINS - DEAL #1 DIGITAL",0.316,0.578,2,-7.864,1,0.0303,0.00000573,0.833,0.151,0.439,149.272,4
spotify:track:5AXWD6wDXMO96tRwdfGOZo,"Immortal","Hide from the Sun (Bonus Track Version)","The Rasmus",2005-04-26,299080,0,false,pweb3m7uoyyvwg4u4vbew6t29,2019-09-05T12:11:34Z,"finnish rock","Playground Music",0.431,0.873,7,-5.822,0,0.0591,0.00551,0.0000013,0.358,0.491,157.911,4
spotify:track:1GErReAT0swX36x3O8GyQn,"To the End","Three Cheers for Sweet Revenge","My Chemical Romance",2004-06-08,181026,67,false,pweb3m7uoyyvwg4u4vbew6t29,2019-09-05T12:12:21Z,"emo,pop punk","Reprise",0.372,0.975,10,-3.949,1,0.075,0.000133,0.00000429,0.351,0.467,162.967,4
spotify:track:4UtCwU4hunizpCqw3vOWMw,"In This Together","You And Me Against The World","Apoptygma Berzerk",2005,266906,37,false,pweb3m7uoyyvwg4u4vbew6t29,2019-09-05T12:46:13Z,"ebm,industrial,synthpop,darkwave,industrial rock","Pitch Black Drive Productions",0.492,0.894,5,-5.975,0,0.0482,0.00061,0.0047,0.33,0.353,120.044,4
spotify:track:1kSuIuoBOPbLXTIhFwTTfJ,"Back On Track","You And Me Against The World","Apoptygma Berzerk;Anneli Drecker",2005,217786,20,false,pweb3m7uoyyvwg4u4vbew6t29,2019-09-05T12:46:19Z,"ebm,industrial,synthpop,darkwave,industrial rock,norwegian pop,norsk rock","Pitch Black Drive Productions",0.536,0.816,11,-5.804,1,0.0312,0.0000657,0.0362,0.129,0.11,129.05,4
spotify:track:0JWnqFLENqVGs4yNss52gy,"Celo","Fantasmas","Willie Colón",2016,241512,41,false,pweb3m7uoyyvwg4u4vbew6t29,2019-09-13T03:31:00Z,"salsa,merengue,son cubano","Willie Colon",0.656,0.566,5,-7.757,1,0.0321,0.385,0.00000628,0.259,0.441,114.229,4
spotify:track:0cG5FL1bWUhhZTCaiRQVsg,"Sin Poderte Hablar","Greatest Hits","Willie Colón",2008-02-26,324000,62,false,pweb3m7uoyyvwg4u4vbew6t29,2019-09-13T03:31:13Z,"salsa,merengue,son cubano","Fania",0.413,0.691,5,-5.763,0,0.0502,0.137,0,0.583,0.581,102.063,4
spotify:track:7HbmkNTRsA8WI4aHc6yPQY,"Mujer Divina","Greatest Hits","Joe Cuba Sextet",2008-12-31,295080,54,false,pweb3m7uoyyvwg4u4vbew6t29,2019-09-13T03:31:25Z,"salsa,cha cha cha,son cubano,latin jazz,bolero,mambo","Fania",0.673,0.498,5,-6.434,0,0.0477,0.771,0.000173,0.0749,0.631,99.291,4
spotify:track:56k2ztFw7hQRzDeoe80pJo,"Kiss The Go-Goat","Seven Inches Of Satanic Panic","Ghost",2019-09-13,195693,1,false,pweb3m7uoyyvwg4u4vbew6t29,2019-09-13T05:18:49Z,"metal,hard rock","Loma Vista Recordings",0.469,0.851,10,-4.147,1,0.0547,0.000213,0.00000786,0.154,0.549,130.053,4
spotify:track:12PHZ4pgRdRJdyiS5jmRKv,"First Day of My Life","Dead Letters","The Rasmus",2003-03-24,224693,52,false,pweb3m7uoyyvwg4u4vbew6t29,2019-09-13T13:37:09Z,"finnish rock","Playground Music",0.599,0.779,1,-3.988,0,0.0358,0.0016,0,0.275,0.444,106.073,4
spotify:track:4aK3SnJP3svAt6jP0dB7nt,"Dogs Unleashed","Humanoid (Deluxe)","Tokio Hotel",2009-01-01,221720,42,false,pweb3m7uoyyvwg4u4vbew6t29,2019-09-13T13:38:43Z,"","Island Records",0.51,0.959,5,-4.456,0,0.0746,0.00074,0,0.641,0.409,123.014,4
spotify:track:0cp2qZ78jI9scdJhU6ZlVR,"Love Who Loves You Back","Kings Of Suburbia (Deluxe)","Tokio Hotel",2014-10-06,230213,36,false,pweb3m7uoyyvwg4u4vbew6t29,2019-09-13T13:39:31Z,"","De-Code LTD",0.603,0.869,1,-3.834,1,0.0459,0.000548,0,0.147,0.586,107.99,4
spotify:track:2qpRdV5bFpZ3kypQZw2uK4,"Elysa","Dream Machine","Tokio Hotel",2017-03-03,268301,25,false,pweb3m7uoyyvwg4u4vbew6t29,2019-09-13T13:39:43Z,"","Believe digital",0.48,0.399,5,-8.441,0,0.0316,0.0659,0.000109,0.214,0.0787,113.408,4
spotify:track:6ftDBjdHDzHg76h5CR4w30,"One Headlight","Bringing Down The Horse","The Wallflowers",1996-01-01,312240,0,false,pweb3m7uoyyvwg4u4vbew6t29,2019-09-13T15:56:01Z,"","Interscope",0.701,0.547,2,-8.977,1,0.0276,0.000627,0.00536,0.0585,0.739,107.529,4
spotify:track:6b2oQwSGFkzsMtQruIWm2p,"Creep","Pablo Honey","Radiohead",1993-02-22,238640,7,true,pweb3m7uoyyvwg4u4vbew6t29,2019-09-16T15:40:52Z,"art rock,alternative rock","XL Recordings",0.515,0.43,7,-9.935,1,0.0369,0.0102,0.000141,0.129,0.104,91.841,4
spotify:track:3nW5v0Htr1ySk8czTJIA2V,"Better","Chinese Democracy","Guns N' Roses",2008-11-23,297226,60,false,pweb3m7uoyyvwg4u4vbew6t29,2019-09-16T16:09:29Z,"rock,glam metal,hard rock,classic rock","Geffen",0.563,0.784,1,-9.234,0,0.042,0.1,0.00219,0.895,0.387,98.011,4
spotify:track:1k3Y0fhjdYKjfPSacDJm0p,"Lo noto","Peligrosamente Juntos","Hombres G",2002,259079,59,false,pweb3m7uoyyvwg4u4vbew6t29,2019-09-16T16:21:02Z,"rock en español,latin rock,mexican rock","WM Spain",0.786,0.576,5,-7.383,1,0.0362,0.0742,0.000291,0.126,0.462,110.994,4
spotify:track:7LX2SR4DFCpZEXhSseAIV0,"747 (We Ran Out Of Time)","Isola","kent",1998-04-27,468666,11,false,pweb3m7uoyyvwg4u4vbew6t29,2019-09-16T16:29:25Z,"swedish pop","RCA Records Label",0.529,0.653,1,-9.188,1,0.0271,0.0000508,0.807,0.361,0.178,102.512,4
spotify:track:4DK3pOmJuIy5ffgIGv0n2S,"Paradise","Dark Matters","The Rasmus",2018-10-12,209972,42,false,pweb3m7uoyyvwg4u4vbew6t29,2019-09-16T21:21:57Z,"finnish rock","Playground Music",0.639,0.559,1,-9.569,1,0.0246,0.0119,0,0.284,0.469,92.972,4
spotify:track:2Uazys25ajXoRbnGaZrtvb,"In Your Own Time","Strangeland (Bonus Track Version)","Keane",2012-01-01,223800,8,false,pweb3m7uoyyvwg4u4vbew6t29,2019-09-18T21:07:54Z,"","Universal-Island Records Ltd.",0.507,0.748,8,-6.343,1,0.0362,0.0961,0,0.0795,0.215,123.92,4
spotify:track:72s8HAZjlpevciwAFhhhBk,"Every Breath You Take - My Songs Version","My Songs (Deluxe)","Sting",2019-05-24,256408,56,false,pweb3m7uoyyvwg4u4vbew6t29,2019-09-20T01:32:54Z,"soft rock","A&M/Interscope Records",0.789,0.584,6,-7.132,1,0.0491,0.436,0.0000265,0.0796,0.308,117.195,4
spotify:track:6qLDOAkr5F6gCm0vRHOnqv,"VDTA","SOLUS","Sara",2016-03-24,231933,12,true,pweb3m7uoyyvwg4u4vbew6t29,2019-09-20T02:09:27Z,"finnish rock,finnish pop,iskelmä","6162 Viihde Oy",0.566,0.759,4,-6.488,1,0.0337,0.302,0.0245,0.11,0.721,159.989,4
spotify:track:4UzRgkkgKbtnPbz3hBhyvS,"Chase The Night Away","Cause And Effect (Deluxe)","Keane",2019-09-20,243173,35,false,pweb3m7uoyyvwg4u4vbew6t29,2019-09-20T10:57:12Z,"","Universal-Island Records Ltd.",0.473,0.687,2,-8.186,1,0.0253,0.159,0,0.113,0.57,175.953,4
spotify:track:6JPCGPZTF6XDSGbSptqjnq,"Apple of My Eye","Are You Listening?","Dolores O'Riordan",2007-05-04,282466,0,false,pweb3m7uoyyvwg4u4vbew6t29,2019-09-24T14:54:01Z,"","Castle Communications",0.416,0.545,7,-6.648,1,0.0278,0.0296,0.000139,0.0982,0.549,170.345,4
spotify:track:2xWeyRqtjT6nhAOjIDWrrv,"Cuando No Estás","Bohemio","Andrés Calamaro",2014-04-22,204626,32,false,pweb3m7uoyyvwg4u4vbew6t29,2019-09-26T12:57:23Z,"argentine rock,rock en español,latin rock","Music Brokers",0.63,0.765,0,-4.655,1,0.0253,0.406,0.00000321,0.107,0.522,103.982,4
spotify:track:5EAeF5Zgor03GdQJYVSQ97,"Tantas Veces","Bohemio","Andrés Calamaro",2014-04-22,206720,15,false,pweb3m7uoyyvwg4u4vbew6t29,2019-09-26T13:02:57Z,"argentine rock,rock en español,latin rock","Music Brokers",0.562,0.54,0,-7.261,1,0.0264,0.581,0.0000198,0.111,0.482,79.022,4
spotify:track:3QFBZfOlE292YPUfFkpHEC,"Transito Lento","Cargar La Suerte","Andrés Calamaro",2018-11-02,194080,27,false,pweb3m7uoyyvwg4u4vbew6t29,2019-09-26T13:42:18Z,"argentine rock,rock en español,latin rock","Universal Music Spain S.L.",0.704,0.533,9,-6.94,0,0.0315,0.587,0.0000164,0.254,0.695,94.058,4
spotify:track:0jePqZlutXGa8xz6NNyKAy,"Loco","Alta Suciedad","Andrés Calamaro",1997,217373,69,false,pweb3m7uoyyvwg4u4vbew6t29,2019-09-26T19:29:55Z,"argentine rock,rock en español,latin rock","DRO/EastWest Spain",0.647,0.853,4,-7.075,0,0.0286,0.225,0.00505,0.261,0.781,108.698,4
spotify:track:6gc4LhCNFbbs6wQDgafu7b,"No Heart To Speak Of","NINE","blink-182",2019-09-20,220295,45,false,pweb3m7uoyyvwg4u4vbew6t29,2019-09-26T21:56:49Z,"pop punk,punk,skate punk,rock,emo","Columbia",0.537,0.783,7,-5.409,1,0.0529,0.000109,0.00000686,0.35,0.369,160.032,4
spotify:track:6KWcq5p0wsz97N3eoRUSH6,"I Really Wish I Hated You","NINE","blink-182",2019-09-20,191061,57,false,pweb3m7uoyyvwg4u4vbew6t29,2019-09-26T21:56:54Z,"pop punk,punk,skate punk,rock,emo","Columbia",0.615,0.81,1,-6.137,0,0.0506,0.0358,0,0.289,0.728,143.054,4
spotify:track:0MXkooAaLh7EiNMqD0vhED,"Disconnected","Strangeland (Deluxe Version)","Keane",2012-01-01,237893,43,false,pweb3m7uoyyvwg4u4vbew6t29,2019-09-27T04:45:13Z,"","Universal-Island Records Ltd.",0.327,0.737,2,-5.673,1,0.0325,0.0156,0,0.143,0.233,177.047,4
spotify:track:5uubYaMQvs2fJbEJrWw1MA,"Sail Away","Hide from the Sun (Bonus Track Version)","The Rasmus",2005-04-26,229066,0,false,pweb3m7uoyyvwg4u4vbew6t29,2019-09-27T04:45:15Z,"finnish rock","Playground Music",0.461,0.696,4,-5.985,0,0.0257,0.0157,0.00000135,0.148,0.359,82.903,4
spotify:track:6BWrIaoodtt7EX6kToWZw0,"Give Me A Sign","Dear Agony","Breaking Benjamin",2009-01-01,257693,64,false,pweb3m7uoyyvwg4u4vbew6t29,2019-09-27T04:45:20Z,"alternative metal,post-grunge,rock","Hollywood Records",0.196,0.85,6,-3.644,1,0.0531,0.00034,0.00000103,0.0799,0.4,156.725,4
spotify:track:0c3fJd2HRi6uHWgTljIae5,"Dear Agony","Dear Agony","Breaking Benjamin",2009-01-01,258253,70,false,pweb3m7uoyyvwg4u4vbew6t29,2019-09-27T04:45:37Z,"alternative metal,post-grunge,rock","Hollywood Records",0.358,0.75,3,-3.572,1,0.0414,0.0000849,0,0.113,0.218,125.103,4
spotify:track:5qExzy0M0gMLuzfCj2dUXm,"Saviour","Saviour","Thousand Thoughts",2019-09-27,230801,0,false,pweb3m7uoyyvwg4u4vbew6t29,2019-09-27T12:19:53Z,"","Marshall Records",0.392,0.871,2,-5.756,0,0.0473,0.0000164,0.0177,0.343,0.484,184.951,4
spotify:track:64gbzSMPloO2SNBTk3PG3h,"Hail To The Victor","AMERICA","Thirty Seconds To Mars",2018-04-06,201956,0,false,pweb3m7uoyyvwg4u4vbew6t29,2019-09-27T15:36:54Z,"","Thirty Seconds To Mars",0.57,0.723,0,-6.673,0,0.0386,0.00238,0.000144,0.2,0.44,145.001,4
spotify:track:4e3oXEEqfwlqE8DUFRJJWY,"Hurricane","This Is War (Deluxe)","Thirty Seconds To Mars",2010-01-01,372133,38,false,pweb3m7uoyyvwg4u4vbew6t29,2019-09-27T15:37:33Z,"","Virgin Records",0.534,0.747,10,-5.678,0,0.0443,0.041,0.00000574,0.261,0.278,124.971,4
spotify:track:6b9NzxGrLgueouFOAr5Jw3,"Sweetest Goodbye","Songs About Jane: 10th Anniversary Edition","Maroon 5",2002,270746,46,false,pweb3m7uoyyvwg4u4vbew6t29,2019-09-27T15:38:58Z,"pop","Interscope Records*",0.557,0.819,3,-5.985,0,0.0983,0.15,0,0.185,0.721,163.986,4
spotify:track:7EaCjmAALlGki1Kzq1AajA,"Nothing Lasts Forever","It Won't Be Soon Before Long. (MTV Bonus Version)","Maroon 5",2008-01-01,187920,25,false,pweb3m7uoyyvwg4u4vbew6t29,2019-09-27T15:40:03Z,"pop","Interscope Records*",0.595,0.762,4,-4.631,0,0.0304,0.347,0,0.0854,0.554,95.963,4
spotify:track:0Jli6hojT6aSBcFg4L2P5f,"I Don't Love You","The Black Parade / Living with Ghosts (The 10th Anniversary Edition)","My Chemical Romance",2016-09-23,238680,45,false,pweb3m7uoyyvwg4u4vbew6t29,2019-09-27T15:42:08Z,"emo,pop punk","Reprise",0.289,0.796,0,-4.22,1,0.0494,0.00837,0.0000261,0.202,0.33,169.835,4
spotify:track:0mGflNjgBa87lX70jUHxn0,"Breaking Bad Guy","Bad Guy in the Style of","Anthony Vincent",2019-07-25,281707,0,false,pweb3m7uoyyvwg4u4vbew6t29,2019-10-01T19:51:30Z,"","Ten Second Records",0.36,0.904,8,-6.697,1,0.0652,0.000861,0.00182,0.166,0.233,163.958,4
spotify:track:6yo6NgYgGP62ySQSqDu6ce,"When Love And Death Embrace","Greatest Lovesongs Vol. 666","HIM",2014-12-15,368034,0,false,pweb3m7uoyyvwg4u4vbew6t29,2019-10-02T19:17:03Z,"gothic metal,gothic rock,finnish rock","BMG Rights Management (US) LLC",0.319,0.718,7,-5.861,1,0.0369,0.000321,0.0000401,0.0431,0.166,160.469,4
spotify:track:737iZNR0GjdxYKjVTUsY8k,"Falling Down","Beautiful Sky","Reamonn",2003-01-01,318392,23,false,pweb3m7uoyyvwg4u4vbew6t29,2019-10-07T12:27:48Z,"","Virgin",0.536,0.48,2,-6.084,1,0.0296,0.00192,0.0112,0.303,0.252,73.985,4
spotify:track:2Et49kpeirx87RIqwJ9Hdj,"Life Is Beautiful 2017","Life Is Beautiful 2017","Sixx:A.M.",2017-08-21,270001,0,false,pweb3m7uoyyvwg4u4vbew6t29,2019-10-07T13:20:51Z,"","Eleven Seven Music",0.377,0.45,5,-10.028,1,0.0446,0.00839,0.000221,0.0905,0.107,157.719,4
spotify:track:0XaPN9mU1BgLJZhuCxzc6T,"You","Light Me Up","The Pretty Reckless",2010-01-01,212186,44,false,pweb3m7uoyyvwg4u4vbew6t29,2019-10-07T13:43:20Z,"","DAS Label / Interscope Records",0.161,0.543,6,-7.304,1,0.0284,0.196,0.0801,0.137,0.261,78.371,4
spotify:track:7vIdRrMklCkr8fwP6kvw3m,"Hear Me Now (feat. DIAMANTE)","Disobey","Bad Wolves;DIAMANTE",2018-05-11,219760,0,false,pweb3m7uoyyvwg4u4vbew6t29,2019-10-07T15:26:34Z,"metal","Eleven Seven Music",0.338,0.806,9,-7.417,0,0.0767,0.00343,0,0.144,0.278,160.821,4
spotify:track:56jkl1o43ZuQ7zIrniUOJ6,"Stigmatized","Camino Palmero","The Calling",2001,268266,59,false,pweb3m7uoyyvwg4u4vbew6t29,2019-10-07T17:13:43Z,"pop rock","RCA Records Label",0.482,0.65,1,-5.309,1,0.03,0.104,0,0.125,0.265,89.313,4
spotify:track:6Qyc6fS4DsZjB2mRW9DsQs,"Iris","Dizzy up the Girl","The Goo Goo Dolls",1998,289533,95,false,pweb3m7uoyyvwg4u4vbew6t29,2019-10-07T17:15:21Z,"","Warner Records",0.315,0.715,11,-8.072,0,0.0362,0.00125,0.00000797,0.0942,0.497,155.925,3
spotify:track:1i2BT8khCCaPqIxNhACQ6g,"Italo Disco","Yumeno Garden","Last Dinosaurs",2018-10-05,226303,0,false,pweb3m7uoyyvwg4u4vbew6t29,2019-10-09T16:36:43Z,"","Dew Process Services",0.577,0.797,5,-6.013,1,0.0246,0.0219,0.000485,0.207,0.798,105.017,4
spotify:track:6V5PuvLutv9HEt0lHAOJwe,"Memory Lane","Elevate","Superdiesel",2019-02-28,221296,2,false,pweb3m7uoyyvwg4u4vbew6t29,2019-10-15T12:40:06Z,"","1033518 Records DK2",0.576,0.914,9,-4.422,0,0.081,0.00074,0,0.0872,0.546,120.026,4
spotify:track:5NSM1m8EYLVSnkz8ZpaJlc,"Waterfalls","Elevate","Superdiesel",2019-02-28,303131,1,false,pweb3m7uoyyvwg4u4vbew6t29,2019-10-15T12:40:13Z,"","1033518 Records DK2",0.487,0.657,11,-8.313,0,0.0244,0.0221,0.000376,0.107,0.222,83.997,4
spotify:track:0zXHdFLJlSrj1d6dRcoUua,"Livin' in a World Without You","Black Roses","The Rasmus",2008-09-23,230213,59,false,pweb3m7uoyyvwg4u4vbew6t29,2019-10-15T15:20:15Z,"finnish rock","Playground Music",0.591,0.883,4,-5.051,0,0.0416,0.0066,0,0.467,0.429,100.972,4
spotify:track:0H2igpX2q1sQw4BD9nsSe7,"Phases","Cause And Effect (Deluxe)","Keane",2019-09-20,216760,43,false,pweb3m7uoyyvwg4u4vbew6t29,2019-10-15T15:20:50Z,"","Universal-Island Records Ltd.",0.481,0.663,11,-7.945,1,0.0278,0.00427,0.00000192,0.0632,0.701,181.923,4
spotify:track:4RAOI1etsgbh5NP3T5R8rN,"I Don't Love You","The Black Parade","My Chemical Romance",2006-10-20,238680,79,false,pweb3m7uoyyvwg4u4vbew6t29,2019-10-16T14:28:35Z,"emo,pop punk","Reprise",0.289,0.796,0,-4.22,1,0.0494,0.00837,0.0000261,0.202,0.33,169.835,4
spotify:track:0yac0FPhLRH9i9lOng3f81,"Everybody's Changing","Hopes And Fears","Keane",2004-05-10,215880,79,false,pweb3m7uoyyvwg4u4vbew6t29,2019-10-16T18:12:50Z,"","Universal-Island Records Ltd.",0.517,0.839,0,-3.521,1,0.0287,0.0014,0.000365,0.108,0.416,94.015,4
spotify:track:6maXBs9zUY48m1UNHgTeRC,"Major Minus","Mylo Xyloto","Coldplay",2011-10-24,210324,48,false,pweb3m7uoyyvwg4u4vbew6t29,2019-10-18T14:55:05Z,"","Parlophone UK",0.445,0.669,4,-5.232,0,0.0325,0.000236,0.796,0.606,0.398,115.416,4
spotify:track:0FMMUVySKOdwsvkuS66Ph9,"Amor Depredador","Babel: Special Edition","The Mills",2010-09-01,238600,0,false,pweb3m7uoyyvwg4u4vbew6t29,2019-10-22T16:38:23Z,"rock en español,colombian pop,latin rock","The Mills",0.424,0.647,2,-8.295,1,0.0346,0.0951,0.00000313,0.0923,0.158,160.077,4
spotify:track:3g2F8819S9LN6JN4LtaqDQ,"El Amor Duele","De Cierto","The Mills",2015-06-22,254533,0,false,pweb3m7uoyyvwg4u4vbew6t29,2019-10-22T18:32:12Z,"rock en español,colombian pop,latin rock","The Mills",0.507,0.804,2,-4.308,1,0.0303,0.0336,0.00000141,0.0942,0.42,159.99,4
spotify:track:4cZayurRHpF3qFlaZ6lvdv,"Adiós (O el Hombre Que Duda)","De Cierto","The Mills",2015-06-22,210360,0,false,pweb3m7uoyyvwg4u4vbew6t29,2019-10-22T19:09:31Z,"rock en español,colombian pop,latin rock","The Mills",0.476,0.729,0,-5.696,1,0.0286,0.122,0,0.0762,0.387,159.978,4
spotify:track:51SHHWOEjxJrEp07SNxow6,"Crazy","Still Not Getting Any...","Simple Plan",2004-10-25,216559,43,false,pweb3m7uoyyvwg4u4vbew6t29,2019-10-22T20:51:39Z,"pop punk,punk,emo","Atlantic Records",0.378,0.846,8,-3.187,1,0.0417,0.00147,0,0.0905,0.387,180.27,4
spotify:track:0gZp88SA5OcujHLDGkxtI3,"Only One","Ocean Avenue","Yellowcard",2003-01-01,257399,70,false,pweb3m7uoyyvwg4u4vbew6t29,2019-10-22T21:12:43Z,"pop punk,punk,emo","Capitol Records",0.477,0.907,1,-4.814,0,0.0899,0.00008,0.0000782,0.149,0.304,81.291,4
spotify:track:5zUGEcHoCl6HIFwHojvENv,"Intoxicated","Time to Rise","Cruskin",2018-03-02,189880,0,false,pweb3m7uoyyvwg4u4vbew6t29,2019-10-23T12:28:15Z,"","Cruskin",0.624,0.778,4,-3.712,0,0.0461,0.0558,0,0.409,0.417,97.509,4
spotify:track:3YTIiQHbxaCW0VvTGexosi,"Hey Lacey","For the Night to Control","Electric Century",2017-07-14,210506,16,false,pweb3m7uoyyvwg4u4vbew6t29,2019-10-23T12:43:44Z,"","Electric Century",0.631,0.856,8,-4.623,1,0.0356,0.0207,0.00171,0.0807,0.872,134.99,4
spotify:track:5qftsSFD6Qgndcx13SSqQj,"Lights - Single Version","Lights","Ellie Goulding",2011-01-01,211800,46,false,pweb3m7uoyyvwg4u4vbew6t29,2019-10-23T15:21:15Z,"","Polydor Records",0.683,0.788,8,-6.132,0,0.0354,0.0283,0.0469,0.112,0.809,120.019,4
spotify:track:6zfczP87XO2SxWlQtnjFNa,"The Look","The English Riviera","Metronomy",2011-04-11,277653,78,false,pweb3m7uoyyvwg4u4vbew6t29,2019-10-23T15:22:17Z,"new rave,alternative dance","Because Music Ltd.",0.638,0.535,9,-7.792,0,0.0415,0.623,0.0391,0.0837,0.504,84.947,4
spotify:track:5fIHnqwt4wwkbIwi88yOyJ,"Pale Horses","Wait for Me (Deluxe Edition)","Moby",2009-06-29,217080,0,false,pweb3m7uoyyvwg4u4vbew6t29,2019-10-23T15:22:54Z,"downtempo,trip hop","Mute, a BMG Company",0.463,0.597,2,-8.86,0,0.0296,0.104,0.493,0.158,0.4,93.058,4
spotify:track:6MmTICUGiQ0raoV9xqaKLn,"Stupid Things","Cause And Effect (Deluxe)","Keane",2019-09-20,229373,44,false,pweb3m7uoyyvwg4u4vbew6t29,2019-10-23T16:10:18Z,"","Universal-Island Records Ltd.",0.571,0.585,4,-8.26,1,0.115,0.306,0,0.175,0.618,81.045,4
spotify:track:75JFxkI2RXiU7L9VXzMkle,"The Scientist","A Rush of Blood to the Head","Coldplay",2002-08-27,309600,90,false,pweb3m7uoyyvwg4u4vbew6t29,2019-10-23T18:17:03Z,"","Parlophone Records Limited",0.557,0.442,5,-7.224,1,0.0243,0.731,0.0000146,0.11,0.213,146.277,4
spotify:track:77loZpT5Y5PRP1S451P9Yz,"The Reason","The Reason (15th Anniversary Deluxe)","Hoobastank",2003-12-09,232800,8,false,pweb3m7uoyyvwg4u4vbew6t29,2019-10-23T18:28:35Z,"nu metal","Island Def Jam",0.474,0.671,4,-4.649,1,0.0289,0.0129,0,0.159,0.0682,82.94,4
spotify:track:0lP4HYLmvowOKdsQ7CVkuq,"The Kill","A Beautiful Lie","Thirty Seconds To Mars",2005-08-16,231533,84,false,pweb3m7uoyyvwg4u4vbew6t29,2019-10-23T18:28:44Z,"","Virgin Records",0.179,0.912,4,-3.881,0,0.0791,0.0014,0.000294,0.582,0.289,182.99,3
spotify:track:11bD1JtSjlIgKgZG2134DZ,"Chasing Cars","Eyes Open","Snow Patrol",2006-01-01,267933,6,false,pweb3m7uoyyvwg4u4vbew6t29,2019-10-23T18:28:56Z,"","Polydor Records",0.563,0.592,9,-4.571,1,0.0276,0.209,0.0000508,0.132,0.136,104.016,4
spotify:track:3AJwUDP919kvQ9QcozQPxg,"Yellow","Parachutes","Coldplay",2000-07-10,266773,93,false,pweb3m7uoyyvwg4u4vbew6t29,2019-10-23T18:29:04Z,"","Parlophone UK",0.429,0.661,11,-7.227,1,0.0281,0.00239,0.000121,0.234,0.285,173.372,4
spotify:track:56jkl1o43ZuQ7zIrniUOJ6,"Stigmatized","Camino Palmero","The Calling",2001,268266,59,false,pweb3m7uoyyvwg4u4vbew6t29,2019-10-23T19:02:27Z,"pop rock","RCA Records Label",0.482,0.65,1,-5.309,1,0.03,0.104,0,0.125,0.265,89.313,4
spotify:track:1JBa9B1iA4yNVpJ5wVGrZH,"From Yesterday","A Beautiful Lie","Thirty Seconds To Mars",2005-08-16,247373,66,false,pweb3m7uoyyvwg4u4vbew6t29,2019-10-23T19:08:34Z,"","Virgin Records",0.468,0.876,10,-4.841,1,0.0692,0.00578,0.00625,0.035,0.13,135.062,4
spotify:track:0O02Ro1P0WdhCq7nbn7UIa,"Accidents Can Happen 2017","The Heroin Diaries Soundtrack: 10th Anniversary Edition","Sixx:A.M.",2017-10-27,252146,0,false,pweb3m7uoyyvwg4u4vbew6t29,2019-10-23T21:04:58Z,"","Eleven Seven Music",0.4,0.901,5,-6.186,1,0.0416,0.0000352,0.0045,0.0952,0.54,165.998,4
spotify:track:5KvWAfaxl7d4KBqfoMrtCM,"Girl With Golden Eyes 2017","The Heroin Diaries Soundtrack: 10th Anniversary Edition","Sixx:A.M.",2017-10-27,283921,0,false,pweb3m7uoyyvwg4u4vbew6t29,2019-10-23T21:14:47Z,"","Eleven Seven Music",0.557,0.142,2,-16.328,0,0.0296,0.472,0.000141,0.129,0.224,76.488,4
spotify:track:2w4GfSHsYh4tX2TP7Nob5A,"Donde Te Perdí","Multicolor","Motel",2010-11-09,260319,0,false,pweb3m7uoyyvwg4u4vbew6t29,2019-10-28T12:34:10Z,"rock en español,latin pop,mexican rock","Woah Dad!",0.592,0.533,2,-7.439,1,0.0258,0.318,0.0937,0.088,0.103,111.026,4
spotify:track:5johpJIVjqU2Ki03DOA7Jr,"About a Girl","Fast Times At Barrington High","The Academy Is...",2008-08-15,210333,59,false,pweb3m7uoyyvwg4u4vbew6t29,2019-10-28T12:39:38Z,"emo,pop punk","Decaydance/Fueled By Ramen/ATL",0.292,0.933,9,-4.371,1,0.064,0.000221,0.00000986,0.473,0.296,202.012,4
spotify:track:5nSDY75s6O6jA0K7J1EMYQ,"Pink Lemonade","Electric Light","James Bay",2018-05-18,252906,50,false,pweb3m7uoyyvwg4u4vbew6t29,2019-10-28T13:29:46Z,"","Mercury Records/Republic Owned",0.474,0.922,1,-2.548,0,0.0468,0.0000926,0.0196,0.748,0.699,152.013,4
spotify:track:7M3bbLTAsMllGowyL62Y6Q,"Si Me Dejan","Los Pájaros","Vicentico",2006-10-24,236293,10,false,pweb3m7uoyyvwg4u4vbew6t29,2019-10-31T14:41:16Z,"argentine rock,latin rock,rock en español","Ariola",0.736,0.47,9,-4.704,0,0.0506,0.514,0.00000148,0.118,0.782,141.931,4
spotify:track:2drEUEg0TYQR6dDEHkpuPE,"Patience","Patience","Tame Impala",2019-03-22,292267,68,false,pweb3m7uoyyvwg4u4vbew6t29,2019-11-08T12:39:34Z,"neo-psychedelic,indie","Universal Music Australia Pty. Ltd.",0.546,0.859,1,-5.966,1,0.0306,0.00223,0.000947,0.0529,0.645,99.965,4
spotify:track:6ADSaE87h8Y3lccZlBJdXH,"With Or Without You","The Joshua Tree (Super Deluxe)","U2",1987-03-03,295515,79,false,pweb3m7uoyyvwg4u4vbew6t29,2019-11-08T14:27:03Z,"rock","UMC (Universal Music Catalogue)",0.54,0.429,2,-11.822,1,0.0285,0.000202,0.355,0.141,0.113,110.171,4
spotify:track:1RNPUnAo02W89tgcZTnAho,"I Will Stay","Tear The World Down","We Are The Fallen",2010-01-01,247346,40,false,pweb3m7uoyyvwg4u4vbew6t29,2019-11-12T19:42:15Z,"gothic metal,symphonic metal,gothic rock","Universal Records",0.537,0.747,7,-3.366,1,0.0237,0.21,0.00279,0.107,0.336,152.004,4
spotify:track:7DUvn8S6N2pyjd72t4sQFo,"Arabesque","Everyday Life","Coldplay",2019-11-03,340280,23,true,pweb3m7uoyyvwg4u4vbew6t29,2019-11-14T15:29:06Z,"","Parlophone UK",0.401,0.834,7,-7.727,1,0.055,0.000114,0.849,0.373,0.163,172.009,4
spotify:track:5TU1cWjUGyVKjSnIIxRSEf,"Promise Me","OK, I'M SICK","Badflower",2019-02-22,229666,49,true,pweb3m7uoyyvwg4u4vbew6t29,2019-11-18T15:34:49Z,"post-grunge","Big Machine Records / John Varvatos Records",0.591,0.797,2,-4.675,0,0.0297,0.00462,0.0000013,0.137,0.351,104.014,4
spotify:track:01enyHIxGijVS56im5qZaH,"Mr. Invisible","Stranger Heads Prevail","Thank You Scientist",2016-07-29,455546,0,false,pweb3m7uoyyvwg4u4vbew6t29,2019-11-19T13:18:48Z,"progressive metal,progressive rock,math rock,djent,jazz fusion","Evil Ink Records",0.492,0.921,1,-2.99,1,0.0806,0.0106,0.00113,0.0676,0.545,123.521,4
spotify:track:71kPCJn60OsecC64D3qvHP,"Ready To Love","Ready To Love","Emarosa",2019-11-18,202862,0,false,pweb3m7uoyyvwg4u4vbew6t29,2019-11-19T20:49:32Z,"post-hardcore,screamo","Hopeless Records",0.3,0.752,5,-2.645,0,0.0407,0.0506,0.00726,0.232,0.388,155.221,3
spotify:track:26lfnS7xwiiu7q0MgSGORg,"Smoke It Up","Smoke It Up","Drake Bell",2019-02-16,177841,0,true,pweb3m7uoyyvwg4u4vbew6t29,2019-11-26T20:36:19Z,"","dB Records",0.736,0.604,7,-6.883,1,0.0363,0.45,0,0.0673,0.775,81.007,4
spotify:track:44AyOl4qVkzS48vBsbNXaC,"Can't Help Falling in Love","Blue Hawaii","Elvis Presley",1961-10-20,185877,84,false,pweb3m7uoyyvwg4u4vbew6t29,2019-11-27T19:36:16Z,"rockabilly,rock and roll","RCA/Legacy",0.396,0.293,2,-14.062,1,0.0275,0.941,0.000196,0.105,0.343,100.307,3
spotify:track:1Lhwn4PqeGpM4LTVUowW76,"You Rock My World","Invincible","Michael Jackson",2001-10-29,338946,88,false,pweb3m7uoyyvwg4u4vbew6t29,2019-11-28T15:34:08Z,"","Epic",0.854,0.673,4,-3.132,0,0.185,0.038,0.000227,0.255,0.955,95,4
spotify:track:1H5IfYyIIAlgDX8zguUzns,"Suspicious Minds","From Elvis in Memphis","Elvis Presley",1969-06-17,263135,79,false,pweb3m7uoyyvwg4u4vbew6t29,2019-11-29T13:40:52Z,"rockabilly,rock and roll","RCA/Legacy",0.487,0.382,7,-10.889,1,0.0309,0.0422,0.00000474,0.411,0.714,116.557,4
spotify:track:4pYZOwDML9B6xmmM0aiWOo,"MIA","MIA","Drake Bell",2019-11-16,204878,19,false,pweb3m7uoyyvwg4u4vbew6t29,2019-12-03T18:49:08Z,"","dB Records",0.665,0.693,11,-6.071,0,0.127,0.113,0,0.263,0.579,149.912,4
spotify:track:3LiDskEngRMFtzEzKrVfZp,"Black Hole","The Goat","Puppy",2019-01-25,215120,0,false,pweb3m7uoyyvwg4u4vbew6t29,2019-12-06T19:43:07Z,"","Spinefarm Records UK",0.532,0.872,7,-3.784,1,0.049,0.000634,0.00000431,0.0696,0.446,97.001,4
spotify:track:3r8Liy6gKjFDp8UVP98LMS,"Nightwalker","The Goat","Puppy",2019-01-25,216200,0,false,pweb3m7uoyyvwg4u4vbew6t29,2019-12-06T20:14:18Z,"","Spinefarm Records UK",0.471,0.787,5,-3.454,1,0.037,0.0000861,0.00000556,0.101,0.534,117.019,4
spotify:track:3vkr4ORiiPXud4LH1wqmT8,"Sabrás - Acústico","Al Natural","Herencia de Timbiqui",2018-05-29,244527,0,false,pweb3m7uoyyvwg4u4vbew6t29,2020-02-14T15:37:38Z,"colombian pop,salsa","Codiscos",0.763,0.715,4,-6.145,0,0.0422,0.738,0,0.0984,0.91,151.948,4
spotify:track:5GIWP2q6p92lFA10KUuL0z,"The Drug In Me Is Reimagined","The Drug In Me Is Reimagined","Falling In Reverse",2020-02-13,340071,62,true,pweb3m7uoyyvwg4u4vbew6t29,2020-02-14T16:04:46Z,"emo,rap metal","Epitaph",0.498,0.401,0,-7.168,0,0.0287,0.666,0,0.12,0.114,99.721,4
spotify:track:5c1QJAiC3773EwiZLwHf5x,"Again","Again","Lenny Kravitz",2000-01-01,231666,75,false,pweb3m7uoyyvwg4u4vbew6t29,2020-02-14T16:05:27Z,"","Virgin",0.55,0.804,2,-5.218,1,0.0271,0.0148,0.0000433,0.105,0.789,79.166,4
spotify:track:2HoIaKn3FhZx1DZzskPYxu,"One Way to Love - John Fryer Mix","One Way to Love","616",2019-04-09,228506,16,false,pweb3m7uoyyvwg4u4vbew6t29,2020-02-17T12:59:54Z,"gothic rock,gothic metal","Trident Music Group",0.486,0.931,8,-3.931,1,0.0641,0.00271,0.149,0.281,0.62,138.004,4
spotify:track:1YtZ6sHC4TalQbK4c37bqJ,"Muñeca de Trapo","Guapa","La Oreja de Van Gogh",2007-04-09,233986,64,false,pweb3m7uoyyvwg4u4vbew6t29,2020-02-17T21:25:15Z,"latin pop","Columbia",0.561,0.777,7,-3.285,0,0.0297,0.0524,0.0000941,0.108,0.36,94.975,4
spotify:track:35MDyhjpeXj24xtl7geW5p,"Los Amantes del Círculo Polar","El Viaje de Copperpot","La Oreja de Van Gogh",2000-09-07,280733,42,false,pweb3m7uoyyvwg4u4vbew6t29,2020-02-17T21:25:24Z,"latin pop","Epic",0.248,0.575,10,-8.431,1,0.0305,0.045,0.00358,0.0725,0.273,175.005,3
spotify:track:3R0MIX8mB1ay8a9vgxYc5s,"This Skin","Straitjacket","Stitched Up Heart",2020-02-14,158333,0,false,pweb3m7uoyyvwg4u4vbew6t29,2020-02-17T22:15:10Z,"","Another Century",0.477,0.97,7,-3.166,1,0.0602,0.000162,0,0.265,0.306,92.42,4
spotify:track:4vXFVQSl5pZ8jfDOXC5vhK,"Darkness","Straitjacket","Stitched Up Heart",2020-02-14,212200,0,false,pweb3m7uoyyvwg4u4vbew6t29,2020-02-18T12:07:04Z,"","Another Century",0.428,0.933,8,-4.107,1,0.0844,0.000506,0,0.152,0.178,95.02,4
spotify:track:5UuidhfQCHwPV1Fg3AWQ2S,"Cotillions","Cotillions","William Patrick Corgan",2019-11-22,308426,0,false,pweb3m7uoyyvwg4u4vbew6t29,2020-02-18T12:57:02Z,"","Martha's Music, LLC",0.446,0.294,2,-10.053,0,0.0274,0.904,0.0117,0.0976,0.0721,138.173,4
spotify:track:0CGX5NWTfN7zmH7ZnqQIcm,"World Behind My Wall","Humanoid (Deluxe English Version)","Tokio Hotel",2009-01-01,255773,0,false,pweb3m7uoyyvwg4u4vbew6t29,2020-02-18T15:07:37Z,"","Island Records",0.482,0.71,0,-3.682,1,0.0262,0.00569,0,0.168,0.203,95.003,4
spotify:track:4wzjNqjKAKDU82e8uMhzmr,"Face Down","Don't You Fake It","The Red Jumpsuit Apparatus",2006-01-01,192000,80,false,pweb3m7uoyyvwg4u4vbew6t29,2020-02-18T15:08:16Z,"pop punk,emo","Virgin Records",0.545,0.932,7,-2.189,0,0.0399,0.000665,0,0.127,0.464,92.956,4
spotify:track:3oOO9PWp1izU4AxZ4SWqzH,"Breathing","No Name Face","Lifehouse",2000-01-01,265400,47,false,pweb3m7uoyyvwg4u4vbew6t29,2020-02-18T15:09:21Z,"post-grunge","DreamWorks",0.499,0.82,2,-6.163,0,0.0301,0.0495,0,0.345,0.593,144.949,4
spotify:track:3SKnUwi24xx1z32SSI8nHm,"Run, Run, Run","Kings Of Suburbia","Tokio Hotel",2014-10-03,205893,37,false,pweb3m7uoyyvwg4u4vbew6t29,2020-02-18T15:09:37Z,"","Island Records",0.399,0.263,0,-8.119,0,0.0337,0.864,0.00000219,0.122,0.16,129.003,3
spotify:track:3iT4vWUWxqsn4hFTkEaJCi,"Jenny","Modern Minds and Pastimes (U.S. Version)","The Click Five",2007-06-26,202360,62,false,pweb3m7uoyyvwg4u4vbew6t29,2020-02-18T15:17:27Z,"","Lava/Atlantic",0.546,0.832,1,-2.679,1,0.0247,0.000316,0,0.177,0.633,96.019,4
spotify:track:1BpKRlkvDwm9p3jMipq33N,"Empty","Modern Minds and Pastimes (U.S. Version)","The Click Five",2007-06-26,241253,55,false,pweb3m7uoyyvwg4u4vbew6t29,2020-02-18T15:47:07Z,"","Lava/Atlantic",0.459,0.418,4,-5.559,1,0.0255,0.0859,0.00000328,0.0889,0.101,82.083,4
spotify:track:39qYD4J4BKvZMQgxfXl5bv,"Eye In The Sky","Eye In The Sky (Expanded Edition)","The Alan Parsons Project",1982,276280,57,false,pweb3m7uoyyvwg4u4vbew6t29,2020-02-18T18:24:55Z,"progressive rock,classic rock","Arista/Legacy",0.823,0.417,2,-12.643,1,0.032,0.562,0.00098,0.0765,0.522,111.928,4
spotify:track:5rlTdsvAZUylyWypFQFc5i,"Hate Me","Foiled For The Last Time","Blue October",2007-01-01,380053,0,false,pweb3m7uoyyvwg4u4vbew6t29,2020-02-19T19:47:06Z,"","Motown",0.458,0.684,4,-5.664,0,0.0335,0.506,0,0.0947,0.198,92.648,4
spotify:track:6rAAxTJsJ8o0tSnjLLUIIa,"Sway","Sway","Blue October",2013-08-20,287426,43,true,pweb3m7uoyyvwg4u4vbew6t29,2020-02-19T19:47:24Z,"","Up Down Records",0.615,0.882,1,-5.655,1,0.0321,0.0215,0.156,0.0862,0.612,91.989,4
spotify:track:5m3ayVPc7sUxh2KZqP9MxI,"The Scarlet - Single Version","The Scarlet","Diamond Black",2019-07-05,239805,0,false,pweb3m7uoyyvwg4u4vbew6t29,2020-02-20T13:14:31Z,"","Livewire / Diamond Black",0.425,0.91,9,-3.585,0,0.0548,0.000579,0.00137,0.185,0.353,94.971,4
spotify:track:4uzKNVMTj3fxcsjG806Adf,"Annabelle","Annabelle","Creeper",2020-01-19,228786,21,false,pweb3m7uoyyvwg4u4vbew6t29,2020-02-20T14:12:53Z,"horror punk","Roadrunner Records",0.454,0.915,5,-3.207,1,0.0492,0.00000795,0.0581,0.103,0.704,127.002,4
spotify:track:2nB53KviuMQjqF9ErvSyZ0,"I Will Fail You","Extremist","Demon Hunter",2014-03-18,284040,0,false,pweb3m7uoyyvwg4u4vbew6t29,2020-02-20T14:27:21Z,"christian rock,metal,metalcore","Solid State Records",0.424,0.714,6,-5.67,0,0.0311,0.00857,0.00449,0.336,0.278,146.042,4
spotify:track:2eZjO58Qe9og2xmyfw4qwJ,"Ludens","Ludens","Bring Me The Horizon;Death Stranding: Timefall",2019-11-06,280151,52,false,pweb3m7uoyyvwg4u4vbew6t29,2020-02-20T14:46:24Z,"metalcore,emo,rock,screamo,metal","RCA Records Label",0.295,0.679,1,-6.182,1,0.15,0.000551,0.0000544,0.165,0.381,197.964,3
spotify:track:55whbebR4olz2HHcRQa2kx,"Sorry","Confessions on a Dance Floor","Madonna",2005-11-11,281880,73,false,pweb3m7uoyyvwg4u4vbew6t29,2020-02-20T19:15:45Z,"","Warner Records",0.589,0.877,0,-6.229,0,0.046,0.00121,0.013,0.169,0.443,132.971,4
spotify:track:1SKPmfSYaPsETbRHaiA18G,"Somewhere Only We Know","Hopes And Fears","Keane",2004-05-10,237146,89,false,pweb3m7uoyyvwg4u4vbew6t29,2020-02-21T14:42:32Z,"","Universal-Island Records Ltd.",0.448,0.665,9,-4.203,1,0.026,0.06,0.0000255,0.0828,0.304,172.004,4
spotify:track:0CsngWR4MiYHiDbBebVxql,"Ambrosia","On Frail Wings Of Vanity And Wax","Alesana",2007-03-20,185333,52,false,pweb3m7uoyyvwg4u4vbew6t29,2020-02-24T14:23:43Z,"post-hardcore,screamo,emo,metalcore","Fearless Records",0.275,0.984,7,-4.328,0,0.0601,0.0000376,0.482,0.112,0.319,119.376,4
spotify:track:0qtvp4XK1kSNBl1bjNoex2,"A Forbidden Dance","A Place Where The Sun Is Silent (Deluxe Edition)","Alesana",2011-10-18,233026,30,false,pweb3m7uoyyvwg4u4vbew6t29,2020-02-24T20:52:59Z,"post-hardcore,screamo,emo,metalcore","Epitaph",0.268,0.91,10,-4.327,0,0.0662,0.00062,0.00248,0.95,0.368,141.904,4
spotify:track:05BRMmqApBaBjxQlxTeD7p,"Lullaby Of The Crucified","A Place Where The Sun Is Silent (Deluxe Edition)","Alesana",2011-10-18,287880,37,false,pweb3m7uoyyvwg4u4vbew6t29,2020-02-24T21:33:59Z,"post-hardcore,screamo,emo,metalcore","Epitaph",0.323,0.876,2,-4.788,0,0.0567,0.016,0.1,0.198,0.223,95.004,4
spotify:track:12vzvM1zV3sqpgoe6hKF0O,"The Dark Wood Of Error","A Place Where The Sun Is Silent (Deluxe Edition)","Alesana",2011-10-18,133213,25,false,pweb3m7uoyyvwg4u4vbew6t29,2020-02-25T14:50:17Z,"post-hardcore,screamo,emo,metalcore","Epitaph",0.552,0.39,5,-17.199,1,0.0613,0.873,0.000737,0.652,0.633,82.517,4
spotify:track:5X9q6hAUiMBp4mSWh6UJAT,"Hombre de acción","Hombre de acción","Bunbury",2020-02-19,257328,27,false,pweb3m7uoyyvwg4u4vbew6t29,2020-02-26T12:28:36Z,"rock en español,latin rock,mexican rock","WM Spain",0.583,0.8,6,-7.167,0,0.0397,0.231,0.000901,0.134,0.414,140.007,4
spotify:track:4Dzp2iWHglbD3W2E0dzM0c,"Violet Roses - Remastered","Dark & Sweet (Remasters)","FloVeR",2017-03-05,256500,10,false,pweb3m7uoyyvwg4u4vbew6t29,2020-02-26T12:56:44Z,"gothic metal,gothic rock","Flover",0.545,0.747,0,-6.952,1,0.0322,0.0756,0.0104,0.108,0.0693,120.016,4
spotify:track:6AHSrgzWFNpfiOMQIuHJwx,"Kaikki mitä mä annoin","Uniklubi - Parhaat","Uniklubi",2010-01-01,200253,0,false,pweb3m7uoyyvwg4u4vbew6t29,2020-02-26T18:59:16Z,"finnish rock,finnish pop,iskelmä","Universal Music Oy",0.45,0.836,5,-5.767,1,0.0508,0.0145,0,0.149,0.417,154.868,3
spotify:track:27tFFwhTsGldQNbs6j05jj,"Laavaa","Tulennielijä","Uniklubi",2018-04-13,235772,4,false,pweb3m7uoyyvwg4u4vbew6t29,2020-02-27T16:37:06Z,"finnish rock,finnish pop,iskelmä","Playground Music Finland",0.509,0.81,2,-4.712,1,0.0341,0.000853,0,0.261,0.65,138.91,4
spotify:track:5l3W66TDufGaj6lfSA5LRZ,"Dear Agony - Aurora Version","Aurora","Breaking Benjamin;Lacey Sturm",2020-01-24,255661,54,false,pweb3m7uoyyvwg4u4vbew6t29,2020-02-27T20:26:21Z,"alternative metal,post-grunge,rock,christian rock,christian alternative rock","Hollywood Records",0.604,0.839,0,-2.871,0,0.0271,0.000138,0.00000256,0.13,0.214,124.982,4
spotify:track:4tJqzoVBO6Iyq5l5JXkdJI,"A Quiet Mind","History For Sale","Blue October",2003-01-01,248973,44,false,pweb3m7uoyyvwg4u4vbew6t29,2020-02-28T12:31:22Z,"","Motown",0.615,0.531,0,-6.303,1,0.0242,0.0814,0.00989,0.1,0.274,93.997,4
spotify:track:5xFuYnKruaC6AVbg9GDHuv,"Here Comes The Rain Again","Below Sunset","Hypnogaja",2005-01-01,281533,0,false,pweb3m7uoyyvwg4u4vbew6t29,2020-02-28T14:14:58Z,"","Union State Records",0.435,0.864,0,-4.227,0,0.0644,0.00634,0.0000149,0.124,0.176,149.799,4
spotify:track:2qP2Vkbe6J0SPtclX78NQ8,"End Transmission","Crash Love (Deluxe Edition)","AFI",2009-01-01,226173,16,false,pweb3m7uoyyvwg4u4vbew6t29,2020-02-28T21:17:56Z,"punk,horror punk,emo,skate punk","Interscope",0.539,0.789,1,-5.454,1,0.0254,0.00039,0.00781,0.288,0.537,95.022,4
spotify:track:6RHHbAbyIcPpvS1dP3KUGq,"Running Up That Hill","Covers","Placebo",2003-03-24,297320,2,false,pweb3m7uoyyvwg4u4vbew6t29,2020-03-02T14:08:44Z,"britpop","Elevator Lady Ltd",0.45,0.356,10,-13.692,0,0.0337,0.269,0.515,0.0944,0.0839,179.937,4
spotify:track:63peVCtLTPd0aM9x5j97sB,"Special K","Black Market Music","Placebo",2000-10-09,232306,0,false,pweb3m7uoyyvwg4u4vbew6t29,2020-03-02T14:32:19Z,"britpop","Elevator Lady Ltd",0.397,0.942,1,-2.53,1,0.0869,0.000227,0.24,0.14,0.356,158.99,4
spotify:track:1qBsHeniw2E7gKZw8gdu85,"The Madness","The Madness","Art of Anarchy",2017-03-24,218173,33,false,pweb3m7uoyyvwg4u4vbew6t29,2020-03-02T17:14:22Z,"post-grunge","Century Media",0.534,0.991,2,-3.232,0,0.0834,0.000551,0,0.817,0.425,129.973,4
spotify:track:3Gltf5nAowL4PFpqWZZ5sk,"All I Ever Wanted","Aranda","Aranda",2008-04-22,230773,18,false,pweb3m7uoyyvwg4u4vbew6t29,2020-03-04T16:48:16Z,"post-grunge","Astonish Entertainment",0.681,0.793,5,-4.11,0,0.0297,0.0192,0,0.312,0.674,100.028,4
spotify:track:2R3wzFFjNYc1z3PSoO8FNV,"City Of Blinding Lights","How To Dismantle An Atomic Bomb","U2",2004-01-01,345706,64,false,pweb3m7uoyyvwg4u4vbew6t29,2020-03-05T19:11:38Z,"rock","Universal-Island Records Ltd.",0.444,0.771,8,-4.127,1,0.0304,0.000234,0.0184,0.108,0.198,139.172,4
spotify:track:5gfmEhfgMIcV3He1wgDGJY,"Side","The Invisible Band","Travis",2001-06-12,239240,65,false,pweb3m7uoyyvwg4u4vbew6t29,2020-03-05T19:18:30Z,"britpop","Craft Recordings",0.455,0.849,7,-5.461,0,0.0284,0.000493,0.0000152,0.466,0.533,90.955,4
spotify:track:6GsP3uMCd0Dn5T37C93waZ,"Sick Love","The Getaway","Red Hot Chili Peppers",2016-06-17,221440,79,false,pweb3m7uoyyvwg4u4vbew6t29,2020-03-05T19:20:19Z,"funk rock,alternative rock,rock","Warner Records",0.591,0.794,4,-5.935,0,0.069,0.183,0,0.292,0.875,147.974,4
spotify:track:6zgLKcNuXjLjBvb1I61A2c,"Did I Let You Know","I'm with You","Red Hot Chili Peppers",2011-08-29,261866,50,false,pweb3m7uoyyvwg4u4vbew6t29,2020-03-05T19:20:26Z,"funk rock,alternative rock,rock","Warner Records",0.595,0.94,10,-2.733,1,0.0357,0.00432,0.00000616,0.119,0.845,111.071,4
spotify:track:6DfWymHzCYOH2ABUuHFaMe,"Police Station","I'm with You","Red Hot Chili Peppers",2011-08-29,335893,49,false,pweb3m7uoyyvwg4u4vbew6t29,2020-03-05T19:20:33Z,"funk rock,alternative rock,rock","Warner Records",0.499,0.816,9,-3.913,0,0.0358,0.232,0,0.105,0.275,82.017,4
spotify:track:10Nmj3JCNoMeBQ87uw5j8k,"Dani California","Stadium Arcadium","Red Hot Chili Peppers",2006-05-09,282160,85,false,pweb3m7uoyyvwg4u4vbew6t29,2020-03-05T19:20:38Z,"funk rock,alternative rock,rock","Warner Records",0.556,0.913,0,-2.36,1,0.0437,0.0193,0.00000859,0.346,0.73,96.184,4
spotify:track:1wo3UYTeizJHkwYIuLuBPF,"Champagne Supernova - Remastered","(What's The Story) Morning Glory? [Remastered]","Oasis",1995-10-02,451320,75,false,pweb3m7uoyyvwg4u4vbew6t29,2020-03-05T19:23:32Z,"britpop,madchester","Big Brother",0.297,0.825,2,-3.771,1,0.0394,0.464,0.0833,0.354,0.123,150.339,4
spotify:track:2gANywSFYF58YFMPdDSAjC,"Stand by Me","Be Here Now","Oasis",1997-08-21,356600,70,false,pweb3m7uoyyvwg4u4vbew6t29,2020-03-05T19:23:37Z,"britpop,madchester","Helter Skelter Records",0.214,0.828,7,-2.66,1,0.0383,0.0142,0.00000161,0.161,0.388,169.876,4
spotify:track:3MCuDi4gQrf7Xms8lTpTAx,"Don't Go Away","Be Here Now","Oasis",1997-08-21,288600,60,false,pweb3m7uoyyvwg4u4vbew6t29,2020-03-05T19:25:09Z,"britpop,madchester","Helter Skelter Records",0.426,0.838,0,-4.38,1,0.0362,0.0532,0.00000302,0.0829,0.182,81.089,4
spotify:track:0bWKniFVup1UYgoZww89Vp,"First of the Gang to Die","You Are the Quarry","Morrissey",2004-05-03,218586,0,false,pweb3m7uoyyvwg4u4vbew6t29,2020-03-05T19:28:26Z,"britpop,madchester,jangle pop,new wave","BMG Rights Management (UK) Limited",0.531,0.915,11,-4.237,1,0.0369,0.0119,0,0.14,0.811,134.322,4
spotify:track:6u38x61qv7JBIJD4dqztmm,"Magnificent","No Line On The Horizon","U2",2009-01-01,324013,56,false,pweb3m7uoyyvwg4u4vbew6t29,2020-03-05T19:43:03Z,"rock","Universal-Island Records Ltd.",0.529,0.715,6,-6.065,0,0.0348,0.00012,0.497,0.112,0.592,114.973,4
spotify:track:4shKoD4U0rsE6UDjyPEjyK,"Bones","Sam's Town","The Killers",2006-09-27,227000,62,false,pweb3m7uoyyvwg4u4vbew6t29,2020-03-05T19:45:28Z,"alternative rock","Island Records",0.472,0.902,9,-3.607,1,0.0643,0.000679,0.124,0.0822,0.567,139.57,4
spotify:track:6suRRwX61xSMfU7wJuCVdy,"For Reasons Unknown","Sam's Town","The Killers",2006-09-27,212266,66,false,pweb3m7uoyyvwg4u4vbew6t29,2020-03-05T19:45:38Z,"alternative rock","Island Records",0.504,0.884,3,-4.214,1,0.0366,0.000458,0.0399,0.108,0.516,140.398,4
spotify:track:0fDCmSbcX0EJ7XXP0D54PC,"The Way It Was","Battle Born (Deluxe Edition)","The Killers",2012-09-17,231160,44,false,pweb3m7uoyyvwg4u4vbew6t29,2020-03-05T19:45:51Z,"alternative rock","Island Records",0.661,0.8,1,-4.998,0,0.0246,0.0104,0.0000173,0.0738,0.51,105.993,4
spotify:track:5jafMI8FLibnjkYTZ33m0c,"High And Dry","The Bends","Radiohead",1995-03-28,257480,2,false,pweb3m7uoyyvwg4u4vbew6t29,2020-03-05T19:51:50Z,"art rock,alternative rock","XL Recordings",0.418,0.383,4,-11.782,1,0.0257,0.0718,0.0177,0.0896,0.352,87.773,4
spotify:track:045sp2JToyTaaKyXkGejPy,"Fake Plastic Trees","The Bends","Radiohead",1995-03-28,290706,2,false,pweb3m7uoyyvwg4u4vbew6t29,2020-03-05T19:52:04Z,"art rock,alternative rock","XL Recordings",0.454,0.229,2,-12.592,1,0.0297,0.167,0.102,0.202,0.134,73.552,4
spotify:track:5bbCUTcTiUu1ZZjfmKTry1,"A Bad Dream","Under The Iron Sea","Keane",2006-01-01,304280,0,false,pweb3m7uoyyvwg4u4vbew6t29,2020-03-05T19:59:45Z,"","Universal-Island Records Ltd.",0.408,0.729,1,-4.918,1,0.0302,0.00731,0.00000402,0.172,0.279,145.068,4
spotify:track:2h0HkReHGCQPOEDZXEMcTO,"Special Needs","Sleeping With Ghosts","Placebo",2003-03-24,315986,1,false,pweb3m7uoyyvwg4u4vbew6t29,2020-03-05T20:04:53Z,"britpop","Elevator Lady Ltd",0.301,0.571,8,-10.152,0,0.0332,0.00082,0.8,0.0851,0.0412,178.084,4
spotify:track:7ca964FFFS8MGHU8jtoEXD,"Why","Something Else","The Cranberries",2017-04-28,301813,0,false,pweb3m7uoyyvwg4u4vbew6t29,2020-03-05T20:14:25Z,"","BMG Rights Management (UK) Ltd",0.464,0.636,4,-7.896,0,0.0253,0.446,0.00324,0.148,0.264,83.003,4
spotify:track:3EXrtClWmgsM7dw75Mw2M1,"When You're Gone","To The Faithful Departed","The Cranberries",1996-04-30,296200,71,false,pweb3m7uoyyvwg4u4vbew6t29,2020-03-05T20:14:30Z,"","Island Records",0.454,0.524,3,-7.128,1,0.0267,0.351,0.0000432,0.0691,0.348,186.762,3
spotify:track:5ibELGcXGqX5x9TWFeNPxY,"Motorcycle Emptiness","Forever Delayed","Manic Street Preachers",2002-10-28,305706,59,false,pweb3m7uoyyvwg4u4vbew6t29,2020-03-05T20:15:04Z,"britpop","Epic",0.522,0.801,4,-3.641,1,0.0301,0.0000082,0.0685,0.174,0.197,112.445,4
spotify:track:5YciOakY5dB5dULkiLdCaf,"Stop Crying Your Heart Out","Heathen Chemistry","Oasis",2002-02-03,303133,78,false,pweb3m7uoyyvwg4u4vbew6t29,2020-03-05T20:28:18Z,"britpop,madchester","Big Brother",0.38,0.572,2,-5.334,1,0.03,0.0768,0.0000024,0.0776,0.0878,74.987,4
spotify:track:6u049Z5HzmgX0zNDUPabWF,"Nothing In My Way","Under The Iron Sea","Keane",2006-01-01,240386,0,false,pweb3m7uoyyvwg4u4vbew6t29,2020-03-05T21:01:27Z,"","Universal-Island Records Ltd.",0.398,0.854,10,-4.97,0,0.0294,0.00107,0.000004,0.0893,0.872,172.477,4
spotify:track:1cAMXz9mnvrqyQLSG4KeeE,"Sirens","Lightning Bolt","Pearl Jam",2013-01-01,340320,70,false,pweb3m7uoyyvwg4u4vbew6t29,2020-03-05T22:04:55Z,"grunge,rock,post-grunge","Pearl Jam/Monkeywrench",0.523,0.847,3,-5.888,1,0.028,0.00309,0.0000121,0.146,0.475,155.032,4
spotify:track:3zwmW1gM4E8FlHXV5nE16u,"Be Yourself","Out of Exile","Audioslave",2005-01-01,278973,76,false,pweb3m7uoyyvwg4u4vbew6t29,2020-03-06T12:16:49Z,"grunge,post-grunge,alternative metal","Geffen",0.423,0.845,11,-3.509,0,0.0559,0.143,0.00000507,0.213,0.317,116.602,4
spotify:track:5UWwZ5lm5PKu6eKsHAGxOk,"Everlong","The Colour And The Shape","Foo Fighters",1997-05-20,250546,89,false,pweb3m7uoyyvwg4u4vbew6t29,2020-03-06T13:02:39Z,"post-grunge,rock,alternative rock,grunge","RCA Records Label",0.413,0.881,11,-5.541,0,0.0367,0.0000599,0.000308,0.0805,0.364,158.066,4
spotify:track:6REiraH7Pe3akd0mkFA4l9,"Something from Nothing","Sonic Highways","Foo Fighters",2014-11-09,288459,57,true,pweb3m7uoyyvwg4u4vbew6t29,2020-03-06T13:02:49Z,"post-grunge,rock,alternative rock,grunge","RCA Records Label",0.228,0.856,2,-5.296,1,0.0541,0.000124,0.0000566,0.285,0.427,186.969,4
spotify:track:3Fnf4J72Y1ImGILcAh1Z2s,"Floral & Fading","Misadventures","Pierce The Veil",2016-05-13,209186,69,true,pweb3m7uoyyvwg4u4vbew6t29,2020-03-06T13:07:17Z,"emo,screamo,post-hardcore","Fearless Records",0.655,0.792,2,-3.766,1,0.0257,0.00106,0,0.398,0.781,99.989,4
spotify:track:2SYMnBpx7zyhSDPQwoOlFO,"Props & Mayhem","Collide With The Sky","Pierce The Veil",2012-07-17,217853,68,false,pweb3m7uoyyvwg4u4vbew6t29,2020-03-06T13:07:33Z,"emo,screamo,post-hardcore","Fearless Records",0.527,0.933,4,-3.035,0,0.0628,0.000269,0.000068,0.293,0.357,127.008,4
spotify:track:3I1JTx525DKElzlTYOBfZN,"Best 4 U","Red Pill Blues (Deluxe)","Maroon 5",2018-06-15,239751,44,false,pweb3m7uoyyvwg4u4vbew6t29,2020-03-06T13:15:25Z,"pop","Interscope Records*",0.572,0.608,10,-5.776,0,0.153,0.127,0,0.113,0.375,93.549,4
spotify:track:3WsUKVmB9x7MeO8PBeQgtK,"It Was Always You","V (Deluxe)","Maroon 5",2015-05-18,239920,40,false,pweb3m7uoyyvwg4u4vbew6t29,2020-03-06T13:15:46Z,"pop","Interscope Records*",0.613,0.765,11,-6.582,1,0.0441,0.082,0.00000125,0.092,0.299,103.951,4
spotify:track:0RZyUsKfiC7MtiGKatCtGc,"Misery","Hands All Over (Revised International Standard version)","Maroon 5",2010,216200,70,false,pweb3m7uoyyvwg4u4vbew6t29,2020-03-06T13:16:01Z,"pop","Interscope Records*",0.703,0.81,4,-4.874,0,0.0425,0.000315,0,0.216,0.726,102.981,4
spotify:track:0g31yfQdoNIeOznZRBfaWP,"Never Gonna Leave This Bed","Hands All Over (Revised International Standard version)","Maroon 5",2010,196706,54,false,pweb3m7uoyyvwg4u4vbew6t29,2020-03-06T13:16:05Z,"pop","Interscope Records*",0.608,0.817,11,-4.207,1,0.0296,0.104,0,0.247,0.47,117.364,4
spotify:track:7LuTV8ZSxGEBIeW01v8hfv,"How","Hands All Over (Revised International Standard version)","Maroon 5",2010,216600,39,false,pweb3m7uoyyvwg4u4vbew6t29,2020-03-06T13:16:10Z,"pop","Interscope Records*",0.535,0.689,4,-4.536,1,0.0262,0.122,0,0.334,0.388,92.989,4
spotify:track:3PNOYDruQplC92lNc7mE9W,"Makes Me Wonder","It Won't Be Soon Before Long (International Version)","Maroon 5",2007-01-01,211080,69,true,pweb3m7uoyyvwg4u4vbew6t29,2020-03-06T13:16:34Z,"pop","Interscope Records*",0.803,0.852,7,-2.429,1,0.0357,0.00484,0.000331,0.0576,0.878,113.998,4
spotify:track:6WEBwvsmpaoGxka0tSh5a7,"Won't Go Home Without You","It Won't Be Soon Before Long (International Version)","Maroon 5",2007-01-01,231173,78,false,pweb3m7uoyyvwg4u4vbew6t29,2020-03-06T13:16:40Z,"pop","Interscope Records*",0.738,0.614,3,-3.761,1,0.0318,0.0151,0,0.104,0.413,110.021,4
spotify:track:4cQsMQCn1HCsYifnUsp5Q1,"Not Falling Apart","It Won't Be Soon Before Long (International Version)","Maroon 5",2007-01-01,243626,39,false,pweb3m7uoyyvwg4u4vbew6t29,2020-03-06T13:16:46Z,"pop","Interscope Records*",0.757,0.707,7,-5.023,1,0.038,0.00771,0.00000138,0.0636,0.418,119.97,4
spotify:track:44R3zk8n5b3g5fTEXCkwnW,"Sweetest Goodbye","Songs About Jane","Maroon 5",2002-06-25,270733,48,false,pweb3m7uoyyvwg4u4vbew6t29,2020-03-06T13:17:07Z,"pop","Interscope Records*",0.567,0.819,1,-5.951,1,0.111,0.166,0,0.187,0.707,164.022,4
spotify:track:3Y4m9Td603gbfMB86UNafs,"Can't Take My Eyes off You","Dead Star / In Your World","Muse",2002,211120,59,false,pweb3m7uoyyvwg4u4vbew6t29,2020-03-06T14:09:44Z,"alternative rock,rock","WM UK",0.357,0.678,0,-5.388,1,0.041,0.0371,0.0195,0.217,0.281,126.733,4
spotify:track:4VqPOruhp5EdPBeR92t6lQ,"Uprising","The Resistance","Muse",2009-09-10,304840,81,false,pweb3m7uoyyvwg4u4vbew6t29,2020-03-06T14:09:56Z,"alternative rock,rock","Warner Records",0.602,0.905,2,-4.046,1,0.0775,0.000202,0.064,0.117,0.411,128.019,4
spotify:track:5fSUg1WcGIi4zoujPhB2Kz,"Bittersweet","Sunburn","Fuel",1998-03-31,232066,32,false,pweb3m7uoyyvwg4u4vbew6t29,2020-03-06T14:14:17Z,"post-grunge","550 Music",0.514,0.917,4,-5.706,0,0.0344,0.000168,0.00000126,0.0951,0.374,97.606,4
spotify:track:0ql77BGgwX0zu29m1fpwMY,"Wasted Time - S-Mix","Angels & Devils","Fuel",2007-08-21,256320,7,false,pweb3m7uoyyvwg4u4vbew6t29,2020-03-06T14:14:27Z,"post-grunge","Epic",0.354,0.866,6,-3.765,0,0.0384,0.000332,0.0000579,0.0947,0.448,165.887,4
spotify:track:6wL9BUXvC56MZo5B9Q58nK,"Die Like This","Natural Selection","Fuel",2003-09-23,269493,27,false,pweb3m7uoyyvwg4u4vbew6t29,2020-03-06T14:14:37Z,"post-grunge","Epic",0.379,0.832,9,-5.393,0,0.0426,0.0000193,0.00185,0.115,0.276,93.192,4
spotify:track:1sjrDQXqAa9V07FjKIlAQ4,"Hemorrhage (In My Hands)","Something Like Human","Fuel",2000-09-19,236866,75,false,pweb3m7uoyyvwg4u4vbew6t29,2020-03-06T14:14:57Z,"post-grunge","Epic",0.301,0.823,1,-4.072,1,0.0433,0.000144,0.000309,0.0833,0.372,152.017,4
spotify:track:59XNy4523UcEvQfYM8fdQB,"Somebody Told Me","Hot Fuss","The Killers",2004-06-07,197160,2,false,pweb3m7uoyyvwg4u4vbew6t29,2020-03-06T14:15:17Z,"alternative rock","Island Records",0.51,0.981,10,-3.191,0,0.0901,0.0000776,0.00142,0.111,0.723,138.039,4
spotify:track:0EYOdF5FCkgOJJla8DI2Md,"B.Y.O.B.","Mezmerize","System Of A Down",2005-05-17,255466,83,true,pweb3m7uoyyvwg4u4vbew6t29,2020-03-06T14:15:25Z,"nu metal,metal,alternative metal,rap metal,rock","American/Columbia",0.538,0.981,1,-2.688,0,0.14,0.00662,0,0.219,0.711,101.414,4
spotify:track:2DlHlPMa4M17kufBvI2lEN,"Chop Suey!","Toxicity","System Of A Down",2001-09-04,210240,88,false,pweb3m7uoyyvwg4u4vbew6t29,2020-03-06T14:15:30Z,"nu metal,metal,alternative metal,rap metal,rock","American/Columbia",0.417,0.934,7,-3.908,0,0.119,0.000278,0.0015,0.132,0.287,127.066,4
spotify:track:5uMTA9SIe0sE4dnHHSHaYz,"Vicinity Of Obscenity","Hypnotize","System Of A Down",2005-11-22,171800,72,false,pweb3m7uoyyvwg4u4vbew6t29,2020-03-06T14:15:39Z,"nu metal,metal,alternative metal,rap metal,rock","American/Columbia",0.546,0.957,1,-3.189,1,0.164,0.0533,0.00000337,0.683,0.514,109.775,4
spotify:track:6wpGqhRvJGNNXwWlPmkMyO,"I Still Haven't Found What I'm Looking For","The Joshua Tree (Super Deluxe)","U2",1987-03-03,277476,76,false,pweb3m7uoyyvwg4u4vbew6t29,2020-03-06T14:31:13Z,"rock","UMC (Universal Music Catalogue)",0.564,0.774,1,-9.424,1,0.0368,0.0135,0.00191,0.0861,0.657,100.894,4
spotify:track:4YFcGTdgmEuw8xTO4XrxbB,"Zero - Remastered 2012","Mellon Collie And The Infinite Sadness (Deluxe Edition)","The Smashing Pumpkins",1995,160173,71,true,pweb3m7uoyyvwg4u4vbew6t29,2020-03-06T14:43:30Z,"alternative rock,rock","Virgin Records",0.438,0.728,8,-7.105,1,0.0458,0.0000349,0.57,0.0509,0.701,128.04,4
spotify:track:7lYi1vZlsC2PpocGQBaaYZ,"Dorian","Monuments to an Elegy","The Smashing Pumpkins",2014-12-08,225853,0,false,pweb3m7uoyyvwg4u4vbew6t29,2020-03-06T14:43:56Z,"alternative rock,rock","BMG Rights Management (US) LLC",0.555,0.873,3,-4.773,1,0.0317,0.0000631,0.0199,0.207,0.492,121.885,4
spotify:track:1P5dqn2alGf98KJzWU6iCE,"Try, Try, Try","Machina / The Machines Of God","The Smashing Pumpkins",2000-02-29,309026,52,false,pweb3m7uoyyvwg4u4vbew6t29,2020-03-06T14:44:08Z,"alternative rock,rock","Virgin Records",0.537,0.854,2,-6.32,1,0.0293,0.00137,0.877,0.0999,0.389,107.867,4
spotify:track:6hQ9VoMhh15M6kgzgD2hc7,"A Girl Named Sandoz - Remastered","Pisces Iscariot (Deluxe)","The Smashing Pumpkins",1994,214813,27,false,pweb3m7uoyyvwg4u4vbew6t29,2020-03-06T14:44:41Z,"alternative rock,rock","Virgin Records",0.203,0.759,5,-7.698,0,0.0436,0.00000397,0.393,0.0582,0.398,140.36,4
spotify:track:1riDX5lMnIWNkZDnFB627B,"I Am One - Remastered 2011","Gish (Deluxe Edition)","The Smashing Pumpkins",1991-05-28,246853,0,false,pweb3m7uoyyvwg4u4vbew6t29,2020-03-06T14:44:59Z,"alternative rock,rock","Virgin Records",0.486,0.729,6,-7.196,0,0.0425,0.0000083,0.884,0.047,0.798,107.542,4
spotify:track:6HwJvwkooQjunshBL6hPK5,"Snow Cats","AFI (The Blood Album)","AFI",2017-01-20,200920,40,false,pweb3m7uoyyvwg4u4vbew6t29,2020-03-06T14:49:46Z,"punk,horror punk,emo,skate punk","Concord Records",0.294,0.775,4,-4.271,0,0.0454,0.00291,0.000727,0.254,0.471,131.092,3
spotify:track:7DlLTbTiZiM1Yye5roUYku,"Aurelia","AFI (The Blood Album)","AFI",2017-01-20,174133,38,false,pweb3m7uoyyvwg4u4vbew6t29,2020-03-06T14:49:52Z,"punk,horror punk,emo,skate punk","Concord Records",0.418,0.919,9,-4.082,0,0.0545,0.000587,0.00703,0.214,0.346,174.965,4
spotify:track:3DhdwJFwsLdrqNhLrekwTR,"The Missing Frame","DECEMBERUNDERGROUND","AFI",2006-06-02,280306,43,false,pweb3m7uoyyvwg4u4vbew6t29,2020-03-06T14:50:17Z,"punk,horror punk,emo,skate punk","Interscope",0.466,0.914,10,-4.316,0,0.0472,0.0000445,0.0067,0.159,0.4,132.13,4
spotify:track:6CKoWCWAqEVWVjpeoJXyNH,"Shape Of My Heart","Ten Summoner's Tales","Sting",1993-03-01,279226,80,false,pweb3m7uoyyvwg4u4vbew6t29,2020-03-06T14:50:25Z,"soft rock","A&M",0.537,0.372,6,-10.08,0,0.0331,0.693,0.00107,0.083,0.244,83.94,4
spotify:track:1pIxAP8xXyUP13rQrun0jh,"Se keinuttaa meitä ajassa","Se keinuttaa meitä ajassa","Sara",2012-01-01,248213,20,false,pweb3m7uoyyvwg4u4vbew6t29,2020-03-06T14:57:24Z,"finnish rock,finnish pop,iskelmä","Universal Music Oy",0.448,0.809,8,-7.766,1,0.0327,0.00584,0.0276,0.272,0.375,87.465,4
spotify:track:1a8tPLCZl089Gja7ySTd5G,"The Moment Of Our Love","Sweet And Deceitful","Negative",2005,228826,38,false,pweb3m7uoyyvwg4u4vbew6t29,2020-03-06T15:28:57Z,"finnish rock,gothic metal,gothic rock,finnish pop","Roadrunner Records",0.45,0.876,8,-4.89,0,0.0461,0.00543,0.00000798,0.182,0.485,129.028,4
spotify:track:7cEJ59ugy1GmP7G4bJgESg,"Jealous Sky","Neon","Negative",2010-05-31,278973,27,false,pweb3m7uoyyvwg4u4vbew6t29,2020-03-06T15:29:15Z,"finnish rock,gothic metal,gothic rock,finnish pop","WM Finland",0.447,0.778,11,-5.938,1,0.0486,0.000194,0,0.087,0.24,120.069,4
spotify:track:7a8UTFFIOCRtA5suPKeX4M,"Army Of Broken Hearts","Out Of The Dark","Reflexion",2006,182600,34,false,pweb3m7uoyyvwg4u4vbew6t29,2020-03-06T15:29:52Z,"gothic metal,gothic rock,finnish rock","A1METAL",0.528,0.905,7,-3.414,0,0.044,0.000169,0.000324,0.385,0.443,140.062,4
spotify:track:07VKsRsRPIPV46QRUevdod,"Undying Dreams","Out Of The Dark","Reflexion",2006,234000,37,false,pweb3m7uoyyvwg4u4vbew6t29,2020-03-06T15:29:58Z,"gothic metal,gothic rock,finnish rock","A1METAL",0.592,0.642,8,-6.961,0,0.0308,0.182,0.00000107,0.0503,0.316,119.994,4
spotify:track:4pbyDPjFgfPqFTcIMC8xpK,"Rock DJ","Sing When You're Winning","Robbie Williams",2000-01-01,258560,73,false,pweb3m7uoyyvwg4u4vbew6t29,2020-03-06T15:38:05Z,"","Chrysalis UK",0.708,0.772,7,-4.264,1,0.0322,0.0267,0,0.467,0.861,103.035,4
spotify:track:1M2nd8jNUkkwrc1dgBPTJz,"Angels","Life Thru A Lens","Robbie Williams",1997-01-01,265000,79,false,pweb3m7uoyyvwg4u4vbew6t29,2020-03-06T15:39:34Z,"","Universal-Island Records Ltd.",0.429,0.594,4,-6.251,1,0.0277,0.156,0.00000495,0.1,0.236,150.22,4
spotify:track:2hKdd3qO7cWr2Jo0Bcs0MA,"Drops of Jupiter (Tell Me)","Drops Of Jupiter","Train",2001-03-27,259933,86,false,pweb3m7uoyyvwg4u4vbew6t29,2020-03-06T15:43:18Z,"soft pop","Columbia/Legacy",0.481,0.638,0,-5.862,1,0.0276,0.153,0,0.154,0.497,79.064,4
spotify:track:4p4mGn6E58WDZj51GykMzT,"Indian Summer","Graffiti on the Train","Stereophonics",2013-05-21,267124,0,false,pweb3m7uoyyvwg4u4vbew6t29,2020-03-06T15:57:03Z,"britpop","LAB 344",0.664,0.688,0,-4.903,1,0.0278,0.396,0,0.407,0.841,105.561,4
spotify:track:2bKWaVKMwAf3rMf39m9S9q,"It Means Nothing","Pull The Pin","Stereophonics",2007-01-01,228880,46,false,pweb3m7uoyyvwg4u4vbew6t29,2020-03-06T16:06:19Z,"britpop","EMI",0.435,0.624,9,-5.663,1,0.0303,0.28,0.000939,0.106,0.366,141.019,4
spotify:track:05EnWJ1wX5mK5EzzOauNRw,"Mr and Mrs Smith","Keep the Village Alive (Deluxe Edition)","Stereophonics",2015-09-11,409173,27,false,pweb3m7uoyyvwg4u4vbew6t29,2020-03-06T16:07:51Z,"britpop","Ignition Records Ltd.",0.517,0.834,2,-5.299,1,0.0306,0.0055,0.000601,0.068,0.284,130.027,4
spotify:track:68Rulwknb5nBpxWbNh24nx,"White Lies","Keep the Village Alive (Deluxe Edition)","Stereophonics",2015-09-11,236160,26,false,pweb3m7uoyyvwg4u4vbew6t29,2020-03-06T16:14:20Z,"britpop","Ignition Records Ltd.",0.31,0.777,6,-5.198,1,0.0363,0.0125,0.0000404,0.159,0.16,109.231,4
spotify:track:1C2QJNTmsTxCDBuIgai8QV,"Resistance","The Resistance","Muse",2009-09-10,346693,68,false,pweb3m7uoyyvwg4u4vbew6t29,2020-03-06T16:23:26Z,"alternative rock,rock","Warner Records",0.467,0.774,9,-6.569,0,0.0485,0.0616,0.289,0.108,0.0916,135.006,4
spotify:track:4AIazttPmHpd7p7pwJw692,"Neutron Star Collision (Love Is Forever) - Soundtrack Version","Neutron Star Collision [Love Is Forever]","Muse",2010-05-17,230256,58,false,pweb3m7uoyyvwg4u4vbew6t29,2020-03-06T16:24:03Z,"alternative rock,rock","Chop Shop/Atlantic",0.287,0.9,1,-5.852,1,0.0932,0.00379,0.0000148,0.0876,0.132,127.997,4
spotify:track:3285RNj9TGVvWlP8tYojDH,"Here With Me","Battle Born","The Killers",2012-09-17,292320,57,false,pweb3m7uoyyvwg4u4vbew6t29,2020-03-06T16:35:54Z,"alternative rock","Island Records",0.5,0.731,10,-4.535,1,0.0312,0.192,0.00045,0.158,0.112,135.97,4
spotify:track:521r1faH9BQlyPVR5pMmXm,"I'll Be Waiting","It Is Time For A Love Revolution","Lenny Kravitz",2008-01-01,259186,58,false,pweb3m7uoyyvwg4u4vbew6t29,2020-03-06T16:36:40Z,"","Virgin Records",0.677,0.452,10,-6.468,1,0.0332,0.0736,0.0065,0.0969,0.595,72.779,4
spotify:track:5hPTEePdWFsnT22KBsl8bx,"Love, Love, Love","It Is Time For A Love Revolution","Lenny Kravitz",2008-01-01,201573,30,false,pweb3m7uoyyvwg4u4vbew6t29,2020-03-06T16:37:01Z,"","Virgin Records",0.694,0.884,4,-7.251,1,0.0398,0.174,0.0004,0.0895,0.782,112.573,4
spotify:track:3osYhl8lGmLJYASrrh9Y5f,"Morenamía (Dueto 2007)","Papito (Deluxe)","Miguel Bosé;Julieta Venegas",2007,225373,69,false,pweb3m7uoyyvwg4u4vbew6t29,2020-03-06T16:43:06Z,"latin pop,latin rock","WM Spain",0.711,0.822,9,-5.766,0,0.231,0.132,0,0.0444,0.906,160.011,4
spotify:track:4QlzkaRHtU8gAdwqjWmO8n,"Friday I'm In Love","Wish","The Cure",1992-04-20,215160,82,false,pweb3m7uoyyvwg4u4vbew6t29,2020-03-06T16:48:35Z,"new wave,post-punk,gothic rock,darkwave","Polydor Records",0.526,0.763,0,-12.663,0,0.0341,0.00126,0.0000675,0.359,0.514,136.205,4
spotify:track:4NnWuGQujzWUEg0uZokO5M,"Just Like Heaven - Remastered 2006","Kiss Me Kiss Me Kiss Me (Remastered 2006)","The Cure",1987-05-26,212013,73,false,pweb3m7uoyyvwg4u4vbew6t29,2020-03-06T16:48:41Z,"new wave,post-punk,gothic rock,darkwave","UMC (Universal Music Catalogue)",0.437,0.94,9,-6.946,1,0.0426,0.0524,0.000573,0.222,0.48,151.417,4
spotify:track:2mIrfke7vosXAEWfz6ucyo,"Lovesong - Remastered","Disintegration (Deluxe Edition)","The Cure",1989-05-02,208266,75,false,pweb3m7uoyyvwg4u4vbew6t29,2020-03-06T16:48:47Z,"new wave,post-punk,gothic rock,darkwave","UMC (Universal Music Catalogue)",0.611,0.791,9,-7.7,0,0.0286,0.326,0.862,0.217,0.856,140.12,4
spotify:track:2o49Twc3qrNMOt8gq9W06L,"Pictures Of You - Remastered","Disintegration (Deluxe Edition)","The Cure",1989-05-02,448306,70,false,pweb3m7uoyyvwg4u4vbew6t29,2020-03-06T16:48:54Z,"new wave,post-punk,gothic rock,darkwave","UMC (Universal Music Catalogue)",0.476,0.764,9,-6.454,1,0.032,0.00325,0.112,0.138,0.545,171.903,4
spotify:track:0ZYdUkAQmKHsaKRmq8tWSE,"Lullaby - Remastered","Disintegration (Deluxe Edition)","The Cure",1989-05-02,248186,72,false,pweb3m7uoyyvwg4u4vbew6t29,2020-03-06T16:48:59Z,"new wave,post-punk,gothic rock,darkwave","UMC (Universal Music Catalogue)",0.719,0.553,9,-10.646,1,0.0349,0.186,0.677,0.0659,0.573,94.093,4
spotify:track:3CL8XE5phBukwkjWqWQtEH,"Wrong Number","Galore - The Singles 1987-1997","The Cure",1997-01-01,362666,49,false,pweb3m7uoyyvwg4u4vbew6t29,2020-03-06T16:49:58Z,"new wave,post-punk,gothic rock,darkwave","Polydor Records",0.576,0.974,2,-2.226,1,0.049,0.0303,0.0000812,0.193,0.448,120.09,4
spotify:track:5iW50Ee9ng1petPB4cRBcp,"Hot Hot Hot!!! - Remastered 2006","Kiss Me Kiss Me Kiss Me (Deluxe Edition)","The Cure",1987-05-25,214240,38,false,pweb3m7uoyyvwg4u4vbew6t29,2020-03-06T16:50:13Z,"new wave,post-punk,gothic rock,darkwave","UMC (Universal Music Catalogue)",0.745,0.907,9,-5.306,0,0.0347,0.244,0.000288,0.0502,0.811,112.125,4
spotify:track:5HmSNijgNQ9xUmVfCyPjHJ,"My Way Home Is Through You","Famous Last Words","My Chemical Romance",2007-01-22,178448,58,true,pweb3m7uoyyvwg4u4vbew6t29,2020-03-06T16:51:19Z,"emo,pop punk","Reprise",0.465,0.994,11,-3.1,0,0.15,0.00297,0,0.361,0.23,104.029,4
spotify:track:5WCtoomAl0y1mgVh1Yuj0a,"Ultra Violet (Light My Way)","Achtung Baby (Deluxe Edition)","U2",1991-11-18,330506,58,false,pweb3m7uoyyvwg4u4vbew6t29,2020-03-06T16:59:52Z,"rock","Universal-Island Records Ltd.",0.481,0.705,1,-11.101,0,0.0313,0.000305,0.339,0.141,0.249,107.647,4
spotify:track:3TW48DvQ7ChwY1Yy1tkMaP,"Runaway Train (2022 Remaster)","Grave Dancers Union (2022 Remaster)","Soul Asylum",1992-10-06,266573,74,false,pweb3m7uoyyvwg4u4vbew6t29,2020-03-06T17:18:33Z,"alternative rock","Columbia",0.605,0.764,0,-5.833,1,0.0395,0.00588,0.00000124,0.109,0.487,117.293,4
spotify:track:3EY1sjf2Xq86pQN0L4hEnU,"Advertising Space","Intensive Care","Robbie Williams",2005,277505,61,false,pweb3m7uoyyvwg4u4vbew6t29,2020-03-06T17:18:41Z,"","Chrysalis UK",0.546,0.607,0,-7.001,1,0.0262,0.0979,0,0.0967,0.115,112.085,4
spotify:track:4Hff1IjRbLGeLgFgxvHflk,"DARE (feat. Shaun Ryder & Roses Gabor)","Demon Days","Gorillaz;Shaun Ryder;Roses Gabor",2005-05-23,244999,84,false,pweb3m7uoyyvwg4u4vbew6t29,2020-03-06T18:56:23Z,"","Parlophone UK",0.76,0.891,11,-5.852,0,0.0372,0.0229,0.0869,0.298,0.966,120.264,4
spotify:track:0d28khcov6AiegSCpG5TuT,"Feel Good Inc.","Demon Days","Gorillaz;De La Soul",2005-05-23,222640,92,false,pweb3m7uoyyvwg4u4vbew6t29,2020-03-06T18:56:31Z,"jazz rap,east coast hip hop","Parlophone UK",0.818,0.705,6,-6.679,1,0.177,0.00836,0.00233,0.613,0.772,138.559,4
spotify:track:0q6LuUqGLUiCPP1cbdwFs3,"On Melancholy Hill","Plastic Beach","Gorillaz",2010-03-05,233866,81,false,pweb3m7uoyyvwg4u4vbew6t29,2020-03-06T18:56:35Z,"","Parlophone UK",0.689,0.739,2,-5.81,1,0.026,0.0000151,0.509,0.064,0.578,120.423,4
spotify:track:3a6PN6BRB8PP3ms48s7kU1,"Empire Ants (feat. Little Dragon)","Plastic Beach","Gorillaz;Little Dragon",2010-03-05,283573,69,false,pweb3m7uoyyvwg4u4vbew6t29,2020-03-06T18:56:57Z,"trip hop","Parlophone UK",0.601,0.772,0,-4.137,0,0.031,0.181,0.0543,0.0928,0.294,99.445,4
spotify:track:5pE9vMyvVNOpZFutt6lyy4,"Sleeping Powder","Sleeping Powder","Gorillaz",2017-06-16,166481,64,false,pweb3m7uoyyvwg4u4vbew6t29,2020-03-06T18:57:35Z,"","Parlophone UK",0.722,0.597,4,-5.964,0,0.0264,0.174,0.183,0.181,0.389,103.975,4
spotify:track:2oSpQ7QtIKTNFfA08Cy0ku,"It's The End Of The World As We Know It (And I Feel Fine)","Document (R.E.M. No. 5)","R.E.M.",1987-09-01,246933,71,false,pweb3m7uoyyvwg4u4vbew6t29,2020-03-06T19:00:05Z,"jangle pop,alternative rock,rock","IRS",0.381,0.894,7,-8.638,1,0.037,0.0258,0,0.0251,0.797,205.528,4
spotify:track:75CgD6l7K4qMzZrn4CbZqz,"Stars","Stars (Collector's Edition)","Simply Red",1991,248599,78,false,pweb3m7uoyyvwg4u4vbew6t29,2020-03-06T19:10:45Z,"soft rock","Rhino",0.716,0.818,7,-7.456,1,0.0256,0.154,0.000806,0.236,0.817,103.668,4
spotify:track:2o4u19nlQWOGg5mLanT7Pg,"Forever","Hot In The Shade","KISS",1989-01-01,232640,64,false,pweb3m7uoyyvwg4u4vbew6t29,2020-03-06T19:12:45Z,"glam rock,glam metal,hard rock,rock,classic rock","Casablanca Records",0.435,0.666,6,-10.596,1,0.031,0.254,0.000014,0.0541,0.566,176.431,4
spotify:track:2jz6rWGqVCYsymwxGoaON4,"Detroit Rock City","Double Platinum","KISS",1978-01-01,215933,2,false,pweb3m7uoyyvwg4u4vbew6t29,2020-03-06T19:13:11Z,"glam rock,glam metal,hard rock,rock,classic rock","Casablanca Records",0.546,0.9,5,-6.728,1,0.0691,0.0421,0.0000457,0.292,0.447,90.591,4
spotify:track:07q0QVgO56EorrSGHC48y3,"I Was Made For Lovin' You","Dynasty","KISS",1979-03-23,271240,88,false,pweb3m7uoyyvwg4u4vbew6t29,2020-03-06T19:13:18Z,"glam rock,glam metal,hard rock,rock,classic rock","Casablanca Records",0.768,0.852,4,-6.215,1,0.038,0.214,0.0000736,0.0723,0.867,128.373,4
spotify:track:4k67Lnw54kvIPvHjMbfziv,"Chameleon Boy","History For Sale","Blue October",2003-01-01,348893,37,false,pweb3m7uoyyvwg4u4vbew6t29,2020-03-06T19:34:42Z,"","Motown",0.582,0.558,7,-7.262,1,0.0273,0.0735,0.00053,0.0835,0.35,104.975,4
spotify:track:2EFB2GCr1Gntf1clDH7dZG,"The 21st","The Answers","Blue October",1998-01-01,248573,0,false,pweb3m7uoyyvwg4u4vbew6t29,2020-03-06T19:35:05Z,"","Brando Records",0.384,0.523,0,-11.42,1,0.0313,0.00544,0.000509,0.125,0.173,96.689,4
spotify:track:7JFKe1s47t4ad4cBRg7Yrq,"Italian Radio","The Answers","Blue October",1998-01-01,232693,0,false,pweb3m7uoyyvwg4u4vbew6t29,2020-03-06T19:35:09Z,"","Brando Records",0.341,0.84,0,-8.853,1,0.0671,0.00362,0.0000167,0.111,0.823,197.59,4
spotify:track:6BoSsFQKKe3b0tdPWWHAop,"Beautiful Ones","Coming Up (Remastered) - Deluxe Edition","Suede",1996-09-03,230866,0,false,pweb3m7uoyyvwg4u4vbew6t29,2020-03-06T19:48:55Z,"britpop,madchester","Suede Ltd",0.539,0.981,8,-5.012,0,0.041,0.0594,0,0.381,0.853,99.093,4
spotify:track:3tRv4ZYZimrL27flnjgeR6,"Every You Every Me","Without You I'm Nothing","Placebo",1998-10-12,213800,5,false,pweb3m7uoyyvwg4u4vbew6t29,2020-03-06T19:58:02Z,"britpop","Elevator Lady Ltd",0.478,0.923,10,-7.547,1,0.0569,0.000027,0.719,0.325,0.165,133.134,4
spotify:track:1NSm9JXojQb5dWxZKZ7q89,"(You Want To) Make A Memory - Pop Album Version","Lost Highway","Bon Jovi",2008-01-01,276453,34,false,pweb3m7uoyyvwg4u4vbew6t29,2020-03-06T19:58:58Z,"glam metal","Lost Highway PS (Audio)",0.51,0.417,0,-7.583,1,0.0263,0.111,0.0000636,0.116,0.145,148.01,4
spotify:track:57G0i15T96guo3ftbuZmpr,"All About Lovin' You","Bounce","Bon Jovi",2002-01-01,226026,54,false,pweb3m7uoyyvwg4u4vbew6t29,2020-03-06T19:59:18Z,"glam metal","Island Records",0.453,0.572,7,-5.669,1,0.0296,0.13,0,0.145,0.249,133.986,4
spotify:track:4Dnnchb3a2hx3HlUfF9DXE,"Say It Isn't So","Crush","Bon Jovi",2000-01-01,213333,46,false,pweb3m7uoyyvwg4u4vbew6t29,2020-03-06T19:59:35Z,"glam metal","Island Records",0.454,0.805,7,-4.947,1,0.0313,0.0229,0,0.358,0.591,91.251,4
spotify:track:0ZLBD6hHGN9LYOtNlu2n8e,"This Ain't A Love Song","These Days","Bon Jovi",1995-06-27,306240,67,false,pweb3m7uoyyvwg4u4vbew6t29,2020-03-06T19:59:47Z,"glam metal","Island Records",0.348,0.635,4,-6.836,1,0.0386,0.0932,0,0.126,0.144,87.974,3
spotify:track:2RChe0r2cMoyOvuKobZy44,"Always","Cross Road","Bon Jovi",1994-10-18,353026,82,false,pweb3m7uoyyvwg4u4vbew6t29,2020-03-06T20:00:00Z,"glam metal","Bon Jovi Dist Deal (Catalog)",0.384,0.659,4,-5.558,1,0.0314,0.115,0,0.0778,0.326,140.795,4
spotify:track:5UTPyhBP25PS0WsgMfu48l,"I Want You","Keep The Faith","Bon Jovi",1992-11-03,336840,52,false,pweb3m7uoyyvwg4u4vbew6t29,2020-03-06T20:00:10Z,"glam metal","Island Records",0.546,0.679,4,-4.733,1,0.0268,0.056,0,0.106,0.24,76.964,4
spotify:track:07HqIg8BnB1lJElnw2ZiSR,"I'll Be There For You","New Jersey (Deluxe Edition)","Bon Jovi",1988-09-13,346586,74,false,pweb3m7uoyyvwg4u4vbew6t29,2020-03-06T20:00:24Z,"glam metal","Island Records",0.437,0.727,2,-5.432,1,0.0293,0.0532,0,0.103,0.233,73.029,4
spotify:track:4AfsbRvvuN7nEHAhONdeEp,"Never Say Goodbye","Slippery When Wet","Bon Jovi",1986-08-16,288933,64,false,pweb3m7uoyyvwg4u4vbew6t29,2020-03-06T20:00:42Z,"glam metal","Island Records",0.326,0.797,2,-2.359,1,0.0334,0.0513,0,0.081,0.271,135.951,4
spotify:track:01XJ1q0UCxMAZqHIxEBk6q,"Silent Night","7800º Fahrenheit","Bon Jovi",1985-01-01,307666,0,false,pweb3m7uoyyvwg4u4vbew6t29,2020-03-06T20:00:50Z,"glam metal","Island Records",0.499,0.561,9,-5.553,1,0.0299,0.0914,0,0.111,0.27,122.444,4
spotify:track:5ponLS88v37duDQHewRDaX,"She Don't Know Me","Bon Jovi","Bon Jovi",1984-01-23,242400,52,false,pweb3m7uoyyvwg4u4vbew6t29,2020-03-06T20:00:58Z,"glam metal","Island Records",0.556,0.971,3,-3.937,1,0.0778,0.000376,0.0000246,0.223,0.368,127.901,4
spotify:track:74qT3vPLQOQIm9L4h5So3J,"Welcome To Wherever You Are","Have A Nice Day","Bon Jovi",2005-01-01,227040,42,false,pweb3m7uoyyvwg4u4vbew6t29,2020-03-06T20:01:54Z,"glam metal","Island Records",0.377,0.666,4,-6.12,1,0.0326,0.00154,0,0.114,0.263,171.747,4
spotify:track:5FAhExNmUJaD5sXhEqBSXp,"What Do You Got?","Bon Jovi Greatest Hits","Bon Jovi",2010-10-29,227266,51,false,pweb3m7uoyyvwg4u4vbew6t29,2020-03-06T20:02:02Z,"glam metal","Bon Jovi Dist Deal (Catalog)",0.432,0.769,9,-5.82,1,0.0429,0.329,0,0.115,0.445,153.034,4
spotify:track:3uBcbK8ztChsXB4uZNKh0S,"Just Feel Better (feat. Steven Tyler)","All That I Am","Santana;Steven Tyler",2005-10-31,252706,47,false,pweb3m7uoyyvwg4u4vbew6t29,2020-03-06T20:50:08Z,"","Arista",0.437,0.867,0,-4.028,0,0.0546,0.133,0,0.0966,0.478,160.133,4
spotify:track:1E1ylgIWTW2yE0glywYLb6,"Stay (Faraway, So Close!)","Zooropa","U2",1993-07-05,298426,63,false,pweb3m7uoyyvwg4u4vbew6t29,2020-03-06T21:53:37Z,"rock","Universal-Island Records Ltd.",0.561,0.51,8,-12.175,1,0.0258,0.186,0.0575,0.0674,0.719,94.079,4
spotify:track:0AJTKW9fVFo3rIXbtTVE3T,"Mayonaise - 2011 Remaster","Siamese Dream (2011 - Remaster)","The Smashing Pumpkins",1993-07-27,348773,51,false,pweb3m7uoyyvwg4u4vbew6t29,2020-03-09T13:10:32Z,"alternative rock,rock","Virgin Records",0.482,0.529,10,-10.426,1,0.0271,0.000107,0.546,0.0839,0.0879,145.969,4
spotify:track:4WYHEdqAwHedwPYaFKnzQn,"Drawn & Quartered","Tears On Tape","HIM",2013-01-01,313160,0,false,pweb3m7uoyyvwg4u4vbew6t29,2020-03-09T14:38:22Z,"gothic metal,gothic rock,finnish rock","WE LOVE MUSIC",0.52,0.898,4,-6.529,1,0.045,0.0104,0.00038,0.149,0.311,124.011,4
spotify:track:4zFrS3QgzPgKJefjL1MkdH,"Forever","The Dream","In This Moment",2012-07-17,261733,40,false,pweb3m7uoyyvwg4u4vbew6t29,2020-03-09T14:55:51Z,"metal","Century Media",0.314,0.989,8,-1.608,0,0.186,0.00124,0.00000264,0.152,0.258,182.035,4
spotify:track:0rWOPkJHuxUvT4jSu0qA1d,"No One There","The Cold White Light","Sentenced",2002-07-13,375933,41,false,pweb3m7uoyyvwg4u4vbew6t29,2020-03-09T20:37:23Z,"gothic metal,death metal,melodic death metal,metal,finnish rock,gothic rock,doom metal","Century Media",0.53,0.736,0,-5.655,0,0.0291,0.00376,0.000415,0.559,0.224,102.976,4
spotify:track:3b71zWD2qv39ArTmeyJ9Ta,"With You","Revolution Revolucion [Special Edition]","Ill Niño",2001-09-10,236933,37,false,pweb3m7uoyyvwg4u4vbew6t29,2020-03-10T12:57:46Z,"nu metal,rap metal,alternative metal,metal","Roadrunner Records",0.55,0.734,8,-8.447,1,0.0431,0.0556,0.049,0.102,0.599,91.707,4
spotify:track:3brCbW1KbGBUvMsqUhHQEy,"Back to You","Room For Squares","John Mayer",2001-08-16,241640,53,false,pweb3m7uoyyvwg4u4vbew6t29,2020-03-10T15:52:21Z,"singer-songwriter","Aware/Columbia",0.571,0.835,6,-5.574,0,0.0327,0.00698,0.0000305,0.0639,0.521,101.94,4
spotify:track:6ZxrUCaynLgKSUudACOTwj,"Cold","Crossfade","Crossfade",2004-04-13,194226,77,false,pweb3m7uoyyvwg4u4vbew6t29,2020-03-10T16:39:54Z,"post-grunge","FG Records/Columbia",0.451,0.815,2,-5.55,0,0.0368,0.0000606,0,0.27,0.618,147.974,4
spotify:track:7uiLbz4HbJBnY3KbswCMPE,"Already Gone","Falling Away","Crossfade",2006-08-29,206173,53,false,pweb3m7uoyyvwg4u4vbew6t29,2020-03-10T16:40:25Z,"post-grunge","Columbia",0.274,0.771,5,-6.762,0,0.059,0.000921,0.0000016,0.0857,0.494,94.851,3
spotify:track:7Ewz6bJ97vUqk5HdkvguFQ,"Heaven","Reckless (30th Anniversary / Deluxe Edition)","Bryan Adams",1984-11-05,243360,87,false,pweb3m7uoyyvwg4u4vbew6t29,2020-03-10T19:13:12Z,"","A&M",0.379,0.589,9,-7.315,0,0.027,0.0473,0,0.122,0.334,140.068,4
spotify:track:03EnOL1O9EKi9CFNmPyrCm,"Please Forgive Me","Anthology","Bryan Adams",2005-01-01,355640,1,false,pweb3m7uoyyvwg4u4vbew6t29,2020-03-10T19:13:18Z,"","Polydor Records",0.558,0.46,9,-7.032,1,0.0278,0.497,0,0.103,0.145,67.018,3
spotify:track:1Eb90nmqTrxylKFhcUzW8P,"(Everything I Do) I Do It For You","Waking Up The Neighbours","Bryan Adams",1991-09-24,393640,81,false,pweb3m7uoyyvwg4u4vbew6t29,2020-03-10T19:13:21Z,"","A&M",0.533,0.36,1,-12.633,1,0.0282,0.0805,0.00000957,0.0631,0.299,131.23,4
spotify:track:4GPGcw16i4LgnXWKaMLiUI,"Heartache Every Moment","XX - Two Decades Of Love Metal","HIM",2012-10-26,237813,23,false,pweb3m7uoyyvwg4u4vbew6t29,2020-03-10T19:42:55Z,"gothic metal,gothic rock,finnish rock","RCA Records Label",0.569,0.916,5,-2.959,0,0.0358,0.0341,0.0000273,0.106,0.363,119.895,4
spotify:track:7aUKE4GzovhUYhABv5PK2E,"Bury Me Deep Inside Your Heart","HIM World Tribute","Don Studio",2020-02-26,258339,0,false,pweb3m7uoyyvwg4u4vbew6t29,2020-03-11T13:10:12Z,"","Don Studio",0.475,0.495,6,-6.574,0,0.026,0.0233,0.00801,0.0761,0.272,84.017,4
spotify:track:1CBDR6KqsV21PCref42wVr,"Better Man","Prayers for the Damned","Sixx:A.M.",2016-04-29,296400,0,false,pweb3m7uoyyvwg4u4vbew6t29,2020-03-11T15:21:18Z,"","Eleven Seven Music",0.36,0.921,11,-3.55,0,0.0486,0.00076,0.000139,0.304,0.295,160.064,4
spotify:track:07IYE3kTiVVutOqy8kwLil,"Not Strong Enough","7th Symphony","Apocalyptica;Brent Smith",2010-02-13,215906,0,false,pweb3m7uoyyvwg4u4vbew6t29,2020-03-11T19:34:13Z,"symphonic metal","Columbia Dragnet",0.36,0.836,9,-3.826,1,0.0477,0.00166,0,0.121,0.198,163.985,4
spotify:track:2tAzcTFry1OhmNERFjUR93,"Whore","Blood","In This Moment",2012-08-14,245533,66,true,pweb3m7uoyyvwg4u4vbew6t29,2020-03-11T20:02:41Z,"metal","Century Media",0.603,0.884,11,-3.821,0,0.0475,0.0254,0,0.0813,0.544,90,4
spotify:track:0V4HyZfMPPWovq0cyccai1,"Bittersweet","Apocalyptica","Apocalyptica",2005-01-10,266040,0,false,pweb3m7uoyyvwg4u4vbew6t29,2020-03-11T20:51:34Z,"symphonic metal","HARMAGEDDON RECORDS / OMN LABEL SERVICES",0.255,0.425,7,-8.653,0,0.0297,0.0254,0.000312,0.14,0.0789,111.129,4
spotify:track:7KCQCgw903m8P7PEbHrOZi,"Funeral Song (Vain elämää kausi 9)","Funeral Song (Vain elämää kausi 9)","Ellinoora",2018-09-07,227747,38,false,pweb3m7uoyyvwg4u4vbew6t29,2020-03-11T20:56:11Z,"finnish pop,iskelmä,finnish rock","WM Finland",0.397,0.511,0,-7.25,1,0.0323,0.00784,0.000193,0.0987,0.143,180.023,4
spotify:track:61UvX66JwokrUcBW29NdKO,"All Your Love - Outtake - 1977","Pandora's Box","Aerosmith",1991-11-19,327693,0,false,pweb3m7uoyyvwg4u4vbew6t29,2020-03-11T21:28:56Z,"classic rock,rock","Columbia/Legacy",0.383,0.828,2,-9.484,1,0.0318,0.134,0.132,0.184,0.845,94.815,4
spotify:track:0Zbm5CKG9HHT9bwgvFc0qI,"Decode - Twilight Soundtrack Version","Decode","Paramore",2009-01-16,261959,53,false,pweb3m7uoyyvwg4u4vbew6t29,2020-03-11T21:51:13Z,"pop punk,emo","Atlantic Records",0.282,0.866,10,-4.223,0,0.0588,0.000705,0.0055,0.101,0.277,163.987,4
spotify:track:5qPGi9p8VqcizfdgWxtmLt,"Lovers in Japan","Viva La Vida or Death and All His Friends","Coldplay",2008-06-06,411013,56,false,pweb3m7uoyyvwg4u4vbew6t29,2020-03-11T22:00:13Z,"","Parlophone UK",0.202,0.733,7,-7.599,1,0.0446,0.0427,0.696,0.243,0.0728,118.217,4
spotify:track:4Q2UM2QSR7Gye03jvl4Rdw,"I'm Outta Time","Dig Out Your Soul","Oasis",2008-10-06,250013,54,false,pweb3m7uoyyvwg4u4vbew6t29,2020-03-12T14:46:38Z,"britpop,madchester","Big Brother",0.427,0.622,4,-5.467,0,0.028,0.00107,0.0458,0.431,0.0775,77.406,4
spotify:track:7pN60msHYbOtBNQHLEfZxA,"Dance With Me","Mumbo Jumbo","Air Supply",2010-05-04,335386,0,false,pweb3m7uoyyvwg4u4vbew6t29,2020-03-12T16:21:37Z,"soft rock","Odds On Records",0.719,0.674,9,-5.442,1,0.0281,0.31,0.000185,0.162,0.374,129.989,4
spotify:track:0VNExmwgv5xE6xAdMPzCWD,"Faith In Love","Mumbo Jumbo","Air Supply",2010-05-04,270173,0,false,pweb3m7uoyyvwg4u4vbew6t29,2020-03-12T16:21:44Z,"soft rock","Odds On Records",0.545,0.863,9,-4.148,1,0.0303,0.0272,0.0222,0.147,0.289,120.089,4
spotify:track:4p8q2CuSY9mRKQQgN0vosC,"Fallido Intento","Lo Que No Sabias (Edicion Especial)","Don Tetto",2007-07-01,220421,43,false,pweb3m7uoyyvwg4u4vbew6t29,2020-03-12T16:32:33Z,"colombian pop,rock en español,latin rock","AKELA FAMILY MUSIC",0.51,0.932,2,-5.478,1,0.0799,0.0667,0,0.56,0.622,99.874,4
spotify:track:5qlSYa5PePLAuAsAFgqVxW,"Wall of Glass","As You Were (Deluxe Edition)","Liam Gallagher",2017-10-06,223546,59,false,pweb3m7uoyyvwg4u4vbew6t29,2020-03-12T16:38:18Z,"britpop,madchester","Warner Records",0.351,0.939,0,-4.469,1,0.0564,0.0000642,0.00113,0.296,0.321,182.067,4
spotify:track:6sBgH04G1edCBg7eC8rIdl,"Mil Horas","El Album","Los Abuelos De La Nada",1988-01-01,167066,55,false,pweb3m7uoyyvwg4u4vbew6t29,2020-03-12T18:35:33Z,"argentine rock,latin rock,rock en español","Universal Music Argentina S.A.",0.72,0.29,7,-15.681,0,0.0866,0.483,0,0.0843,0.607,100.126,4
spotify:track:186afFfe9E4NSyFSvroz1j,"Sin documentos - Edición Aniversario","Sin Documentos (Edición Aniversario)","Los Rodriguez",2014-09-16,286360,49,false,pweb3m7uoyyvwg4u4vbew6t29,2020-03-12T18:47:29Z,"latin rock,argentine rock,rock en español","WM Spain",0.374,0.958,7,-4.248,0,0.0714,0.402,0.00000191,0.168,0.877,192.485,4
spotify:track:1ZGs4W7LBJy68hRPTsvMFc,"Para no olvidar","Palabras más, palabras menos","Los Rodriguez",1995-05-21,234813,69,false,pweb3m7uoyyvwg4u4vbew6t29,2020-03-12T18:48:14Z,"latin rock,argentine rock,rock en español","DRO/EastWest Spain",0.593,0.926,7,-3.696,0,0.0322,0.242,0.00000157,0.207,0.961,104.854,4
spotify:track:78DVpEWwmJFC25KGz8fJuE,"Clavado en Un Bar","Sueños Líquidos","Maná",1997,310813,81,false,pweb3m7uoyyvwg4u4vbew6t29,2020-03-12T19:04:12Z,"rock en español,latin rock,mexican rock,latin pop","WM Mexico",0.634,0.854,11,-3.444,1,0.0369,0.00737,0.00000249,0.0664,0.564,148.003,4
spotify:track:60a0Rd6pjrkxjPbaKzXjfq,"In the End","Hybrid Theory (Bonus Edition)","Linkin Park",2000-10-24,216880,92,false,pweb3m7uoyyvwg4u4vbew6t29,2020-03-12T20:02:19Z,"nu metal,rap metal,rock,alternative metal","Warner Records",0.556,0.864,3,-5.87,0,0.0584,0.00958,0,0.209,0.4,105.143,4
spotify:track:6L5QMBrydoaapTDMQ0Anui,"Guilty All the Same (feat. Rakim)","The Hunting Party","Linkin Park;Rakim",2014-06-09,355120,61,false,pweb3m7uoyyvwg4u4vbew6t29,2020-03-12T20:02:39Z,"nu metal,rap metal,rock,alternative metal,east coast hip hop,old school hip hop,hip hop","Warner Records",0.566,0.969,2,-3.369,0,0.046,0.0287,0.000442,0.281,0.641,100.012,4
spotify:track:7oVEtyuv9NBmnytsCIsY5I,"BURN IT DOWN","LIVING THINGS","Linkin Park",2012-06-19,230253,83,false,pweb3m7uoyyvwg4u4vbew6t29,2020-03-12T20:02:46Z,"nu metal,rap metal,rock,alternative metal","Warner Records",0.585,0.972,9,-4.45,0,0.0534,0.0143,0,0.0707,0.585,110.006,4
spotify:track:5JHNg1hxZFT7TDEphhM4wj,"Waiting for the End","A Thousand Suns","Linkin Park",2010-09-08,231680,74,false,pweb3m7uoyyvwg4u4vbew6t29,2020-03-12T20:02:50Z,"nu metal,rap metal,rock,alternative metal","Warner Records",0.487,0.961,4,-4.139,1,0.132,0.0415,0.00000115,0.553,0.323,170.005,4
spotify:track:0dlXddcZBjVhHhTVfu1s21,"Whole World Is Watching (feat. Dave Pirner)","Hydra","Within Temptation;Dave Pirner",2014-02-04,243221,0,false,pweb3m7uoyyvwg4u4vbew6t29,2020-03-12T20:03:33Z,"symphonic metal,gothic metal,gothic rock,power metal,metal","BMG Rights Management Benelux B.V.",0.457,0.759,1,-4.074,1,0.0292,0.00642,0,0.115,0.223,101.998,4
spotify:track:6tjeBVNiepkf2ZguwIELZ3,"Lichtgestalt","Zeitreise","Lacrimosa",2019,317226,0,false,pweb3m7uoyyvwg4u4vbew6t29,2020-03-12T20:43:56Z,"gothic metal,symphonic metal,gothic rock,darkwave","Hall of Sermon",0.592,0.679,6,-7.483,1,0.0412,0.00317,0.0000264,0.0963,0.511,125.005,4
spotify:track:1AEDd0Z95znvoK0A2iUXpt,"Alleine ze zweit","Zeitreise","Lacrimosa",2019,255373,0,false,pweb3m7uoyyvwg4u4vbew6t29,2020-03-12T20:44:01Z,"gothic metal,symphonic metal,gothic rock,darkwave","Hall of Sermon",0.566,0.64,7,-6.569,0,0.0299,0.0416,0.00000402,0.0676,0.151,109.917,4
spotify:track:5ZR5SiL5k0yg4ZALbvetFf,"Utopia (feat. Chris Jones)","An Acoustic Night At The Theatre","Within Temptation;Chris Jones",2009-11-02,230306,0,false,pweb3m7uoyyvwg4u4vbew6t29,2020-03-12T20:44:08Z,"symphonic metal,gothic metal,gothic rock,power metal,metal,trance","Columbia",0.287,0.561,6,-6.467,1,0.0298,0.0269,0,0.119,0.181,113.579,4
spotify:track:5J5HPF0GkPsBRJY5h0TzfS,"Stand My Ground - Live","An Acoustic Night At The Theatre","Within Temptation",2009-11-02,233906,0,false,pweb3m7uoyyvwg4u4vbew6t29,2020-03-12T20:53:44Z,"symphonic metal,gothic metal,gothic rock,power metal,metal","Columbia",0.45,0.675,5,-6.56,0,0.0295,0.272,0.0000745,0.974,0.156,87.99,4
spotify:track:7gIITp3Og8L2NIjIu0jJnX,"Ich verlasse heut' Dein Herz","Zeitreise","Lacrimosa",2019,511160,0,false,pweb3m7uoyyvwg4u4vbew6t29,2020-03-12T21:18:40Z,"gothic metal,symphonic metal,gothic rock,darkwave","Hall of Sermon",0.501,0.529,9,-9.679,0,0.0256,0.00786,0.238,0.101,0.326,95.012,4
spotify:track:0PjG4q0V3LU8TT8uH2QotE,"Durch Nacht und Flut - Spanish Version","Zeitreise","Lacrimosa",2019,364893,0,false,pweb3m7uoyyvwg4u4vbew6t29,2020-03-12T21:47:08Z,"gothic metal,symphonic metal,gothic rock,darkwave","Hall of Sermon",0.392,0.618,1,-6.78,1,0.0357,0.0053,0.000111,0.0792,0.075,120.029,4
spotify:track:3t2sjako8LfadGKyMHxYI4,"Tesoro De Amor","Tesoro De Amor","El Freaky;Juanes;Alfredo Gutierrez",2020-03-13,218200,31,false,pweb3m7uoyyvwg4u4vbew6t29,2020-03-13T12:34:33Z,"dancehall,latin pop,colombian pop,rock en español,vallenato,tropical music,cumbia","Aftercluv Dancelab",0.701,0.871,0,-4.714,1,0.0611,0.0394,0.00000328,0.273,0.512,104.022,4
spotify:track:4lx2YbTuYzKq23dqkDJlfA,"Untouchable, Pt. 2 - Live","Universal","Anathema",2013-09-23,343333,25,false,pweb3m7uoyyvwg4u4vbew6t29,2020-03-13T13:47:46Z,"doom metal,gothic metal,progressive rock,progressive metal","Kscope",0.346,0.357,0,-9.6,0,0.0313,0.164,0.0000122,0.939,0.111,129.783,4
spotify:track:6dGnYIeXmHdcikdzNNDMm2,"Here Comes The Sun - Remastered 2009","Abbey Road (Remastered)","The Beatles",1969-09-26,185733,87,false,pweb3m7uoyyvwg4u4vbew6t29,2020-03-13T14:40:34Z,"classic rock,psychedelic rock","EMI Catalogue",0.557,0.54,9,-10.484,1,0.0347,0.0339,0.00248,0.179,0.394,129.177,4
spotify:track:3BQHpFgAp4l80e1XslIjNI,"Yesterday - Remastered 2009","Help! (Remastered)","The Beatles",1965-08-06,125666,79,false,pweb3m7uoyyvwg4u4vbew6t29,2020-03-13T14:40:44Z,"classic rock,psychedelic rock","EMI Catalogue",0.332,0.179,5,-11.83,1,0.0326,0.879,0,0.0886,0.315,96.524,4
spotify:track:63T7DJ1AFDD6Bn8VzG6JE8,"Paint It, Black","Aftermath","The Rolling Stones",1966-04-15,202266,86,false,pweb3m7uoyyvwg4u4vbew6t29,2020-03-13T14:41:29Z,"classic rock,rock","ABKCO Music and Records, Inc.",0.464,0.795,1,-9.267,1,0.0926,0.0493,0.00244,0.399,0.612,158.691,4
spotify:track:4BhqnM5lktowwfHqq2JYhg,"All I Need","The Heart of Everything","Within Temptation",2007-03-09,290840,0,false,pweb3m7uoyyvwg4u4vbew6t29,2020-03-13T14:41:36Z,"symphonic metal,gothic metal,gothic rock,power metal,metal","Gun",0.277,0.724,10,-4.849,1,0.0387,0.208,0.00000291,0.119,0.13,152.717,3
spotify:track:1GcVa4jFySlun4jLSuMhiq,"Angie - Remastered 2009","Goats Head Soup (Remastered 2009)","The Rolling Stones",1973-08-31,272000,76,false,pweb3m7uoyyvwg4u4vbew6t29,2020-03-13T14:41:45Z,"classic rock,rock","Polydor Records",0.429,0.554,9,-6.128,0,0.0291,0.67,0.000152,0.105,0.407,136.302,4
spotify:track:2SbsvihBJmgNKZ4qkXFWrp,"More Than Words","Extreme II - Pornograffitti","Extreme",1990-01-01,334040,2,false,pweb3m7uoyyvwg4u4vbew6t29,2020-03-13T14:42:08Z,"glam metal","A&M",0.623,0.127,6,-14.935,1,0.0306,0.452,0,0.114,0.237,91.625,4
spotify:track:1X3T2J7S1s6aCIbmjFf2NG,"Flightless Bird, American Mouth","The Shepherd's Dog","Iron & Wine",2007-09-25,241917,0,false,pweb3m7uoyyvwg4u4vbew6t29,2020-03-13T14:42:30Z,"indie folk","Sub Pop Records",0.37,0.403,3,-7.997,1,0.026,0.822,0.0649,0.106,0.179,155.049,3
spotify:track:4u7EnebtmKWzUH433cf5Qv,"Bohemian Rhapsody - Remastered 2011","A Night At The Opera (2011 Remaster)","Queen",1975-11-21,354320,84,false,pweb3m7uoyyvwg4u4vbew6t29,2020-03-13T14:52:35Z,"classic rock,rock,glam rock","EMI",0.411,0.404,0,-9.928,0,0.0511,0.271,0,0.3,0.226,71.068,4
spotify:track:5vdp5UmvTsnMEMESIF2Ym7,"Another One Bites The Dust - Remastered 2011","The Game (2011 Remaster)","Queen",1980-06-27,214653,85,false,pweb3m7uoyyvwg4u4vbew6t29,2020-03-13T14:52:39Z,"classic rock,rock,glam rock","EMI",0.933,0.528,5,-6.472,0,0.161,0.112,0.312,0.163,0.754,109.967,4
spotify:track:5T8EDUDqKcs6OSOwEsfqG7,"Don't Stop Me Now - Remastered 2011","Jazz (2011 Remaster)","Queen",1978-11-10,209413,86,false,pweb3m7uoyyvwg4u4vbew6t29,2020-03-13T14:52:54Z,"classic rock,rock,glam rock","EMI",0.559,0.868,5,-5.276,1,0.17,0.0475,0.000176,0.776,0.609,156.295,4
spotify:track:4gMgiXfqyzZLMhsksGmbQV,"Another Brick in the Wall, Pt. 2","The Wall","Pink Floyd",1979-11-30,238946,85,false,pweb3m7uoyyvwg4u4vbew6t29,2020-03-13T14:54:06Z,"progressive rock,psychedelic rock,classic rock,art rock,rock","Pink Floyd Records",0.693,0.394,0,-15.882,1,0.0428,0.0782,0.000694,0.247,0.721,104.114,4
spotify:track:6hwQ69v7VbPhTTR2fOtYX7,"Want You Bad","Conspiracy Of One","The Offspring",2000-11-14,202573,77,false,pweb3m7uoyyvwg4u4vbew6t29,2020-03-13T14:54:26Z,"punk,skate punk","Concord Records",0.491,0.966,4,-4.28,1,0.0538,0.0000559,0,0.307,0.614,105.544,4
spotify:track:717oSBYrcR8awQgUsmyE32,"All I Want","Ixnay On The Hombre","The Offspring",1997-02-04,114666,69,false,pweb3m7uoyyvwg4u4vbew6t29,2020-03-13T14:55:22Z,"punk,skate punk","Concord Records",0.205,0.973,6,-3.389,0,0.124,0.01,0,0.393,0.565,172.689,4
spotify:track:3ntrdR24dLkKrzSGRv1FlH,"Stand By Me - Remastered 2010","Rock 'N' Roll","John Lennon",1975-02-17,211666,67,false,pweb3m7uoyyvwg4u4vbew6t29,2020-03-13T15:04:45Z,"christmas","EMI Catalogue",0.632,0.556,9,-10.138,1,0.0288,0.29,0.0215,0.0779,0.633,104.996,4
spotify:track:5n6RDaGFSN88oRWuGtYAIN,"The Show Must Go On - Remastered 2011","Innuendo (2011 Remaster)","Queen",1991-02-05,277826,73,false,pweb3m7uoyyvwg4u4vbew6t29,2020-03-13T15:30:51Z,"classic rock,rock,glam rock","EMI",0.426,0.687,11,-6.926,0,0.0329,0.409,0,0.112,0.189,84.141,4
spotify:track:4qGK21F2n8zYRNsllinNaS,"I Feel Better","One Life Stand","Hot Chip",2010-02-01,280286,46,false,pweb3m7uoyyvwg4u4vbew6t29,2020-03-13T15:31:46Z,"alternative dance,new rave,indie dance","Domino Recording Co",0.598,0.672,0,-5.291,0,0.0438,0.0134,0,0.106,0.338,125.086,4
spotify:track:6p8eEdiZLKJH8tcjGZuNTK,"Run","Run","Joji",2020-02-06,195000,0,false,pweb3m7uoyyvwg4u4vbew6t29,2020-03-13T20:02:41Z,"","88rising Music/Warner Records",0.447,0.72,7,-3.954,1,0.0332,0.0416,0.000297,0.614,0.362,157.892,3
spotify:track:2z0rUeYryxi11Bm7mhKd4I,"Siehst Du Mich Im Licht?","Stille","Lacrimosa",1997-03-14,498840,0,false,pweb3m7uoyyvwg4u4vbew6t29,2020-03-16T16:57:46Z,"gothic metal,symphonic metal,gothic rock,darkwave","Hall of Sermon",0.584,0.767,0,-7.532,1,0.0298,0.000804,0.116,0.103,0.572,120.041,4
spotify:track:6XJn0WSvV3W6yJsMvJfpC6,"Irgendein Arsch ist immer unterwegs","Zeitreise","Lacrimosa",2019,302133,0,false,pweb3m7uoyyvwg4u4vbew6t29,2020-03-16T19:13:48Z,"gothic metal,symphonic metal,gothic rock,darkwave","Hall of Sermon",0.567,0.744,5,-6.886,1,0.0401,0.00707,0.0000099,0.156,0.182,109.995,4
spotify:track:4n2cDY4GP1ghJZnOWZmRPf,"Heavy","New World (Special Edition)","Lauri",2011-01-01,242600,0,false,pweb3m7uoyyvwg4u4vbew6t29,2020-03-17T15:55:27Z,"finnish pop","Dynasty Helsinki",0.623,0.786,11,-5.293,1,0.0341,0.000187,0.00669,0.271,0.273,108.977,4
spotify:track:3kDWkPjJQkrSfBGJZL5BU8,"In The City","New World (Special Edition)","Lauri",2011-01-01,236379,23,false,pweb3m7uoyyvwg4u4vbew6t29,2020-03-17T15:55:31Z,"finnish pop","Dynasty Helsinki",0.626,0.63,11,-6.733,0,0.0311,0.000108,0.0491,0.0761,0.45,110.982,4
spotify:track:70wqir72qsoo57z5BQKttn,"My House - Radio Edit","My House (Radio Edit)","Lauri",2013-01-01,211053,5,false,pweb3m7uoyyvwg4u4vbew6t29,2020-03-17T15:59:46Z,"finnish pop","Universal Music Oy",0.719,0.694,6,-4.182,0,0.0329,0.000166,0.172,0.0829,0.906,117.038,4
spotify:track:6eSB9z6SKIlGeqMLvO5lAb,"Zoom","In A Million Years","Last Dinosaurs",2012-01-01,240666,51,false,pweb3m7uoyyvwg4u4vbew6t29,2020-03-17T20:42:38Z,"","Dew Process",0.46,0.739,7,-5.326,1,0.0545,0.000171,0.000241,0.361,0.52,122.374,4
spotify:track:7eKkXV2jH4xGefItHAUk9g,"Mi Primer Dia Sin Ti","Big Bang","Los Enanitos Verdes",1994-01-01,268600,70,false,pweb3m7uoyyvwg4u4vbew6t29,2020-03-18T12:05:13Z,"rock en español,latin rock,argentine rock,mexican rock,latin alternative","EMI Latin",0.526,0.649,9,-5.534,1,0.0241,0.129,0,0.271,0.408,83.405,4
spotify:track:5IiPYcYcwUnUrmrdhRNRKI,"No Me Dejes Caer","Tic Tac","Los Enanitos Verdes",2013-04-02,240373,27,false,pweb3m7uoyyvwg4u4vbew6t29,2020-03-18T12:05:29Z,"rock en español,latin rock,argentine rock,mexican rock,latin alternative","Serafita Music Inc.",0.275,0.698,4,-6.022,1,0.0406,0.00157,0,0.0842,0.294,173.382,4
spotify:track:1lAFWiaVhJhvQ5Gtzp6vSu,"Tu Carcel - En Vivo","En Vivo","Los Enanitos Verdes",2004-01-01,242413,74,false,pweb3m7uoyyvwg4u4vbew6t29,2020-03-18T12:05:52Z,"rock en español,latin rock,argentine rock,mexican rock,latin alternative","Universal Music Mexico",0.639,0.745,2,-5.455,1,0.0291,0.153,0.00000433,0.914,0.582,117.454,4
spotify:track:2JlVEgNJwskpAGSudKPqLD,"Igual Que Ayer","Igual Que Ayer","Los Enanitos Verdes",1992-01-01,290063,68,false,pweb3m7uoyyvwg4u4vbew6t29,2020-03-18T12:06:28Z,"rock en español,latin rock,argentine rock,mexican rock,latin alternative","EMI Argentina",0.621,0.706,7,-11.262,1,0.0283,0.0185,0,0.436,0.88,137.145,4
spotify:track:0CXRImRkQmXGxavW5viNXv,"Versiegelt Glanzumströmt","Inferno","Lacrimosa",1995-03-17,447760,0,false,pweb3m7uoyyvwg4u4vbew6t29,2020-03-18T16:07:09Z,"gothic metal,symphonic metal,gothic rock,darkwave","Hall of Sermon",0.555,0.311,9,-15.223,1,0.0344,0.186,0.00152,0.191,0.297,120.018,4
spotify:track:3PIykNZc7yuOZbLRVcTTrc,"Schakal","Inferno","Lacrimosa",1995-03-17,612973,0,false,pweb3m7uoyyvwg4u4vbew6t29,2020-03-18T16:40:20Z,"gothic metal,symphonic metal,gothic rock,darkwave","Hall of Sermon",0.448,0.555,9,-14.726,0,0.031,0.000136,0.11,0.74,0.139,100.002,4
spotify:track:1awCdwZFlTXDnTKyY8UW8s,"Deine Nähe","Stille","Lacrimosa",1997-03-14,662320,0,false,pweb3m7uoyyvwg4u4vbew6t29,2020-03-18T19:38:47Z,"gothic metal,symphonic metal,gothic rock,darkwave","Hall of Sermon",0.392,0.658,9,-8.868,0,0.0329,0.00511,0.103,0.0847,0.476,99.979,4
spotify:track:3Ihv4HBOIf75Myj5vZKEkZ,"Cualquiera en su sano juicio (se habría vuelto loco por ti)","Cualquiera en su sano juicio (se habría vuelto loco por ti)","Bunbury",2020-03-18,300634,31,false,pweb3m7uoyyvwg4u4vbew6t29,2020-03-18T21:17:53Z,"rock en español,latin rock,mexican rock","WM Spain",0.444,0.668,7,-6.894,0,0.0515,0.0472,0.0000594,0.116,0.311,147.379,3
spotify:track:3LVQfvZOm4IdWIHH9ZrVXj,"Ich Verlasse Heut' Dein Herz","Elodia","Lacrimosa",1999-06-07,511760,0,false,pweb3m7uoyyvwg4u4vbew6t29,2020-03-19T14:05:10Z,"gothic metal,symphonic metal,gothic rock,darkwave","Hall of Sermon",0.5,0.529,9,-9.867,0,0.0259,0.00928,0.241,0.095,0.333,95.045,4
spotify:track:7pNbPoRm1F5FnpUm1MsCcb,"Der Morgen danach","Fassade","Lacrimosa",2001-10-01,266573,0,false,pweb3m7uoyyvwg4u4vbew6t29,2020-03-19T16:39:16Z,"gothic metal,symphonic metal,gothic rock,darkwave","Hall of Sermon",0.282,0.519,11,-7.528,1,0.0389,0.0168,0.00000329,0.122,0.2,199.68,4
spotify:track:4lIiETVmpEvpHqrAhugVd5,"Salute the Sanguine","Gothica Fennica Vol. 1","VV",2020-03-20,307806,0,false,pweb3m7uoyyvwg4u4vbew6t29,2020-03-20T11:45:41Z,"gothic metal,gothic rock","Heartagram Ltd",0.449,0.895,4,-6.139,0,0.0477,0.00561,0.384,0.244,0.359,146.041,4
spotify:track:6rmMGiFxVZwSVg7r13KOUo,"Run Away from the Sun","Gothica Fennica Vol. 1","VV",2020-03-20,253421,0,false,pweb3m7uoyyvwg4u4vbew6t29,2020-03-20T11:45:48Z,"gothic metal,gothic rock","Heartagram Ltd",0.503,0.824,6,-5.882,1,0.0354,0.00692,0.542,0.107,0.388,113.988,4
spotify:track:7CCY8IQxDPsYg626BIdGMa,"Saturnine Saturnalia","Gothica Fennica Vol. 1","VV",2020-03-20,400840,0,false,pweb3m7uoyyvwg4u4vbew6t29,2020-03-20T11:45:54Z,"gothic metal,gothic rock","Heartagram Ltd",0.267,0.618,8,-7.414,0,0.0353,0.0181,0.297,0.0403,0.108,120.459,4
spotify:track:7vcDJCAO356RYkCfiUozmE,"Maldito duende","Senderos De Traición - Edición Especial","Heroes Del Silencio",1990,253186,77,false,pweb3m7uoyyvwg4u4vbew6t29,2020-03-21T19:59:45Z,"rock en español,latin rock,mexican rock,latin alternative","Parlophone Spain",0.374,0.85,4,-5.657,0,0.0404,0.0904,0,0.116,0.348,125.796,4
spotify:track:0aWGzetUTb4lJqy2m2nl1i,"Voy a Vos","Fondo Profundo","Vilma Palma e Vampiros",1994,343440,62,false,pweb3m7uoyyvwg4u4vbew6t29,2020-03-21T20:02:42Z,"rock en español,latin rock,argentine rock","BARCA DISCOS",0.628,0.587,5,-9.184,0,0.0266,0.00583,0.693,0.102,0.488,102.984,4
spotify:track:6Y5k0NupErwLzOQXDxfVFa,"Te Quiero Comer La Boca","Buenos Muchachos","La Mosca",2001-01-01,204933,68,false,pweb3m7uoyyvwg4u4vbew6t29,2020-03-21T20:03:03Z,"rock en español,latin rock,argentine rock,murga","EMI Argentina",0.774,0.665,0,-6.42,1,0.0326,0.105,0.0000489,0.148,0.968,106.842,4
spotify:track:19CmuECYssqkPWANF4nLWM,"Para No Verte Más","Visperas De Carnaval","La Mosca",2000,191560,82,false,pweb3m7uoyyvwg4u4vbew6t29,2020-03-21T20:03:15Z,"rock en español,latin rock,argentine rock,murga","EMI Argentina",0.658,0.815,0,-6.834,1,0.105,0.0168,0,0.341,0.837,99.276,4
spotify:track:73VHAG0boYdRMf3sJgFmDC,"A.U.S.","Sehnsucht","Lacrimosa",2009-05-08,435234,0,false,pweb3m7uoyyvwg4u4vbew6t29,2020-03-25T15:50:45Z,"gothic metal,symphonic metal,gothic rock,darkwave","Hall of Sermon",0.469,0.35,2,-11.061,0,0.0294,0.436,0.017,0.275,0.12,95.053,4
spotify:track:0QKfiqpEU4h9ycPSzIFwYe,"Maniac","Flashdance (Original Soundtrack From The Motion Picture)","Michael Sembello",1983-04-11,244706,75,false,pweb3m7uoyyvwg4u4vbew6t29,2020-03-25T16:28:33Z,"","Mercury Records",0.617,0.533,3,-11.516,0,0.0651,0.0891,0.00000401,0.0415,0.835,158.861,4
spotify:track:0kRK2skbPVWvsjSfHuFF9A,"Koma - Special Version","Sehnsucht","Lacrimosa",2009-05-08,552634,0,false,pweb3m7uoyyvwg4u4vbew6t29,2020-03-25T16:55:59Z,"gothic metal,symphonic metal,gothic rock,darkwave","Hall of Sermon",0.515,0.696,2,-8.159,0,0.0422,0.0146,0.0634,0.121,0.143,121.976,4
spotify:track:6EPj4OFEL9jFj0LUc5rZXR,"Ohne Dich ist alles nichts","Schattenspiel","Lacrimosa",2010-05-07,365760,0,false,pweb3m7uoyyvwg4u4vbew6t29,2020-03-26T16:10:55Z,"gothic metal,symphonic metal,gothic rock,darkwave","Hall of Sermon",0.439,0.366,7,-8.866,1,0.0329,0.0189,0.177,0.325,0.0674,120.017,4
spotify:track:2XTggG0CO00DkQy3U9rj1e,"Cool Kids","Bark Like a Dog","Screeching Weasel",1996-11-05,133293,0,false,pweb3m7uoyyvwg4u4vbew6t29,2020-03-26T16:15:02Z,"punk,skate punk,ska punk,pop punk,ska,hardcore punk,melodic hardcore","Fat Wreck Chords",0.597,0.887,7,-6.584,1,0.0406,0.000742,0.0345,0.188,0.88,93.031,4
spotify:track:2AFGDkBRNb1gdrKPSZfJnx,"Irgendein Arsch ist Immer Unterwegs","Revolution","Lacrimosa",2012-09-07,302440,0,false,pweb3m7uoyyvwg4u4vbew6t29,2020-03-26T16:16:22Z,"gothic metal,symphonic metal,gothic rock,darkwave","Hall of Sermon",0.566,0.763,5,-6.378,1,0.0402,0.00787,0.0000109,0.18,0.172,109.985,4
spotify:track:5cGfoDFitrFnPZuHdAWF8V,"Verloren","Revolution","Lacrimosa",2012-09-07,451133,0,false,pweb3m7uoyyvwg4u4vbew6t29,2020-03-26T16:50:20Z,"gothic metal,symphonic metal,gothic rock,darkwave","Hall of Sermon",0.443,0.953,2,-5.768,0,0.0933,0.000694,0.0145,0.328,0.0964,142.998,4
spotify:track:5g8caDdeS5PFEjTEw1oYXQ,"Feuerzug (Part II)","Revolution","Lacrimosa",2012-09-07,282773,0,false,pweb3m7uoyyvwg4u4vbew6t29,2020-03-26T19:27:25Z,"gothic metal,symphonic metal,gothic rock,darkwave","Hall of Sermon",0.556,0.952,0,-5.678,0,0.0394,0.0219,0.000519,0.119,0.724,116.972,4
spotify:track:7usjOx3OLpk3h9jtpgJAGL,"Rote Sinfonie","Revolution","Lacrimosa",2012-09-07,665773,0,false,pweb3m7uoyyvwg4u4vbew6t29,2020-03-27T14:12:12Z,"gothic metal,symphonic metal,gothic rock,darkwave","Hall of Sermon",0.509,0.77,9,-6.657,0,0.0374,0.00526,0.168,0.115,0.0663,129.978,4
spotify:track:4qEznS3h693b3aDtk23SpQ,"Feuer","Sehnsucht","Lacrimosa",2009-05-08,273856,0,false,pweb3m7uoyyvwg4u4vbew6t29,2020-03-27T14:39:31Z,"gothic metal,symphonic metal,gothic rock,darkwave","Hall of Sermon",0.616,0.886,8,-7.901,1,0.0474,0.00125,0.000243,0.124,0.593,124.931,4
spotify:track:1sUlD7pjSC2koJ54ZU1mqs,"Wenn Unsere Helden Sterben","Testimonium","Lacrimosa",2017-09-08,344800,0,false,pweb3m7uoyyvwg4u4vbew6t29,2020-03-30T13:56:08Z,"gothic metal,symphonic metal,gothic rock,darkwave","Hall of Sermon",0.471,0.521,2,-8.511,0,0.0288,0.00941,0.0291,0.326,0.0854,101.977,4
spotify:track:6ey7mfofCDpG82tfZpBOQl,"Shadows of Love","Rough & Tumble","John Waite",2012-08-23,243000,14,false,pweb3m7uoyyvwg4u4vbew6t29,2020-04-08T16:52:38Z,"arena rock","JOHN WAITE",0.471,0.675,11,-6.022,0,0.0297,0.000168,0.000194,0.372,0.217,112.989,4
spotify:track:3ffTqr1RpVAN7wHz9yCTzR,"If You Ever Get Lonely","Rough & Tumble","John Waite",2012-08-23,235760,24,false,pweb3m7uoyyvwg4u4vbew6t29,2020-04-08T16:52:49Z,"arena rock","JOHN WAITE",0.4,0.588,2,-7.042,1,0.0297,0.0438,0,0.0888,0.2,159.905,4
spotify:track:3jr7vFpDLm4A6urlAjIizW,"Love Is Dead","Love Is Dead","Kerli",2008-01-01,276026,34,false,pweb3m7uoyyvwg4u4vbew6t29,2020-04-13T22:21:59Z,"melodic bass,future bass","Island Records",0.4,0.898,5,-2.256,1,0.0421,0.00201,0.000154,0.166,0.241,91.013,4
spotify:track:7uatKFFMCrAPsyZ4WLRXto,"Bury Me Deep Inside Your Heart","Razorblade Romance (Deluxe Re-Mastered)","HIM",2014-12-15,256258,0,false,7opo01as7ac1uet6oh3q4dguv,2020-04-16T17:05:54Z,"gothic metal,gothic rock,finnish rock","The End Records",0.511,0.353,6,-7.516,0,0.0278,0.276,0.0000768,0.084,0.117,85.838,4
spotify:track:2mDYYGaGd9uXKkK2YhDA3i,"Brooklyn Bridge To Chorus","The New Abnormal","The Strokes",2020-04-10,235946,71,false,7opo01as7ac1uet6oh3q4dguv,2020-04-18T01:24:30Z,"garage rock,indie rock,alternative rock","Cult Records/RCA Records",0.628,0.571,0,-3.897,1,0.0628,0.00602,0.0000921,0.0833,0.467,119.899,4
spotify:track:2TKJ5MtShY8HKgX3bHErRw,"Chemicals","Chemicals","Dear Left Brain,",2020-03-27,254347,2,false,7opo01as7ac1uet6oh3q4dguv,2020-04-18T04:53:11Z,"","Dear Left Brain,",0.577,0.47,2,-10.308,1,0.0244,0.0622,0.0000626,0.103,0.566,92.022,4
spotify:track:5KiWlTAw0flVh8xgGtxZrO,"Down We Fall","Telegraph","Drake Bell",2005-11-07,349413,0,false,7opo01as7ac1uet6oh3q4dguv,2020-04-20T16:16:53Z,"","Backhouse Records",0.444,0.642,3,-6.981,1,0.0321,0.094,0.0000116,0.118,0.278,139.862,4
spotify:track:0gmbgwZ8iqyMPmXefof8Yf,"How You Remind Me","Silver Side Up","Nickelback",2001-09-11,223840,89,false,7opo01as7ac1uet6oh3q4dguv,2020-04-24T03:02:21Z,"post-grunge,rock","Roadrunner Records",0.446,0.764,10,-5.042,1,0.033,0.00135,0,0.099,0.543,172.094,4
spotify:track:06T10fEzN8ZCcqzQZYA184,"Gotta Be Somebody","Dark Horse","Nickelback",2008-11-14,252653,72,false,7opo01as7ac1uet6oh3q4dguv,2020-04-24T03:02:37Z,"post-grunge,rock","Roadrunner Records",0.536,0.89,0,-5.222,1,0.0601,0.000354,0.00165,0.133,0.205,115.998,4
spotify:track:7aySoZnwt7c6lA54qVVUOk,"Never Gonna Be Alone","Dark Horse","Nickelback",2008-11-14,227026,66,false,7opo01as7ac1uet6oh3q4dguv,2020-04-24T03:02:47Z,"post-grunge,rock","Roadrunner Records",0.544,0.802,4,-4.152,1,0.0282,0.00155,0.0000734,0.122,0.59,130.022,4
spotify:track:3XN5MbVdTPLfdQcP07YO5O,"Wasted On You","Wasted On You","Evanescence",2020-04-24,264312,0,false,7opo01as7ac1uet6oh3q4dguv,2020-04-24T13:46:37Z,"alternative metal","BMG Rights Management (US) LLC",0.335,0.565,10,-6.745,0,0.0397,0.000971,0.00235,0.0462,0.24,185.823,3
spotify:track:4UzVcXufOhGUwF56HT7b8M,"My Immortal","Fallen","Evanescence",2003-03-04,262533,80,false,7opo01as7ac1uet6oh3q4dguv,2020-04-24T14:16:55Z,"alternative metal","The Bicycle Music Company",0.19,0.265,9,-9.206,1,0.0356,0.863,0,0.134,0.101,79.012,4
spotify:track:2OPcwNyO1CmKwlqiP0Y4DT,"Panic","Panic","From Ashes to New",2020-04-17,200800,0,true,7opo01as7ac1uet6oh3q4dguv,2020-04-28T21:37:17Z,"rap rock,rap metal,metalcore","Better Noise Music",0.527,0.961,5,-3.561,0,0.131,0.000318,0,0.319,0.297,98.07,4
spotify:track:3B6M3uKu6RZZ864hxrm8EZ,"If You Could","The Quiet Resistance","Nemesea",2011-01-01,233869,0,false,7opo01as7ac1uet6oh3q4dguv,2020-04-29T21:33:39Z,"symphonic metal,gothic metal,gothic rock,power metal","Napalm Records",0.368,0.399,9,-5.421,1,0.0283,0.766,0.00000146,0.0841,0.253,171.823,4
spotify:track:6nsxYfedpu2PePCpR4DauA,"She's Alone - 616 version","Dark & Sweet (Remasters)","FloVeR",2017-03-05,259473,3,false,7opo01as7ac1uet6oh3q4dguv,2020-04-30T14:25:54Z,"gothic metal,gothic rock","Flover",0.491,0.689,2,-9.036,1,0.0306,0.000452,0.872,0.251,0.197,133.985,4
spotify:track:5lJcLF5GQLD45ATKDek4uO,"Afterlife","The Quiet Resistance","Nemesea",2011-11-21,192026,0,false,7opo01as7ac1uet6oh3q4dguv,2020-05-01T17:43:12Z,"symphonic metal,gothic metal,gothic rock,power metal","Napalm Records",0.412,0.85,11,-3.809,0,0.0719,0.0114,0.00000195,0.27,0.57,149.989,4
spotify:track:34MNaUHeSuFZ0gVAxg3uXb,"Will You Ever Learn","Every Moss And Cob Web","Typecast",2006,282453,1,false,7opo01as7ac1uet6oh3q4dguv,2020-05-03T00:33:06Z,"pinoy rock,opm,pinoy alternative,pinoy indie","OBF Music",0.449,0.642,2,-7.965,1,0.033,0.00252,0,0.168,0.129,109.922,5
spotify:track:1G8jae4jD8mwkXdodqHsBM,"Name","A Boy Named Goo","The Goo Goo Dolls",1995,270000,76,false,7opo01as7ac1uet6oh3q4dguv,2020-05-03T23:58:44Z,"","Warner Records",0.464,0.701,9,-5.943,1,0.0341,0.0691,0.00182,0.0766,0.407,73.97,4
spotify:track:0l0VGXIhFDCr7YV0cF2nOl,"Redemption","This Is the Sound","Cellar Darling",2017-06-30,319680,33,false,7opo01as7ac1uet6oh3q4dguv,2020-05-04T15:57:17Z,"folk metal,symphonic metal,gothic metal,progressive metal","Nuclear Blast",0.356,0.805,0,-6.407,0,0.0562,0.00486,0.00247,0.132,0.102,162.158,4
spotify:track:5x6zt7kl8fk49RL7tuPgot,"Onnesta syntyneet","Onnesta syntyneet","Antti Railio",2017-01-20,200232,19,false,7opo01as7ac1uet6oh3q4dguv,2020-05-04T16:00:26Z,"iskelmä,finnish pop,finnish rock,christmas","FinRecords",0.562,0.798,5,-3.93,1,0.0342,0.0658,0,0.294,0.302,104.033,4
spotify:track:0DC6NUGOuPMv6p7tYDHfMy,"Lucifer","Lucifer","MOLYBARON",2020-04-17,203529,0,false,7opo01as7ac1uet6oh3q4dguv,2020-05-04T21:37:31Z,"progressive metal","MB",0.492,0.972,7,-4.279,1,0.058,0.0000303,0.663,0.0665,0.326,88.477,4
spotify:track:2GS6kvOzVUgmAlidk8jkBM,"Little Bastards","Little Bastards","Palaye Royale",2020-04-10,218326,0,true,7opo01as7ac1uet6oh3q4dguv,2020-05-04T22:01:52Z,"","Sumerian Records",0.49,0.74,4,-6.317,0,0.0401,0.000134,0.00621,0.131,0.339,98.903,4
spotify:track:4RUMuJc1NMAA34AZHSFkRf,"Won't Let Go","Neon (Deluxe Edition)","Negative",2010-05-31,223920,30,false,7opo01as7ac1uet6oh3q4dguv,2020-05-05T20:48:11Z,"finnish rock,gothic metal,gothic rock,finnish pop","WM Finland",0.391,0.844,10,-3.823,0,0.0405,0.00491,0,0.11,0.233,134.927,4
spotify:track:1iDEbdVBPIOAUkK7SvU7y5,"Giving Up!","Neon (Deluxe Edition)","Negative",2010-05-31,303520,16,false,7opo01as7ac1uet6oh3q4dguv,2020-05-05T21:18:48Z,"finnish rock,gothic metal,gothic rock,finnish pop","WM Finland",0.56,0.725,4,-6.124,0,0.0396,0.0103,0.0000507,0.13,0.0369,108.006,4
spotify:track:3zR8CgfnbNsBL1BvuSCl2J,"Geçmişin Yükü","Akustik","Pentagram",2017-03-03,308802,45,false,7opo01as7ac1uet6oh3q4dguv,2020-05-06T14:13:43Z,"anatolian rock","Epic",0.621,0.861,4,-6.484,0,0.0318,0.0446,0.000107,0.157,0.418,96.174,4
spotify:track:3kku2wRvPiYk16yX0E2bTW,"Love Drug","Love Drug","New Volume",2019-11-22,215000,9,false,7opo01as7ac1uet6oh3q4dguv,2020-05-06T15:23:30Z,"","ENVY Recordings",0.52,0.806,2,-3.394,0,0.0328,0.00158,0.0128,0.2,0.258,91.006,4
spotify:track:1dAM2Urn5XtMyoS4BiI7KJ,"The Way I Feel - Feat. Cubworld","In Control","Nemesea",2007-09-14,240133,19,false,7opo01as7ac1uet6oh3q4dguv,2020-05-06T20:48:41Z,"symphonic metal,gothic metal,gothic rock,power metal","Nemesea",0.441,0.206,5,-9.064,1,0.0282,0.511,0,0.0906,0.118,148.787,4
spotify:track:0MkEppgfcVaHjKdtkqmjIZ,"Believe","In Control","Nemesea",2007-09-14,263266,14,false,7opo01as7ac1uet6oh3q4dguv,2020-05-07T03:04:45Z,"symphonic metal,gothic metal,gothic rock,power metal","Nemesea",0.367,0.543,7,-6.301,0,0.0303,0.0236,0.00242,0.0746,0.11,164.006,4
spotify:track:066s12j61ZlXnMDtnUiDbP,"Givin' Yourself Away","Detonator","Ratt",1990-07-31,326000,0,false,7opo01as7ac1uet6oh3q4dguv,2020-05-07T18:41:54Z,"glam metal,glam rock,hard rock","Atlantic Records",0.594,0.752,11,-10.661,0,0.0263,0.00847,0.00161,0.0578,0.736,101.582,4
spotify:track:6w7ily4cFWEPO0XWFQYeUO,"Bulletproof","When Legends Rise","Godsmack",2018-04-27,177048,1,false,7opo01as7ac1uet6oh3q4dguv,2020-05-16T19:51:41Z,"alternative metal,nu metal,hard rock,rap metal,metal","BMG Rights Management (US) LLC",0.39,0.91,5,-3.268,0,0.133,0.000198,0,0.156,0.644,162.253,4
spotify:track:50UklOkfxi1uY6qn9b80LQ,"Viimeinkin","Mustia ruusuja","Neljä Ruusua",2018-10-26,263746,10,false,7opo01as7ac1uet6oh3q4dguv,2020-05-17T17:55:49Z,"finnish rock,finnish pop,iskelmä","Ratas Music",0.57,0.809,0,-6.443,0,0.0279,0.0185,0.0687,0.136,0.77,94.996,4
spotify:track:5peK7njLENZjTLID1b4EoI,"Breaking the Silence","Breaking the Silence","Outline In Color",2020-05-15,213600,22,false,7opo01as7ac1uet6oh3q4dguv,2020-05-18T14:57:19Z,"metalcore,post-hardcore","1587847 Records DK2",0.583,0.918,6,-4.561,0,0.0959,0.00157,0.000246,0.131,0.378,111.032,4
spotify:track:4IkCvLPQfBEclen1NuIDIL,"Painless","Judas","Fozzy",2017-10-13,239779,50,false,7opo01as7ac1uet6oh3q4dguv,2020-05-18T15:30:30Z,"","RED MUSIC",0.391,0.93,2,-4.16,0,0.0509,0.000049,0.000569,0.674,0.502,179.99,4
spotify:track:2QQDH8gt4nyxFu2XX6bhG8,"Judas","Judas","Fozzy",2017-10-13,250793,60,false,7opo01as7ac1uet6oh3q4dguv,2020-05-18T15:41:35Z,"","RED MUSIC",0.418,0.907,0,-3.675,1,0.0584,0.000101,0.000433,0.346,0.473,99.17,4
spotify:track:4tMOZ4nJnKtoVvGWM6DX5I,"Murderous Trap","Monumentum","Frozen Plasma",2009-07-07,319146,16,false,7opo01as7ac1uet6oh3q4dguv,2020-05-18T15:44:51Z,"ebm,synthpop,industrial,darkwave","Metropolis Records",0.614,0.997,4,-3.439,0,0.0315,0.0149,0.412,0.283,0.805,130.002,4
spotify:track:4cCPm2MWACatLnAa2KBaTC,"Composure","Composure","Yours Truly",2020-04-16,189375,0,true,7opo01as7ac1uet6oh3q4dguv,2020-05-19T02:05:41Z,"pop punk","UNFD",0.396,0.987,8,-3.241,1,0.119,0.000779,0,0.21,0.44,155.115,4
spotify:track:1UBFvAxdX5nTTA5hGtsCBB,"A Tu Lado (En Vivo) [Desde el Teatro Colón]","The Mills 10 Años (En Vivo) [Desde el Teatro Colón]","The Mills",2020-05-19,317373,0,false,7opo01as7ac1uet6oh3q4dguv,2020-05-19T13:52:56Z,"rock en español,colombian pop,latin rock","The Mills",0.421,0.735,0,-8.071,1,0.038,0.0263,0.00548,0.981,0.484,91.03,4
spotify:track:4Cvqie5LhfPspjbs36GOIq,"Now and Ever After","Now and Ever After","Suburban Tribe",2010-04-21,263200,25,false,7opo01as7ac1uet6oh3q4dguv,2020-05-19T14:07:01Z,"finnish rock,finnish pop","Cobra",0.535,0.657,11,-5.328,1,0.0273,0.00373,0,0.0997,0.47,102.299,4
spotify:track:4EJjwH5VKFYfhjji1lDmiH,"Sacrifice","Selected Scenes from the End of the World","London After Midnight",1991-12-13,455853,59,false,7opo01as7ac1uet6oh3q4dguv,2020-05-19T14:13:21Z,"gothic rock,deathrock,darkwave,post-punk,gothic metal,cold wave","THiNGMAKER",0.412,0.782,0,-6.862,0,0.0357,0.000206,0.108,0.128,0.149,131.79,4
spotify:track:5dl3vdanMj7taymRk4tiFz,"Divided","Prey","Tiamat",2004-07-13,319893,37,false,7opo01as7ac1uet6oh3q4dguv,2020-05-19T16:47:13Z,"gothic metal,doom metal,gothic rock,symphonic metal","Century Media",0.506,0.439,3,-8.736,0,0.0297,0.0285,0.208,0.0939,0.12,136.064,4
spotify:track:4QdD5TJ36qYMexiAxjvgu6,"Kaukaisimmalle Rannalle","Rakkauden Gangsterit","Tehosekoitin",2001-12-10,285840,31,false,7opo01as7ac1uet6oh3q4dguv,2020-05-19T17:28:07Z,"finnish rock,finnish pop,iskelmä","Levy-Yhtiö",0.336,0.742,9,-4.686,0,0.0369,0.101,0.00215,0.25,0.362,177.938,4
spotify:track:3qs8okh0LvWLIyjfZqk7Qc,"My Mind's Eyes","My Mind's Eyes (Club Single)","Sirenia",2007-01-01,218240,0,false,7opo01as7ac1uet6oh3q4dguv,2020-05-19T17:37:29Z,"symphonic metal,gothic metal,gothic rock,power metal,metal","Nuclear Blast",0.508,0.919,11,-3.434,0,0.0604,0.000464,0.00415,0.0912,0.452,141.998,4
spotify:track:27AL0IRZGTpMCbsPcYrzaq,"Are You Done With Me","We Are The Others","Delain",2012-06-01,187373,30,false,7opo01as7ac1uet6oh3q4dguv,2020-05-19T17:45:43Z,"symphonic metal,gothic metal,power metal,gothic rock,metal","CNR Music",0.434,0.797,8,-5.512,1,0.0466,0.00594,0.000443,0.0825,0.328,99.945,4
spotify:track:1DRls5ug9pd0MffgmiYjfV,"Stardust","The Human Contradiction (Deluxe Edition)","Delain",2014-04-08,237040,0,false,7opo01as7ac1uet6oh3q4dguv,2020-05-19T17:58:40Z,"symphonic metal,gothic metal,power metal,gothic rock,metal","Napalm Records",0.537,0.931,7,-4.73,0,0.0643,0.0024,0.00000921,0.108,0.483,138.037,4
spotify:track:1xa8ZjRS7Rl7WUTWAwkBpJ,"Lovesongs (They Kill Me)","Final Attraction","Cinema Bizarre",2007-10-12,223146,42,false,7opo01as7ac1uet6oh3q4dguv,2020-05-19T18:10:01Z,"","Island Records",0.519,0.764,7,-5.561,0,0.0299,0.00333,0.0000211,0.359,0.404,105.055,4
spotify:track:177X9syEXKI1xmumkjHfFQ,"Feel It in Your Heart","A Different Kind Of Pain (Domestic Version)","Cold",2005-08-29,226493,45,false,7opo01as7ac1uet6oh3q4dguv,2020-05-19T18:17:54Z,"post-grunge,nu metal,alternative metal","Lava",0.318,0.758,5,-4.932,0,0.0364,0.00216,0.00000151,0.0952,0.119,134.455,4
spotify:track:7HqN7S0RynHmZboqW1liSo,"Naufrago","Superbia","Sôber",2011-05-02,286440,0,false,7opo01as7ac1uet6oh3q4dguv,2020-05-19T18:25:08Z,"","Legacy Recordings",0.242,0.884,0,-4.597,1,0.0615,0.00994,0,0.154,0.171,163.941,3
spotify:track:1sP4Ge8cLHsYIm3kHacUGF,"Olette kauniita","Kaunis Minä","Happoradio",2008-08-18,240600,32,false,7opo01as7ac1uet6oh3q4dguv,2020-05-19T19:06:03Z,"finnish pop,finnish rock,iskelmä","Epic",0.586,0.774,1,-4.763,0,0.0258,0.123,0.000012,0.412,0.164,103.986,4
spotify:track:2sCFFlnYg6Lk75GCcfSXEz,"Showbiz","Showbiz","Muse",1999,317000,56,false,7opo01as7ac1uet6oh3q4dguv,2020-05-19T19:37:05Z,"alternative rock,rock","Warner Records",0.236,0.635,2,-7.717,1,0.0565,0.0123,0.216,0.109,0.166,124.785,4
spotify:track:6krmZ2JAmiO2nXKX09nhtZ,"Burn","Going To Hell","The Pretty Reckless",2014-01-01,108213,0,false,7opo01as7ac1uet6oh3q4dguv,2020-05-19T20:31:43Z,"","Goin Down",0.406,0.424,10,-6.899,0,0.0285,0.461,0,0.245,0.272,83.178,4
spotify:track:12ghiTzNkW4qFOW5b44OMC,"My Champion","The Last Hero","Alter Bridge",2016-10-07,280746,37,false,7opo01as7ac1uet6oh3q4dguv,2020-05-19T23:35:45Z,"post-grunge,alternative metal,hard rock","Alter Bridge",0.505,0.947,6,-5.533,1,0.0546,0.0000106,0.00000327,0.374,0.551,115.993,4
spotify:track:1BLOVHYYlH4JUHQGcpt75R,"Ode To The Mets","The New Abnormal","The Strokes",2020-04-10,351786,78,true,7opo01as7ac1uet6oh3q4dguv,2020-05-20T14:45:37Z,"garage rock,indie rock,alternative rock","Cult Records/RCA Records",0.426,0.617,1,-5.423,0,0.0289,0.341,0.181,0.101,0.201,92.002,4
spotify:track:3Au9587rjkkwQAJ4dZ4Qps,"She Makes Me Laugh","Good Times! (Deluxe Edition)","The Monkees",2016-05-27,182773,33,false,7opo01as7ac1uet6oh3q4dguv,2020-05-21T07:35:34Z,"","Rhino",0.59,0.76,9,-5.186,1,0.0408,0.0184,0.0000209,0.354,0.575,133.788,4
spotify:track:11gz8qpRe6V6b3XLLv4bAI,"Wherever You Are","Forever Is Not Enough","Eric Dill",2012-11-20,258321,6,false,7opo01as7ac1uet6oh3q4dguv,2020-05-21T23:53:07Z,"","Vigil Records",0.545,0.634,9,-5.38,1,0.0342,0.0165,0,0.161,0.0927,160.036,4
spotify:track:4bJygwUKrRgq1stlNXcgMg,"All The Things She Said","200 KM/H In The Wrong Lane (10th Anniversary Edition)","t.A.T.u.",2002,214440,87,true,7opo01as7ac1uet6oh3q4dguv,2020-05-22T13:20:37Z,"","Interscope",0.527,0.834,5,-5.767,0,0.0474,0.0411,0.00599,0.105,0.381,179.92,4
spotify:track:2O5Ua1RV8nTIrRHuKfS5mG,"Sex Life","D.R.U.G.S.","Destroy Rebuild Until God Shows",2011-02-18,210160,38,false,7opo01as7ac1uet6oh3q4dguv,2020-06-04T14:03:49Z,"post-hardcore,screamo,metalcore,emo","Sire/Warner Records",0.422,0.89,7,-5.417,0,0.0487,0.00112,0.0000142,0.406,0.343,99.769,4
spotify:track:4dwqJCJJH7sFRu0LWUXC06,"Delirium","Dark Matters","The Rasmus",2018-10-12,202615,26,false,7opo01as7ac1uet6oh3q4dguv,2020-06-04T16:32:17Z,"finnish rock","Playground Music",0.578,0.664,5,-8.098,0,0.0409,0.00533,0.0000226,0.0476,0.371,121.993,4
spotify:track:0dZnYkGYHcea95zV3VB59a,"Lies","Shine","Anette Olzon",2014-03-28,302053,10,false,7opo01as7ac1uet6oh3q4dguv,2020-06-04T17:33:28Z,"symphonic metal,gothic metal,power metal","earMUSIC",0.396,0.874,9,-4.345,0,0.0363,0.000405,0.0000102,0.115,0.258,156.047,3
spotify:track:1aJtdcYdncvyNrVKCcj0eD,"Shandi","Unmasked","KISS",1980-05-20,216866,49,false,7opo01as7ac1uet6oh3q4dguv,2020-06-04T18:25:38Z,"glam rock,glam metal,hard rock,rock,classic rock","Casablanca Records",0.533,0.771,4,-6.512,1,0.028,0.0883,0,0.0428,0.853,103.262,4
spotify:track:3zHXsywWD1eRE4KIKXGK8q,"Until The End Of The World","Harmonizer - Deluxe Bonus Track Edition (Remastered)","Apoptygma Berzerk",2002,354773,39,false,7opo01as7ac1uet6oh3q4dguv,2020-06-09T16:34:38Z,"ebm,industrial,synthpop,darkwave,industrial rock","Pitch Black Drive Productions",0.653,0.909,10,-5.527,0,0.0579,0.0389,0.048,0.0722,0.39,130.477,4
spotify:track:6a9aFMampfnI6ZKvnyAGzm,"Kathy's Song - Victoria Mix by VNV Nation","The Singles Collection - Deluxe Bonus Track Edition (Remastered)","Apoptygma Berzerk;VNV Nation",2019-07-15,461893,32,false,7opo01as7ac1uet6oh3q4dguv,2020-06-09T16:44:30Z,"ebm,industrial,synthpop,darkwave,industrial rock","Pitch Black Drive Productions",0.603,0.777,8,-7.699,1,0.0303,0.108,0.36,0.135,0.376,122.179,4
spotify:track:7Ghf3xMHT75iJBbuerlCae,"I’m Not Leaving","Cause And Effect (Deluxe)","Keane",2019-09-20,254280,35,false,7opo01as7ac1uet6oh3q4dguv,2020-06-11T16:20:02Z,"","Universal-Island Records Ltd.",0.581,0.53,0,-9.099,0,0.0287,0.553,0.053,0.11,0.559,126.002,4
spotify:track:5Msp7XlWAYQhK4khlfzMPL,"This Will Be the Day (feat. Casey Lee Williams)","RWBY, Vol. 1 (Music from the Rooster Teeth Series)","Jeff Williams;Casey Lee Williams",2013-12-17,188259,1,false,7opo01as7ac1uet6oh3q4dguv,2020-06-11T21:21:09Z,"anime","Rooster Teeth Music",0.419,0.933,2,-4.91,0,0.215,0.0033,0.000102,0.297,0.453,94.432,4
spotify:track:0mmaX70fKuhgg0hDrfsS29,"A Beautiful Lie","A Beautiful Lie","Thirty Seconds To Mars",2005-08-16,245306,63,false,7opo01as7ac1uet6oh3q4dguv,2020-06-12T13:05:38Z,"","Virgin Records",0.479,0.929,9,-5.106,0,0.0921,0.00291,0.293,0.171,0.344,159.949,3
spotify:track:6kyxQuFD38mo4S3urD2Wkw,"Unintended","Showbiz","Muse",1999,237026,62,false,7opo01as7ac1uet6oh3q4dguv,2020-06-12T13:06:08Z,"alternative rock,rock","Warner Records",0.487,0.279,6,-11.586,0,0.0265,0.647,0.00185,0.11,0.162,139.362,4
spotify:track:4uxVdPtssxA5DipzyZB9LQ,"Astronaut","Get Your Heart On!","Simple Plan",2011-06-14,220746,40,false,7opo01as7ac1uet6oh3q4dguv,2020-06-12T15:22:46Z,"pop punk,punk,emo","Atlantic Records",0.456,0.879,9,-3.457,0,0.0353,0.00197,0,0.095,0.536,148.131,4
spotify:track:24PfsjdIb7BnRM9YNHU1cq,"I Don't Think I Love You","For(N)ever","Hoobastank",2009-01-27,219600,38,false,7opo01as7ac1uet6oh3q4dguv,2020-06-12T16:27:53Z,"nu metal","Mercury Records",0.528,0.91,2,-4.349,1,0.0344,0.000365,0,0.384,0.555,123.976,4
spotify:track:7HKRWMTErKh56EIBeFcmdf,"Seize the Day","City of Evil","Avenged Sevenfold",2005-06-06,334066,72,false,7opo01as7ac1uet6oh3q4dguv,2020-06-12T16:42:29Z,"metal,alternative metal","Warner Records",0.393,0.802,5,-4.499,1,0.0367,0.0168,0,0.193,0.338,140.101,4
spotify:track:0w8f85bZ3uzsHugPXHhm3d,"Abrázame","Abrázame","La Oreja de Van Gogh",2020-04-14,236557,0,false,7opo01as7ac1uet6oh3q4dguv,2020-06-19T05:33:36Z,"latin pop","Sony Music Entertainment",0.466,0.689,0,-6.567,0,0.103,0.0796,0.0000591,0.159,0.206,146.004,4
spotify:track:6BpU4wDm79Tx4mOzmmzrUy,"Not Strong Enough (feat. Doug Robb)","Not Strong Enough (feat. Doug Robb)","Apocalyptica;Doug Robb",2011-01-07,215266,0,false,7opo01as7ac1uet6oh3q4dguv,2020-06-25T16:02:55Z,"symphonic metal","Columbia Dragnet",0.362,0.823,4,-3.981,0,0.0406,0.00174,0,0.132,0.394,164.063,4
spotify:track:2MkcxhGGj0mES2lYGqSQ7j,"Shining Light","The Book of Fire","Mono Inc.;Tilo Wolff",2020-01-24,322966,37,false,7opo01as7ac1uet6oh3q4dguv,2020-07-04T21:09:22Z,"medieval metal,gothic rock,gothic metal,ebm,symphonic metal,industrial metal,medieval,power metal","NoCut",0.505,0.713,6,-6.493,1,0.0282,0.0022,0.884,0.0768,0.39,129.993,4
spotify:track:5ivmJT034TMMEwad0JlNO7,"Into The Night","Tears On Tape","HIM",2013-04-30,216386,0,false,7opo01as7ac1uet6oh3q4dguv,2020-07-07T16:49:57Z,"gothic metal,gothic rock,finnish rock","Razor & Tie",0.419,0.868,8,-5.56,1,0.0529,0.0063,0.179,0.198,0.452,151.999,4
spotify:track:1bYfutDywiCmNnppkO8pth,"Killing Loneliness","Dark Light","HIM",2005-09-26,270133,0,false,7opo01as7ac1uet6oh3q4dguv,2020-07-07T16:50:18Z,"gothic metal,gothic rock,finnish rock","Kobalt Music Recordings",0.424,0.884,0,-4.931,0,0.0626,0.0281,0.00777,0.0922,0.349,133.992,4
spotify:track:7xvHDudzNBE6fbuQWzucV8,"Your Sweet Six Six Six","Greatest Lovesongs Vol. 666","HIM",2014-12-15,251733,0,false,7opo01as7ac1uet6oh3q4dguv,2020-07-07T16:51:08Z,"gothic metal,gothic rock,finnish rock","BMG Rights Management (US) LLC",0.47,0.97,11,-3.683,0,0.107,0.000725,0.00053,0.225,0.159,130.373,4
spotify:track:0CnD7Hiw6pae6rLsZw5q5W,"Incomplete","Never Gone","Backstreet Boys",2005-06-14,239586,69,false,7opo01as7ac1uet6oh3q4dguv,2020-07-08T15:13:28Z,"","Jive",0.437,0.589,4,-4.834,1,0.0331,0.231,0,0.0768,0.165,133.631,4
spotify:track:68y7qIDx18CBvrs77BHs0U,"Closer To The Edge","This Is War (Deluxe)","Thirty Seconds To Mars",2010-01-01,273466,35,false,7opo01as7ac1uet6oh3q4dguv,2020-07-09T15:42:07Z,"","Virgin Records",0.502,0.948,6,-3.717,1,0.12,0.0101,0.00000449,0.0809,0.102,139.979,4
spotify:track:7hzfrKYkRfPUIiagwhBtZS,"Shine","Actual Size","Mr. Big",2001-09-25,222973,47,false,7opo01as7ac1uet6oh3q4dguv,2020-07-09T15:58:46Z,"glam metal","evoxs",0.592,0.738,8,-6.625,1,0.0279,0.0000556,0.00000933,0.0365,0.754,116.019,4
spotify:track:6icCUF0kh2DNolSP4ryX2p,"Undertow","Live From the Living Room","Mr. Big",2012-02-28,330680,2,false,7opo01as7ac1uet6oh3q4dguv,2020-07-09T15:59:06Z,"glam metal","Frontiers Records",0.488,0.826,3,-6.582,1,0.058,0.0148,0.000153,0.942,0.387,101.845,4
spotify:track:5GGM05xRWJDwFQEz2DZ5ES,"All the Way Up","Live From the Living Room","Mr. Big",2012-02-28,317306,1,false,7opo01as7ac1uet6oh3q4dguv,2020-07-09T15:59:13Z,"glam metal","Frontiers Records",0.469,0.564,3,-6.22,1,0.0285,0.186,0,0.69,0.404,94.205,4
spotify:track:6Hg19hNoenY99R6gdIPUOt,"Undertow","What If...","Mr. Big",2010,288746,18,false,7opo01as7ac1uet6oh3q4dguv,2020-07-09T15:59:24Z,"glam metal","Frontiers Records",0.425,0.965,8,-3.897,1,0.11,0.00626,0.000325,0.236,0.481,102.88,4
spotify:track:471zp5iClGEWe5HWIUPJqR,"All The Way Up","What If...","Mr. Big",2010,312040,11,false,7opo01as7ac1uet6oh3q4dguv,2020-07-09T15:59:58Z,"glam metal","Frontiers Records",0.535,0.852,3,-3.11,1,0.0299,0.0339,0,0.248,0.504,97.114,4
spotify:track:1yXgoDFJAK6DnEnnFkk3Lu,"Undertow - Live","Live from Milan","Mr. Big",2018-07-13,318418,6,false,7opo01as7ac1uet6oh3q4dguv,2020-07-09T16:00:19Z,"glam metal","Frontiers Records s.r.l.",0.459,0.962,5,-6.772,0,0.0907,0.00823,0.000868,0.838,0.17,105.426,4
spotify:track:6u0x5ad9ewHvs3z6u9Oe3c,"Under Cover of Darkness","Angles","The Strokes",2011-03-21,235546,73,false,7opo01as7ac1uet6oh3q4dguv,2020-07-09T18:40:32Z,"garage rock,indie rock,alternative rock","RCA Records Label",0.35,0.775,11,-3.364,1,0.054,0.00433,0.283,0.0676,0.588,199.866,4
spotify:track:305WCRhhS10XUcH6AEwZk6,"Are You Gonna Be My Girl","Get Born","Jet",2003,213800,12,false,7opo01as7ac1uet6oh3q4dguv,2020-07-09T18:52:56Z,"","BMG Rights Management (US) LLC",0.606,0.957,2,-3.404,1,0.0814,0.00117,0.000295,0.14,0.603,105.105,4
spotify:track:0ZSmRnXnP5fdANtVlCok1g,"Look What You've Done","Get Born","Jet",2003,230893,1,false,7opo01as7ac1uet6oh3q4dguv,2020-07-09T18:53:02Z,"","BMG Rights Management (US) LLC",0.4,0.541,0,-6.84,1,0.0252,0.393,0.00108,0.146,0.325,74.425,4
spotify:track:2d1D1E8M48hHE99u6BO8RN,"That Green Gentleman (Things Have Changed)","Pretty. Odd.","Panic! At The Disco",2008-03-21,195013,55,false,7opo01as7ac1uet6oh3q4dguv,2020-07-09T19:09:22Z,"emo","Decaydance/Fueled By Ramen/ATL",0.536,0.796,10,-6.32,1,0.0333,0.103,0,0.177,0.397,95.98,4
spotify:track:6yfGW1uvUa3riTuZbf3zed,"Iris","Iris","DIAMANTE;Breaking Benjamin",2020-07-10,224859,52,false,7opo01as7ac1uet6oh3q4dguv,2020-07-10T19:41:22Z,"alternative metal,post-grunge,rock","Anti-Heroine",0.381,0.65,4,-5.706,1,0.0318,0.00183,0,0.333,0.152,154.773,3
spotify:track:6C2MCGgNdVmtrZMIh3rZVY,"The Only One","4:13 Dream","The Cure",2008-10-27,235360,38,false,7opo01as7ac1uet6oh3q4dguv,2020-07-13T01:29:23Z,"new wave,post-punk,gothic rock,darkwave","Geffen",0.568,0.909,2,-2.462,1,0.0399,0.0548,0.0017,0.435,0.64,117.509,4
spotify:track:7szuecWAPwGoV1e5vGu8tl,"In Your Eyes","After Hours","The Weeknd",2020-03-20,237520,79,true,7opo01as7ac1uet6oh3q4dguv,2020-07-16T15:25:22Z,"","Republic Records",0.667,0.719,7,-5.371,0,0.0346,0.0028,0.0000792,0.0736,0.718,100.019,4
spotify:track:2p8IUWQDrpjuFltbdgLOag,"After Hours","After Hours","The Weeknd",2020-03-20,361026,85,false,7opo01as7ac1uet6oh3q4dguv,2020-07-16T17:00:01Z,"","Republic Records",0.658,0.572,5,-6.099,0,0.0308,0.0811,0.0061,0.121,0.144,108.968,4
spotify:track:2rVeiO8AI1ZDSv4wjS46OX,"What It Takes","Pump","Aerosmith",1989-01-01,388426,52,false,7opo01as7ac1uet6oh3q4dguv,2020-07-22T19:14:44Z,"classic rock,rock","Aerosmith P&D - Geffen",0.47,0.834,0,-4.929,1,0.0643,0.092,0.000133,0.257,0.156,142.536,4
spotify:track:7EEpVPYeW8Ycaw2SlP1u7f,"Just Say Yes","Greatest Hits","Snow Patrol",2013-01-01,281986,51,false,7opo01as7ac1uet6oh3q4dguv,2020-07-22T19:42:27Z,"","Polydor Records",0.535,0.883,9,-5.456,1,0.0324,0.0214,0.0000119,0.0276,0.257,108.017,4
spotify:track:5iF7RdZOqY5681QSOb69ph,"If I Die Tomorrow","Greatest Hits","Mötley Crüe",2008-01-01,222053,0,false,7opo01as7ac1uet6oh3q4dguv,2020-08-04T06:17:27Z,"glam metal,glam rock,hard rock","Universal Music LLC",0.435,0.866,2,-5.221,0,0.0381,0.00000753,0.686,0.141,0.282,141.925,4
spotify:track:1devU3Tqs5bMqo1GtWQhoa,"El Colmo","Anoche","Babasonicos",2005-01-01,160786,67,false,7opo01as7ac1uet6oh3q4dguv,2020-08-04T15:32:00Z,"argentine rock,rock en español,latin rock,latin alternative","Universal Music Argentina S.A.",0.699,0.659,6,-6.091,0,0.0265,0.014,0.000111,0.0992,0.744,124.053,4
spotify:track:5AbNLCXIYKmP6bQ9BhaRE3,"Bizarre Love Triangle","Music From The Motion Picture Not Another Teen Movie","Stabbing Westward",2001-04-01,223533,33,false,7opo01as7ac1uet6oh3q4dguv,2020-08-04T15:34:02Z,"industrial rock,industrial metal,industrial","Maverick",0.504,0.914,0,-5.118,1,0.0758,0.0201,0,0.0923,0.669,120.065,4
spotify:track:5MexkYa3V0aakfl1bN3YsX,"Desierto","Detroit","Miss Caffeina",2016-02-26,255040,24,false,7opo01as7ac1uet6oh3q4dguv,2020-08-04T15:47:50Z,"indie","WM Spain",0.597,0.699,9,-5.653,0,0.0343,0.00383,0.0000215,0.0928,0.485,125.023,4
spotify:track:6gXzzIJs34eYV6CnpiJsP2,"It Matters","Integrity Blues","Jimmy Eat World",2016-10-21,234511,34,false,7opo01as7ac1uet6oh3q4dguv,2020-08-04T17:44:09Z,"emo,pop punk","RCA Records Label",0.611,0.833,11,-6.072,0,0.0296,0.000113,0.000683,0.125,0.85,110.965,4
spotify:track:4WRM2bqX7NJtT4w82VcYF1,"Goodbye To Romance","Love Is for Losers","The Longshot",2018-04-20,261666,34,false,7opo01as7ac1uet6oh3q4dguv,2020-08-04T17:55:04Z,"","The Longshot",0.47,0.698,0,-4.922,1,0.0291,0.216,0.00000115,0.335,0.256,134.005,4
spotify:track:2f5N826udWfjT9iomeaBJt,"If You're Gone","Mad Season","Matchbox Twenty",2000-05-23,274933,70,false,7opo01as7ac1uet6oh3q4dguv,2020-08-11T05:52:30Z,"post-grunge","Atlantic Records",0.544,0.659,9,-7.191,1,0.0298,0.427,0.00000133,0.126,0.361,109.933,4
spotify:track:6Bm6qUCSatPAqkQllFL7oA,"Unwell","More Than You Think You Are","Matchbox Twenty",2002-11-01,228706,75,false,7opo01as7ac1uet6oh3q4dguv,2020-08-11T05:52:54Z,"post-grunge","Atlantic Records",0.256,0.788,6,-5.263,0,0.0403,0.0298,0,0.707,0.429,80.718,4
spotify:track:2Iak5hADjGS4hNgJGm8Q2I,"Hand Me Down","More Than You Think You Are","Matchbox Twenty",2002-11-01,302826,51,false,7opo01as7ac1uet6oh3q4dguv,2020-08-11T05:53:04Z,"post-grunge","Atlantic Records",0.501,0.789,1,-5.372,1,0.044,0.368,0.00000152,0.16,0.238,134.026,4
spotify:track:0AdfjZjynCi5aVfKcaxGvW,"Leave Me Alone","Leave Me Alone","I DONT KNOW HOW BUT THEY FOUND ME",2020-08-05,215644,38,false,7opo01as7ac1uet6oh3q4dguv,2020-08-18T14:17:23Z,"","Fearless Records",0.544,0.886,0,-2.667,1,0.0381,0.00188,0,0.324,0.567,104.09,4
spotify:track:1rptK1oec3gjHpzzrxHyln,"Maybe It’s Time (feat. Corey Taylor, Joe Elliott, Brantley Gilbert, Ivan Moody, Slash, AWOLNATION, Tommy Vext)","Maybe It’s Time (feat. Corey Taylor, Joe Elliott, Brantley Gilbert, Ivan Moody, Slash, AWOLNATION, Tommy Vext)","Sixx:A.M.;Corey Taylor;Joe Elliott;Brantley Gilbert;Ivan Moody;Slash;AWOLNATION;Tommy Vext",2020-08-21,254200,51,false,7opo01as7ac1uet6oh3q4dguv,2020-08-21T21:55:52Z,"country,country rock,country hip hop,acoustic country,hard rock","Better Noise Music",0.396,0.781,0,-5.148,1,0.0377,0.00158,0,0.185,0.201,145.06,4
spotify:track:0CzFBQ4YSix9OqTLSDJIS2,"Dying Slowly","Saint Asonia","Saint Asonia",2015-07-31,212399,42,true,7opo01as7ac1uet6oh3q4dguv,2020-08-27T03:42:20Z,"post-grunge","RCA Records Label",0.401,0.865,3,-4.179,0,0.0458,0.000335,0.00000899,0.0751,0.394,168.265,4
spotify:track:3vucm39uVyuvpUWW8EFXD8,"The Boy Who Blocked His Own Shot","Deja Entendu","Brand New",2003-06-17,279200,55,false,7opo01as7ac1uet6oh3q4dguv,2020-08-27T19:44:45Z,"emo,pop punk,post-hardcore","Razor & Tie",0.402,0.5,6,-8.186,1,0.0329,0.079,0,0.117,0.265,177.854,4
spotify:track:4EFcCYHBKuaNjwHK6B4omk,"Cyr","Cyr","The Smashing Pumpkins",2020-08-28,243160,0,false,7opo01as7ac1uet6oh3q4dguv,2020-08-28T04:43:28Z,"alternative rock,rock","Sumerian Records",0.671,0.876,8,-6.991,1,0.0277,0.000025,0.0241,0.0857,0.504,127,4
spotify:track:6MOm4FSE2fk1NFd5fcqoSq,"Panic","Panic","From Ashes to New",2020-08-28,200800,0,true,7opo01as7ac1uet6oh3q4dguv,2020-08-29T12:55:24Z,"rap rock,rap metal,metalcore","Better Noise Music",0.529,0.961,5,-3.561,0,0.132,0.000318,0,0.319,0.292,98.067,4
spotify:track:4EFcCYHBKuaNjwHK6B4omk,"Cyr","Cyr","The Smashing Pumpkins",2020-08-28,243160,0,false,7opo01as7ac1uet6oh3q4dguv,2020-08-30T15:53:11Z,"alternative rock,rock","Sumerian Records",0.671,0.876,8,-6.991,1,0.0277,0.000025,0.0241,0.0857,0.504,127,4
spotify:track:7m6w9ijsXoXhYoyeAbA5Oy,"Blind","Lifehouse","Lifehouse",2005-03-22,300066,59,false,7opo01as7ac1uet6oh3q4dguv,2020-09-16T04:43:12Z,"post-grunge","Geffen",0.425,0.75,2,-4.796,1,0.0293,0.00335,0,0.115,0.266,86.911,4
spotify:track:2U3uQjCpyOjmgUzH0I9Iqt,"Gotten","Slash","Slash;Adam Levine",2010,303280,34,false,7opo01as7ac1uet6oh3q4dguv,2020-09-24T22:42:25Z,"hard rock","Unknown",0.547,0.48,4,-8.208,1,0.0301,0.156,0.0000729,0.128,0.0677,130.408,4
spotify:track:46BMGjAnLVVR1gZcayw93j,"I'm Not Gonna Teach Your Boyfriend How to Dance with You","Partie Traumatic","Black Kids",2008-07-22,217706,0,false,7opo01as7ac1uet6oh3q4dguv,2020-10-07T22:23:51Z,"","Almost Gold Recordings",0.478,0.927,0,-4.266,1,0.047,0.000343,0,0.359,0.775,125.346,4
spotify:track:3HWlJu9sa7viLF72eMnrlP,"The Glory","Something Else","The Cranberries",2017-04-28,314680,0,false,7opo01as7ac1uet6oh3q4dguv,2020-10-07T23:07:05Z,"","BMG Rights Management (UK) Ltd",0.161,0.471,0,-9.898,0,0.0304,0.00251,0.000582,0.0896,0.0941,93.617,4
spotify:track:28qrUAjWlrWNVhixwnPpx6,"Rupture","Something Else","The Cranberries",2017-04-28,256586,0,false,7opo01as7ac1uet6oh3q4dguv,2020-10-07T23:07:13Z,"","BMG Rights Management (UK) Ltd",0.436,0.408,9,-11.614,0,0.0257,0.22,0.559,0.0873,0.217,160.054,3
spotify:track:424hNkaVIxItSAEEddRLPK,"Not Over You","I’m Not OK","BILLY",2016-05-20,236998,18,false,7opo01as7ac1uet6oh3q4dguv,2020-10-08T17:31:47Z,"","De-Code LTD",0.731,0.749,5,-6.806,0,0.0646,0.0478,0.00000173,0.12,0.686,104.972,4
spotify:track:0AdfjZjynCi5aVfKcaxGvW,"Leave Me Alone","Leave Me Alone","I DONT KNOW HOW BUT THEY FOUND ME",2020-08-05,215644,38,false,7opo01as7ac1uet6oh3q4dguv,2020-10-08T19:25:35Z,"","Fearless Records",0.544,0.886,0,-2.667,1,0.0381,0.00188,0,0.324,0.567,104.09,4
spotify:track:4orXoEB5LMT1USHNqWxVFu,"I Hate How Much I Want You (with Phil Collen & Joe Elliott)","I Hate How Much I Want You (with Phil Collen & Joe Elliott)","The Struts;Phil Collen;Joe Elliott",2020-10-08,203040,0,false,7opo01as7ac1uet6oh3q4dguv,2020-10-08T19:26:12Z,"glam rock","Interscope Records",0.546,0.559,8,-4.718,1,0.108,0.003,0,0.185,0.297,118.07,4
spotify:track:424hNkaVIxItSAEEddRLPK,"Not Over You","I’m Not OK","BILLY",2016-05-20,236998,18,false,7opo01as7ac1uet6oh3q4dguv,2020-10-08T19:27:33Z,"","De-Code LTD",0.731,0.749,5,-6.806,0,0.0646,0.0478,0.00000173,0.12,0.686,104.972,4
spotify:track:7aOor99o8NNLZYElOXlBG1,"Highway Tune","From The Fires","Greta Van Fleet",2017-11-10,180640,74,false,7opo01as7ac1uet6oh3q4dguv,2020-10-08T19:48:46Z,"rock","Lava Music/Republic Records",0.582,0.962,4,-3.037,1,0.0542,0.0096,0.128,0.283,0.506,123.971,4
spotify:track:776uYVarV3OR5YPrqeYLmj,"Beautiful","Deep Shadows And Brilliant Highlights (Deluxe Re-Mastered)","HIM",2014-12-15,273444,0,false,7opo01as7ac1uet6oh3q4dguv,2020-10-26T21:59:57Z,"gothic metal,gothic rock,finnish rock","BMG Rights Management (US) LLC",0.45,0.557,3,-8.189,0,0.0349,0.00284,0.000245,0.0862,0.144,130.016,4
spotify:track:78l7MkoJOesoYxdFj5ZQpy,"Wyttch","Ramona","The Smashing Pumpkins",2020-10-30,223666,0,false,7opo01as7ac1uet6oh3q4dguv,2020-10-31T17:12:13Z,"alternative rock,rock","Sumerian Records",0.584,0.882,0,-6.704,1,0.0575,0.00115,0.0375,0.0813,0.233,100.137,4
spotify:track:3aniWcwiiYKHpm3F5TdeKD,"Teardrops","Teardrops","Bring Me The Horizon",2020-10-22,215003,60,true,7opo01as7ac1uet6oh3q4dguv,2020-11-09T14:14:27Z,"metalcore,emo,rock,screamo,metal","RCA Records Label",0.497,0.916,7,-3.323,1,0.108,0.000323,0,0.36,0.401,96.051,4
spotify:track:5eR6OS3joTAHJToyzehKfu,"Trouble’s Coming","Trouble’s Coming","Royal Blood",2020-09-24,228400,51,false,7opo01as7ac1uet6oh3q4dguv,2020-11-09T14:22:12Z,"garage rock,rock","Warner Records",0.775,0.688,1,-5.038,0,0.0384,0.0533,0,0.321,0.805,112.009,4
spotify:track:2MlSZShCC9WTC01DHjJ9Eu,"Journey To Tragedy","Out Of The Dark","Reflexion",2006,273413,18,false,7opo01as7ac1uet6oh3q4dguv,2020-11-09T15:46:33Z,"gothic metal,gothic rock,finnish rock","A1METAL",0.381,0.802,5,-3.412,0,0.0399,0.0958,0.000137,0.326,0.205,180.003,4
spotify:track:22ftW42IguDNcbH65jQ4oX,"Storm","Out Of The Dark","Reflexion",2006,261000,29,false,7opo01as7ac1uet6oh3q4dguv,2020-11-09T16:09:04Z,"gothic metal,gothic rock,finnish rock","A1METAL",0.484,0.522,6,-6.286,1,0.0282,0.266,0.0000354,0.0624,0.239,95.048,4
spotify:track:1zzdxKd2NB69jYeXRmRN6H,"Couldn't Care Less","Edge","Reflexion",2009,248840,0,false,7opo01as7ac1uet6oh3q4dguv,2020-11-09T16:59:14Z,"gothic metal,gothic rock,finnish rock","Out of Line Music",0.493,0.759,7,-6.147,0,0.034,0.129,0,0.337,0.116,126.096,4
spotify:track:0wXuerDYiBnERgIpbb3JBR,"Redbone","""Awaken, My Love!""","Childish Gambino",2016-12-02,326933,6,true,7opo01as7ac1uet6oh3q4dguv,2020-11-13T04:07:56Z,"","Glassnote Entertainment Group LLC",0.743,0.344,1,-11.174,1,0.118,0.169,0.00879,0.103,0.577,160.15,4
spotify:track:0HzjKCZmFhwcO2vnnHpj9q,"Sara","Knee Deep In The Hoopla","Starship",1985-09-10,292800,70,false,7opo01as7ac1uet6oh3q4dguv,2020-11-13T14:34:30Z,"","Rhino",0.642,0.805,10,-5.675,1,0.0336,0.352,0.00000102,0.118,0.365,100.273,4
spotify:track:79rOnFkYiBBlcCzUMc9HQo,"To the Light - Japanese Bonus Track","To the Light","Imminence",2020-10-16,218290,27,false,7opo01as7ac1uet6oh3q4dguv,2020-11-13T17:22:19Z,"metalcore,metal","Arising Empire",0.356,0.951,6,-4.89,0,0.0643,0.000023,0,0.312,0.206,75.035,4
spotify:track:4i0uGdzMhov477NiEWohSV,"Completely","This is What I Live For","Blue October",2020-10-23,235773,36,false,7opo01as7ac1uet6oh3q4dguv,2020-11-19T16:02:09Z,"","Up/Down-Brando Records",0.692,0.673,10,-5.201,1,0.0281,0.016,0.0073,0.03,0.866,115.021,4
spotify:track:0mZTTgglNylkVBQmvbRILB,"The Weatherman","This is What I Live For","Blue October",2020-10-23,330853,37,false,7opo01as7ac1uet6oh3q4dguv,2020-11-19T16:17:29Z,"","Up/Down-Brando Records",0.668,0.57,0,-5.955,1,0.0276,0.0104,0.000174,0.099,0.627,114.975,4
spotify:track:6kyiI7CXHeMePhjpI4TPbC,"Your Love is Like a Car Crash","I Hope You're Happy","Blue October",2018-08-17,319695,27,false,7opo01as7ac1uet6oh3q4dguv,2020-11-19T16:47:06Z,"","Up Down Records",0.259,0.521,9,-8.152,0,0.0422,0.568,0.0000102,0.102,0.171,77.774,4
spotify:track:3JwQXQnFBM9W1oOuwZzuoM,"I Want to Come Back Home","I Hope You're Happy","Blue October",2018-08-17,311827,31,false,7opo01as7ac1uet6oh3q4dguv,2020-11-19T16:58:46Z,"","Up Down Records",0.515,0.721,0,-6.465,0,0.0402,0.0525,0.0369,0.196,0.398,139.996,4
spotify:track:3ckv2Cmvnqj7ILmik31tJa,"Remission in Cmaj","I Hope You're Happy","Blue October",2018-08-17,155359,20,false,7opo01as7ac1uet6oh3q4dguv,2020-11-19T17:15:19Z,"","Up Down Records",0.511,0.0482,0,-18.084,1,0.0488,0.987,0.935,0.159,0.0966,71.522,4
spotify:track:27H08UOnOSclCklRLojBFY,"Driver","Home","Blue October",2016-04-22,281799,29,false,7opo01as7ac1uet6oh3q4dguv,2020-11-19T17:52:13Z,"","Up Down Records",0.553,0.609,1,-8.577,0,0.0302,0.104,0.353,0.609,0.251,164.983,4
spotify:track:0p4A5ko87WKfrCDEGsnqAs,"Heart Go Bang","Home","Blue October",2016-04-22,273747,37,false,7opo01as7ac1uet6oh3q4dguv,2020-11-19T17:56:28Z,"","Up Down Records",0.56,0.905,5,-4.673,1,0.057,0.0246,0.000279,0.29,0.259,110.043,4
spotify:track:0MKNmmhre48UUYlbrc0Lxj,"I Want It","Home","Blue October",2016-04-22,276865,38,false,7opo01as7ac1uet6oh3q4dguv,2020-11-19T17:59:58Z,"","Up Down Records",0.592,0.79,9,-4.84,1,0.0419,0.00806,0,0.0677,0.463,125.07,4
spotify:track:7hRnjclZTPKSk2fZI6jY21,"Time Changes Everything","Home","Blue October",2016-04-22,474059,23,false,7opo01as7ac1uet6oh3q4dguv,2020-11-19T19:42:47Z,"","Up Down Records",0.494,0.618,5,-8.224,1,0.0369,0.198,0.0167,0.125,0.271,74.973,4
spotify:track:1NQ4npvn1gqrAZ1rbXfKYE,"Bleed Out","Sway","Blue October",2013-08-20,234853,47,false,7opo01as7ac1uet6oh3q4dguv,2020-11-19T20:13:59Z,"","Up Down Records",0.437,0.803,3,-6.495,1,0.0579,0.0484,0.0000178,0.0648,0.203,142.052,4
spotify:track:7yN5cMvxrvRlQ50MKDyG1C,"The Flight (Lincoln to Minneapolis)","Any Man In America","Blue October",2011-08-16,405133,24,false,7opo01as7ac1uet6oh3q4dguv,2020-11-19T21:38:14Z,"","Up Down Records",0.427,0.67,5,-7.512,0,0.11,0.0152,0.0000246,0.794,0.311,169.937,4
spotify:track:3EEWca1oQcBgTasikCz3xx,"The Honesty","Any Man In America","Blue October",2011-08-16,262546,25,false,7opo01as7ac1uet6oh3q4dguv,2020-11-19T21:57:43Z,"","Up Down Records",0.58,0.778,9,-7.621,0,0.0368,0.0291,0.000692,0.175,0.397,120.011,4
spotify:track:10IQfavQg6Ojji3TvrmiIL,"The Folllow Through","Any Man In America","Blue October",2011-08-16,370400,30,false,7opo01as7ac1uet6oh3q4dguv,2020-11-19T22:07:31Z,"","Up Down Records",0.536,0.793,0,-6.947,1,0.0364,0.0354,0,0.0882,0.377,112.001,4
spotify:track:1ooxC9IBbVi6msUvXvycV3,"I Love You But I'm Lost","I Love You But I'm Lost","Tears For Fears",2017-10-06,261399,39,false,7opo01as7ac1uet6oh3q4dguv,2020-11-19T22:26:37Z,"new wave,synthpop","EMI",0.507,0.883,9,-4.985,0,0.0441,0.00353,0.00000104,0.123,0.567,111.009,4
spotify:track:5zf1hqtuyq0ibMZBs8y7ri,"I Love You But I'm Lost","Rule The World: The Greatest Hits","Tears For Fears",2017-11-10,261400,27,false,7opo01as7ac1uet6oh3q4dguv,2020-11-20T12:58:31Z,"new wave,synthpop","EMI",0.503,0.884,9,-4.984,0,0.0444,0.00344,0,0.123,0.56,111.005,4
spotify:track:451o9c1wsHzCeMSMayHMN5,"Black Diamond","Black Diamond","616",2020-11-20,254035,6,false,7opo01as7ac1uet6oh3q4dguv,2020-11-20T13:09:33Z,"gothic rock,gothic metal","Cleopatra Records",0.417,0.909,7,-3.711,0,0.0447,0.000111,0.000449,0.101,0.402,140.029,4
spotify:track:0avch3EmDK0tdgtP3Nbz0W,"Justify","Black Roses","The Rasmus",2008-09-23,266613,50,false,7opo01as7ac1uet6oh3q4dguv,2020-11-20T17:29:28Z,"finnish rock","Playground Music",0.386,0.675,0,-5.954,0,0.0319,0.0207,0,0.201,0.17,178.113,4
spotify:track:4pkFvX3AkuiSGPkv8gMlks,"Save Me","The Golden Hum","Remy Zero",2001-09-18,239133,68,false,7opo01as7ac1uet6oh3q4dguv,2020-11-20T17:29:33Z,"","Elektra Records",0.32,0.841,6,-8.8,1,0.0539,0.0000396,0,0.106,0.264,96.275,4
spotify:track:7kPuCwBWgXy5TGfgwNUKwV,"Hole In My Soul","Nine Lives","Aerosmith",1997-03-18,370093,1,false,7opo01as7ac1uet6oh3q4dguv,2020-11-20T17:29:38Z,"classic rock,rock","Columbia",0.465,0.701,0,-4.809,1,0.0268,0.00506,0,0.207,0.216,75.427,4
spotify:track:1HZsS7bmZvn3TzCyI0Vs2C,"Beautiful Thieves","Crash Love","AFI",2009-01-01,226026,47,false,7opo01as7ac1uet6oh3q4dguv,2020-11-20T17:29:58Z,"punk,horror punk,emo,skate punk","Interscope",0.258,0.913,4,-5.052,1,0.0757,0.000696,0.000181,0.367,0.236,171.79,4
spotify:track:1DZUOafUE2XWM5Iw2uPTib,"Purple Blood","Purple Blood","The Smashing Pumpkins",2020-11-20,199400,0,false,7opo01as7ac1uet6oh3q4dguv,2020-11-20T17:30:47Z,"alternative rock,rock","Sumerian Records",0.746,0.636,0,-7.318,0,0.0496,0.0131,0.000418,0.0701,0.346,97.512,4
spotify:track:0G2xfxc8pWcHJ5tUVALSrq,"DON'T CHASE THE DEAD","WE ARE CHAOS","Marilyn Manson",2020-09-11,257440,45,false,7opo01as7ac1uet6oh3q4dguv,2020-11-23T16:13:02Z,"industrial metal,industrial rock,industrial,metal,nu metal","Loma Vista Recordings",0.502,0.943,4,-3.451,0,0.0398,0.000145,0.662,0.622,0.36,114.024,4
spotify:track:6rI9s34WU8uf7U9BW7kW3U,"Daze","Jealous Gods","Poets of the Fall",2014-09-19,326213,41,false,7opo01as7ac1uet6oh3q4dguv,2020-11-23T16:13:19Z,"finnish rock","Insomniac",0.569,0.883,2,-4.693,0,0.0319,0.00495,0,0.071,0.571,115.999,4
spotify:track:4xkzXIyDBy3TQJm6MCBPRM,"PERFUME","WE ARE CHAOS","Marilyn Manson",2020-09-11,213053,40,false,7opo01as7ac1uet6oh3q4dguv,2020-11-23T16:41:01Z,"industrial metal,industrial rock,industrial,metal,nu metal","Loma Vista Recordings",0.514,0.981,0,-3.332,0,0.102,0.000925,0.00949,0.14,0.13,120.002,4
spotify:track:6pR3NxgHtficTizsYVRRmX,"The Purge","The Purge","Within Temptation",2020-11-20,256466,0,false,7opo01as7ac1uet6oh3q4dguv,2020-11-23T17:07:49Z,"symphonic metal,gothic metal,gothic rock,power metal,metal","Force Music Recordings",0.477,0.905,5,-3.892,0,0.0689,0.0000712,0.000517,0.0959,0.493,93.998,4
spotify:track:7zuVWCZvYgnHPZdz5I8Jzp,"The Dark Unbroken","Moment","Dark Tranquillity",2020-11-20,294706,0,false,7opo01as7ac1uet6oh3q4dguv,2020-11-23T17:15:35Z,"melodic death metal,death metal,metal","Century Media",0.406,0.98,7,-6.488,0,0.0811,0.00226,0.102,0.235,0.237,145.999,4
spotify:track:1wtIIAA91MNuq9jZeUD8zP,"Cry for the Moon (The Embrace That Smothers Part 4)","The Phantom Agony (Expanded Edition)","Epica",2013-03-18,406040,0,false,7opo01as7ac1uet6oh3q4dguv,2020-11-25T20:35:31Z,"symphonic metal,gothic metal,power metal,metal,folk metal,gothic rock","TRANSMISSION",0.446,0.902,2,-5.328,0,0.0474,0.00681,0.000317,0.0793,0.278,180.049,4
spotify:track:31XLeIFY68pll9LNu1IkXV,"Crimson Bow and Arrow","Epica vs. Attack on Titan Songs","Epica",2018-07-20,342489,48,false,7opo01as7ac1uet6oh3q4dguv,2020-11-25T20:49:44Z,"symphonic metal,gothic metal,power metal,metal,folk metal,gothic rock","Nuclear Blast",0.463,0.936,11,-3.788,0,0.068,0.0214,0.000271,0.114,0.323,86.494,4
spotify:track:2EO2MCzUHcZ1L8NWx2vYSJ,"Unleashed","Design Your Universe","Epica",2009-10-16,348333,53,false,7opo01as7ac1uet6oh3q4dguv,2020-11-25T21:00:18Z,"symphonic metal,gothic metal,power metal,metal,folk metal,gothic rock","Nuclear Blast",0.243,0.931,11,-2.731,0,0.0915,0.00437,0.0143,0.072,0.333,94.007,3
spotify:track:7cmBYiRV1Ftnmx2fElcGo2,"Willow Tree","Willow Tree","Twin Wild",2016-09-15,199412,0,false,7opo01as7ac1uet6oh3q4dguv,2020-11-25T22:01:53Z,"","Twin Wild",0.455,0.886,8,-4.137,1,0.0534,0.000187,0,0.11,0.222,95.004,4
spotify:track:2MvLw9BE5ndkvZLXJcb1oC,"Last Theater","Sources","NoisyCell",2015-07-01,367773,0,false,7opo01as7ac1uet6oh3q4dguv,2020-11-25T22:45:48Z,"j-rock,anime","VAP",0.321,0.747,7,-5.328,0,0.0486,0.0000861,0.0284,0.162,0.185,154.86,4
spotify:track:2cylpyXfY4vNmZEm07x7xf,"Ich Verlasse Heut' Dein Herz","Elodia","Lacrimosa",1999-06-07,511760,0,false,7opo01as7ac1uet6oh3q4dguv,2020-11-26T13:25:08Z,"gothic metal,symphonic metal,gothic rock,darkwave","Hall Of Sermon",0.5,0.529,9,-9.867,0,0.0259,0.00928,0.241,0.095,0.333,95.045,4
spotify:track:7zyYqKnHvW41sWSteUGXUL,"Girl, You Shoulda Been A Drummer","Walk The Talk EP","William Beckett",2012-04-17,199183,15,false,7opo01as7ac1uet6oh3q4dguv,2020-11-26T13:30:27Z,"","YIKE Records",0.677,0.847,7,-5.268,1,0.03,0.00515,0,0.14,0.453,102.021,4
spotify:track:1bOc0ZjMf8q5CzK663tXkA,"Your Love Is Gone - Remastered","Dark & Sweet (Remasters)","FloVeR",2017-03-05,253088,9,false,7opo01as7ac1uet6oh3q4dguv,2020-11-26T14:22:40Z,"gothic metal,gothic rock","Flover",0.308,0.684,0,-8.47,1,0.0428,0.0177,0.601,0.166,0.0552,203.982,4
spotify:track:6TZmYhzbpBzmGRcgTVi3co,"Cyr","CYR","The Smashing Pumpkins",2020-11-27,243160,0,false,7opo01as7ac1uet6oh3q4dguv,2020-11-27T13:16:43Z,"alternative rock,rock","Sumerian Records",0.671,0.876,8,-6.991,1,0.0277,0.000025,0.0241,0.0857,0.504,127,4
spotify:track:4XzBGyAre4t3H97VLPdQx1,"Wyttch","CYR","The Smashing Pumpkins",2020-11-27,223666,0,false,7opo01as7ac1uet6oh3q4dguv,2020-11-27T13:16:52Z,"alternative rock,rock","Sumerian Records",0.584,0.882,0,-6.704,1,0.0575,0.00115,0.0375,0.0813,0.233,100.137,4
spotify:track:2wamjo4rp9ouFzHvEgrhmu,"Purple Blood","CYR","The Smashing Pumpkins",2020-11-27,199400,0,false,7opo01as7ac1uet6oh3q4dguv,2020-11-27T13:16:59Z,"alternative rock,rock","Sumerian Records",0.746,0.636,0,-7.318,0,0.0496,0.0131,0.000418,0.0701,0.346,97.512,4
spotify:track:2FG4Qo6Qvm1ZMVvzYtDN0N,"Strange","Almost Alice Deluxe","Tokio Hotel & Kerli",2010-01-01,231400,22,false,7opo01as7ac1uet6oh3q4dguv,2020-11-27T15:18:07Z,"","Buena Vista Records",0.492,0.888,4,-5.774,0,0.0468,0.0016,0.0000259,0.119,0.15,112.064,4
spotify:track:1X4sfHKh8I2gJaEcACbTIY,"Love Is Dead","Scream","Tokio Hotel",2007,221013,41,false,7opo01as7ac1uet6oh3q4dguv,2020-11-27T15:55:52Z,"","Interscope",0.608,0.813,8,-3.791,0,0.04,0.00852,0.00131,0.091,0.418,118.008,4
spotify:track:1BzfIsNZqS5sQk1yBre170,"Monsoon 2020","Monsoon 2020","Tokio Hotel",2020-10-16,235007,28,false,7opo01as7ac1uet6oh3q4dguv,2020-11-27T17:40:44Z,"","Epic Local",0.74,0.631,9,-5.372,1,0.0365,0.00481,0.00000259,0.198,0.463,111.995,4
spotify:track:5gmsOs1Pqr5QwL6G0fXCUY,"Only You","Only You","The Pretty Reckless",2020-05-10,217053,43,false,7opo01as7ac1uet6oh3q4dguv,2020-11-27T17:56:11Z,"","Interscope",0.332,0.823,6,-5.389,1,0.0792,0.00723,0.00262,0.209,0.369,181.836,4
spotify:track:3H9vFso7hU13wZU3QwMQpc,"Make Me Wanna Die","The Pretty Reckless EP","The Pretty Reckless",2010-01-01,236040,23,false,7opo01as7ac1uet6oh3q4dguv,2020-11-27T19:58:56Z,"","DAS Label / Interscope Records",0.503,0.907,8,-3.683,1,0.0615,0.00239,0.00000257,0.18,0.224,97.076,4
spotify:track:1niru8Cp9Wx8OpKRzsO4zr,"Absolution","Going To Hell (Deluxe Edition)","The Pretty Reckless",2014-03-18,274066,41,false,7opo01as7ac1uet6oh3q4dguv,2020-11-27T20:29:07Z,"","Fearless Records",0.595,0.729,1,-4.075,1,0.032,0.00144,0.0128,0.11,0.336,97.977,4
spotify:track:2j219ocVSxgt7eZ3KNw9a6,"Take Me Down","Who You Selling For","The Pretty Reckless",2016-10-21,253213,56,false,7opo01as7ac1uet6oh3q4dguv,2020-11-27T21:27:45Z,"","Fearless Records",0.654,0.939,2,-3.829,1,0.0556,0.00581,0.0124,0.661,0.534,110.986,4
spotify:track:2upWoXsTdag8kC6DdiYaLk,"Mad Love","Who You Selling For","The Pretty Reckless",2016-10-21,203146,44,false,7opo01as7ac1uet6oh3q4dguv,2020-11-27T22:04:54Z,"","Fearless Records",0.847,0.795,10,-4.769,0,0.0313,0.0252,0.0151,0.0834,0.906,92.999,4
spotify:track:53oEpGga4UriwcOKc35LpM,"Back in the USA","Greatest Hits: God's Favorite Band","Green Day",2017-11-17,156247,45,false,7opo01as7ac1uet6oh3q4dguv,2020-11-29T01:20:55Z,"punk,pop punk","Reprise",0.394,0.961,1,-3.733,1,0.0438,0.0000522,0.000131,0.101,0.842,175.991,4
spotify:track:58KPPL1AdLHMvR2O2PZejr,"Jesus of Suburbia","American Idiot","Green Day",2004-09-21,548253,71,true,7opo01as7ac1uet6oh3q4dguv,2020-11-29T01:24:41Z,"punk,pop punk","Reprise",0.3,0.929,1,-3.214,1,0.0636,0.000259,0.00000226,0.329,0.59,147.116,4
spotify:track:11I3KKHv7g2pXiuqRDabRA,"Give Me Novacaine / She's a Rebel","American Idiot","Green Day",2004-09-21,326200,62,false,7opo01as7ac1uet6oh3q4dguv,2020-11-29T01:59:45Z,"punk,pop punk","Reprise",0.312,0.949,9,-3.533,1,0.0784,0.00185,0.0000178,0.0569,0.65,154.795,4
spotify:track:6CVWD0WRqwbR4HsiKHk1j3,"Whatsername","American Idiot","Green Day",2004-09-21,257213,66,false,7opo01as7ac1uet6oh3q4dguv,2020-11-29T02:22:55Z,"punk,pop punk","Reprise",0.813,0.547,2,-5.936,1,0.0344,0.00104,0.00335,0.0914,0.8,119.998,4
spotify:track:3zca0nsKOLnN28ftZEXAQn,"Macy's Day Parade","Warning","Green Day",2000-10-03,213106,56,false,7opo01as7ac1uet6oh3q4dguv,2020-11-29T03:26:01Z,"punk,pop punk","Reprise",0.863,0.728,11,-4.693,1,0.0327,0.208,0,0.104,0.874,108.958,4
spotify:track:2Q22sa3Y4lKXHHBBAxEhYY,"Stray Heart","¡DOS!","Green Day",2012-11-13,224946,59,false,7opo01as7ac1uet6oh3q4dguv,2020-11-29T05:11:02Z,"punk,pop punk","Reprise",0.628,0.943,1,-3.914,0,0.0402,0.000504,0.000237,0.152,0.743,104.041,4
spotify:track:1veTMlVpjxYaTBNJYXklpX,"Over Soon","Over Soon","Egypt Central",2020-04-13,204831,0,false,7opo01as7ac1uet6oh3q4dguv,2020-12-03T10:35:48Z,"","A Window in LLC",0.453,0.894,8,-3.751,0,0.056,0.0119,0.00000581,0.088,0.215,96.509,4
spotify:track:7B8VwAAFRD9gtquCml2tFe,"Skyreach","Various BLUE","Sora Amamiya",2016-09-23,267226,0,false,7opo01as7ac1uet6oh3q4dguv,2020-12-03T14:47:47Z,"","MusicRay'n Inc.",0.358,0.964,5,-2.245,0,0.11,0.00169,0.00356,0.334,0.565,184.105,4
spotify:track:4QB2cdh2v5zeRD1khGF9A5,"Fly Away From Here","Just Push Play","Aerosmith",2001-03-05,301760,0,false,7opo01as7ac1uet6oh3q4dguv,2020-12-03T14:55:39Z,"classic rock,rock","Columbia",0.387,0.686,4,-5.368,1,0.0363,0.142,0,0.122,0.171,142.091,4
spotify:track:1yKAqZoi8xWGLCf5vajroL,"The Ghost of You","Three Cheers for Sweet Revenge","My Chemical Romance",2004-06-08,194253,77,false,7opo01as7ac1uet6oh3q4dguv,2020-12-03T14:55:51Z,"emo,pop punk","Reprise",0.202,0.886,11,-3.805,0,0.0816,0.0286,0,0.643,0.192,145.781,4
spotify:track:5dTHtzHFPyi8TlTtzoz1J9,"Helena","Three Cheers for Sweet Revenge","My Chemical Romance",2004-06-08,204733,81,false,7opo01as7ac1uet6oh3q4dguv,2020-12-03T14:55:55Z,"emo,pop punk","Reprise",0.356,0.96,4,-3.487,1,0.104,0.0142,0,0.209,0.0857,125.921,4
spotify:track:5GRwZJpZzhIpEwNQTVR527,"Save Me Once Again","The Rasmus","The Rasmus",2012,275653,0,false,7opo01as7ac1uet6oh3q4dguv,2020-12-03T14:56:03Z,"finnish rock","The End Records",0.458,0.719,1,-5.632,1,0.0289,0.0124,0.0000216,0.0929,0.336,88.962,4
spotify:track:6GcEtup0lchYcgG1gymXzn,"Someone Else","Into (Bonus Edition)","The Rasmus",2001-01-01,268693,19,false,7opo01as7ac1uet6oh3q4dguv,2020-12-03T14:56:06Z,"finnish rock","Playground Music",0.367,0.682,5,-6.112,1,0.0332,0.00438,0.0000704,0.39,0.336,171.848,4
spotify:track:3jc2jOmFM4l2SBorcd38DK,"Don't Let Go","Hide from the Sun (Bonus Track Version)","The Rasmus",2005-04-26,281813,0,false,7opo01as7ac1uet6oh3q4dguv,2020-12-03T14:56:09Z,"finnish rock","Playground Music",0.442,0.714,0,-6.145,1,0.0303,0.0201,0.0000439,0.311,0.166,95.94,4
spotify:track:2tMqcn8tCuKhHRZnWwafwk,"Run to You","Black Roses","The Rasmus",2008-09-23,251653,30,false,7opo01as7ac1uet6oh3q4dguv,2020-12-03T14:56:11Z,"finnish rock","Playground Music",0.521,0.822,11,-4.11,0,0.0538,0.0107,0.000538,0.113,0.16,130.061,4
spotify:track:1BoAUj2LKTvgIfi7wjAAQa,"Bedshaped","Hopes And Fears","Keane",2004-01-01,275973,50,false,7opo01as7ac1uet6oh3q4dguv,2020-12-03T14:56:27Z,"","Universal-Island Records Ltd.",0.335,0.41,4,-6.988,1,0.0343,0.609,0.000139,0.0963,0.0714,75.034,4
spotify:track:0R8P9KfGJCDULmlEoBagcO,"Trouble","Parachutes","Coldplay",2000-07-10,273426,75,false,7opo01as7ac1uet6oh3q4dguv,2020-12-03T14:56:30Z,"","Parlophone UK",0.565,0.546,11,-7.496,0,0.0314,0.189,0.0015,0.17,0.195,139.757,4
spotify:track:2Qdnk7tbc4onLOIPd1eSNE,"When You're Gone","Stars: The Best Of The Cranberries 1992-2002","The Cranberries",2002-09-16,232200,68,false,7opo01as7ac1uet6oh3q4dguv,2020-12-03T14:56:43Z,"","Island Records",0.451,0.525,3,-6.889,1,0.0271,0.522,0.00000243,0.254,0.371,187.527,3
spotify:track:4iihDHIoKZdOeOW1kFDUtR,"Jaded","Just Push Play","Aerosmith",2001-03-05,214333,1,false,7opo01as7ac1uet6oh3q4dguv,2020-12-03T14:56:45Z,"classic rock,rock","Columbia",0.517,0.89,9,-4.033,1,0.0539,0.005,0.0000147,0.0824,0.632,118.009,4
spotify:track:2dKD0ronVH8LWanBs2ZfXd,"When You're Gone - Acoustic Version","Something Else","The Cranberries",2017-04-28,250533,0,false,7opo01as7ac1uet6oh3q4dguv,2020-12-03T14:56:46Z,"","BMG Rights Management (UK) Ltd",0.5,0.536,0,-8.137,0,0.0272,0.00398,0.0000306,0.187,0.209,109.369,3
spotify:track:1aDiVsoe60Ii4fer5q9AKD,"Durch Nacht und Flut","Lichtjahre","Lacrimosa",2007-06-29,255093,0,false,7opo01as7ac1uet6oh3q4dguv,2020-12-03T14:57:11Z,"gothic metal,symphonic metal,gothic rock,darkwave","Hall of Sermon",0.459,0.813,1,-4.51,1,0.0338,0.00324,0.00914,0.906,0.249,119.976,4
spotify:track:53EmLZj7bKyyxUi2VlHOEc,"If I Were You","Every Man For Himself (Expanded Edition)","Hoobastank",2006-05-08,258279,42,false,7opo01as7ac1uet6oh3q4dguv,2020-12-03T14:57:31Z,"nu metal","Mercury Records",0.478,0.761,2,-4.716,1,0.0309,0.0055,0,0.375,0.15,77.012,4
spotify:track:0OOvdyRJX2oAGRa0i9VO9l,"Unaffected","The Reason (15th Anniversary Deluxe)","Hoobastank",2003-12-09,213626,0,false,7opo01as7ac1uet6oh3q4dguv,2020-12-03T14:57:46Z,"nu metal","Island Def Jam",0.485,0.861,9,-4.354,0,0.0351,0.0227,0,0.0808,0.254,85.049,4
spotify:track:0d7Vj7qwyKN2C8iiwXBjep,"Anything","Two","The Calling",2004-05-24,245586,46,false,7opo01as7ac1uet6oh3q4dguv,2020-12-03T14:58:04Z,"pop rock","RCA Records Label",0.477,0.798,8,-4.821,1,0.0423,0.000569,0,0.121,0.3,126.071,4
spotify:track:19pdxlify2y9N0BPEnVFv0,"The Grind","Honkin' On Bobo","Aerosmith",2004,226906,0,false,7opo01as7ac1uet6oh3q4dguv,2020-12-03T17:56:44Z,"classic rock,rock","Columbia",0.39,0.848,1,-1.559,0,0.0343,0.0621,0,0.121,0.495,170.537,3
spotify:track:13SnE3wVYsiynOf7WcWgnd,"Mis posibilidades (Interstellar)","Posible","Bunbury",2020-05-29,258043,29,false,7opo01as7ac1uet6oh3q4dguv,2020-12-04T00:19:24Z,"rock en español,latin rock,mexican rock","WM Spain",0.483,0.53,8,-7.351,1,0.0319,0.0564,0.000366,0.319,0.488,177.916,4
spotify:track:5BmagRD7Thki6O1zZwbxBy,"The Boys of Summer","So Long, Astoria","The Ataris",2003-03-04,258000,68,false,7opo01as7ac1uet6oh3q4dguv,2020-12-13T16:00:46Z,"pop punk,skate punk,punk","Columbia",0.251,0.954,6,-2.879,1,0.0691,0.000674,0.000132,0.0975,0.264,191.059,4
spotify:track:0VF7YLIxSQKyNiFL3X6MmN,"Stargazing","Chip Chrome & The Mono-Tones (Deluxe)","The Neighbourhood",2020-12-11,217026,72,false,7opo01as7ac1uet6oh3q4dguv,2020-12-14T15:21:26Z,"","Columbia",0.512,0.483,0,-7.798,1,0.0298,0.00304,0.0011,0.12,0.367,160.009,4
spotify:track:3qyveovuSWvxXEMICuLlp3,"Cherry Flavoured","Chip Chrome & The Mono-Tones (Deluxe)","The Neighbourhood",2020-12-11,208453,49,false,7opo01as7ac1uet6oh3q4dguv,2020-12-14T15:51:28Z,"","Columbia",0.617,0.574,6,-9.768,1,0.0276,0.23,0.0105,0.0983,0.396,91.769,4
spotify:track:6SgFHW9tmJEMvvvmiaqKlF,"The Girl Who Stole My Heart","The Girl Who Stole My Heart","Blue October",2020-12-24,373875,31,false,7opo01as7ac1uet6oh3q4dguv,2020-12-24T11:53:31Z,"","Up Down Records",0.46,0.692,6,-5.971,1,0.0295,0.0523,0.000465,0.126,0.303,141.971,4
spotify:track:4RU7rnJBOXCzWmsLDqUaFC,"Look Around","I'm with You","Red Hot Chili Peppers",2011-08-29,208000,61,false,7opo01as7ac1uet6oh3q4dguv,2021-01-05T03:58:38Z,"funk rock,alternative rock,rock","Warner Records",0.56,0.953,7,-2.372,0,0.0851,0.005,0.000016,0.226,0.519,111.911,4
spotify:track:2ESHxKy6x0jWsi3QtocRea,"Deshacer el mundo","The Platinum Collection","Heroes Del Silencio",2006-11-20,287640,45,false,7opo01as7ac1uet6oh3q4dguv,2021-01-08T13:07:16Z,"rock en español,latin rock,mexican rock,latin alternative","Parlophone Spain",0.424,0.912,2,-3.074,0,0.0537,0.0124,0,0.126,0.464,145.412,4
spotify:track:7m6w9ijsXoXhYoyeAbA5Oy,"Blind","Lifehouse","Lifehouse",2005-03-22,300066,59,false,7opo01as7ac1uet6oh3q4dguv,2021-01-12T13:15:14Z,"post-grunge","Geffen",0.425,0.75,2,-4.796,1,0.0293,0.00335,0,0.115,0.266,86.911,4
spotify:track:5f6cTFoUenDiCJDGecYiuB,"Broken","Who We Are","Lifehouse",2007,286480,60,false,7opo01as7ac1uet6oh3q4dguv,2021-01-14T18:07:21Z,"post-grunge","Geffen",0.534,0.708,11,-5.732,1,0.0402,0.089,0,0.192,0.488,130.639,4
spotify:track:5dePpbamNezj1qhHKJPViS,"All In","Smoke & Mirrors (Deluxe)","Lifehouse",2010,236280,55,false,7opo01as7ac1uet6oh3q4dguv,2021-01-14T18:27:13Z,"post-grunge","Geffen",0.547,0.878,1,-4.65,1,0.0431,0.000931,0,0.191,0.536,140.07,4
spotify:track:6SgFHW9tmJEMvvvmiaqKlF,"The Girl Who Stole My Heart","The Girl Who Stole My Heart","Blue October",2020-12-24,373875,31,false,7opo01as7ac1uet6oh3q4dguv,2021-01-14T18:53:37Z,"","Up Down Records",0.46,0.692,6,-5.971,1,0.0295,0.0523,0.000465,0.126,0.303,141.971,4
spotify:track:25CRv7qnwyoa7kckF4HFb9,"Red Stars","Walking With Strangers","The Birthday Massacre",2007-09-11,221266,51,false,7opo01as7ac1uet6oh3q4dguv,2021-02-15T15:16:03Z,"gothic rock,industrial rock,gothic metal,darkwave,industrial","Metropolis Records",0.511,0.888,3,-5.131,0,0.0308,0.000131,0.819,0.305,0.384,96.033,4
spotify:track:2qpN5EZzGE34nlk0gy0sDe,"Better Without You","Songs From The Bitter Truth","Evanescence",2021-03-05,245470,0,false,7opo01as7ac1uet6oh3q4dguv,2021-03-05T23:51:34Z,"alternative metal","BMG Rights Management (US) LLC",0.515,0.952,9,-3.814,0,0.117,0.000315,0.274,0.0658,0.351,152.024,4
spotify:track:2avKuMN2QXkaG9vvHa2JLt,"Take A Look Around","Chocolate Starfish And The Hot Dog Flavored Water","Limp Bizkit",2000-10-17,321040,83,false,7opo01as7ac1uet6oh3q4dguv,2021-03-13T05:47:32Z,"nu metal,rap metal,alternative metal,rap rock","Interscope",0.425,0.852,11,-5.605,1,0.0461,0.0174,0.311,0.0935,0.499,101.97,4
spotify:track:4InVY9fQP95r5mMbrpZI62,"Part Of Me","The Bitter Truth","Evanescence",2021-03-26,238971,0,false,7opo01as7ac1uet6oh3q4dguv,2021-03-26T15:54:17Z,"alternative metal","BMG Rights Management (US) LLC",0.527,0.902,3,-4.424,0,0.116,0.000592,0.014,0.0651,0.375,120.022,4
spotify:track:1rsQ4JPGrMDAW9OZb4ChL6,"White Room (feat. Jacoby Shaddix)","White Room (feat. Jacoby Shaddix)","Apocalyptica;Jacoby Shaddix",2021-03-05,245757,39,false,7opo01as7ac1uet6oh3q4dguv,2021-03-26T16:05:34Z,"symphonic metal","Silver Lining Music",0.516,0.957,0,-4.244,1,0.0953,0.0000876,0.0064,0.136,0.276,112.991,4
spotify:track:351ZF49L5dVHAzm8LLDneV,"Carnival of Rust - Alexander Theatre Sessions","Alexander Theatre Sessions","Poets of the Fall",2020-12-11,270066,26,false,7opo01as7ac1uet6oh3q4dguv,2021-03-27T01:13:40Z,"finnish rock","Insomniac",0.454,0.558,5,-6.756,0,0.0259,0.0841,0,0.196,0.21,91,4
spotify:track:1k0FCgVwb1jZR57ESOWUVa,"It Only Hurts","One Thing Remains","Default",2005-10-05,222706,51,false,7opo01as7ac1uet6oh3q4dguv,2021-03-30T20:03:19Z,"post-grunge","The Orchard",0.522,0.777,5,-4.047,1,0.0274,0.000593,0.258,0.286,0.502,97.903,4
spotify:track:3HfEgAaf0koxBpBB8NvGda,"When You Sleep","Loveless","my bloody valentine",1991-11-04,251933,49,false,7opo01as7ac1uet6oh3q4dguv,2021-03-30T20:03:44Z,"shoegaze,dream pop,slowcore,noise rock","Rhino/Warner Records",0.4,0.82,11,-12.281,1,0.0466,0.000295,0.79,0.236,0.135,128.894,4
spotify:track:5KBKqxYY263Tr0haAu3fMz,"Sometimes","Loveless","my bloody valentine",1991-11-04,319226,39,false,7opo01as7ac1uet6oh3q4dguv,2021-03-30T20:14:57Z,"shoegaze,dream pop,slowcore,noise rock","Rhino/Warner Records",0.351,0.651,7,-17.989,1,0.0789,0.0000679,0.889,0.0916,0.0395,128.453,4
spotify:track:6Ys2QHWm57xwZZsVB4BlDV,"In der Palästra","Les Fleurs Du Mal","Sopor Aeternus & The Ensemble Of Shadows",2008-10-31,429146,44,false,7opo01as7ac1uet6oh3q4dguv,2021-03-31T14:30:09Z,"darkwave,neofolk,gothic rock,deathrock,gothic metal,neoclassical,post-punk","Apocalyptic Vision Records",0.368,0.68,3,-8.161,1,0.0329,0.00285,0.00000346,0.15,0.22,147.602,3
spotify:track:6t7FdszPlr2ehiU1u5mNoJ,"Oh, Chimney Sweep","A Strange Thing to Say","Sopor Aeternus & The Ensemble Of Shadows",2011-02-25,218333,8,false,7opo01as7ac1uet6oh3q4dguv,2021-03-31T14:36:18Z,"darkwave,neofolk,gothic rock,deathrock,gothic metal,neoclassical,post-punk","Apocalyptic Vision Records",0.56,0.512,0,-8.496,0,0.039,0.0404,0.00238,0.381,0.237,104.902,4
spotify:track:4smV2vgCwixn1aVkVKIBQY,"Saturn Rising","Island of the Dead","Sopor Aeternus & The Ensemble Of Shadows",2020-02-29,290215,26,false,7opo01as7ac1uet6oh3q4dguv,2021-03-31T14:53:42Z,"darkwave,neofolk,gothic rock,deathrock,gothic metal,neoclassical,post-punk","Apocalyptic Vision Records",0.561,0.682,7,-7.231,0,0.0327,0.0658,0.0925,0.0816,0.182,114.98,4
spotify:track:74MpMVHY7yB7Y6MxFmV1UY,"La Prima Vez","Mitternacht","Sopor Aeternus & The Ensemble Of Shadows",2014-09-19,332720,42,false,7opo01as7ac1uet6oh3q4dguv,2021-03-31T14:57:54Z,"darkwave,neofolk,gothic rock,deathrock,gothic metal,neoclassical,post-punk","Apocalyptic Vision Records",0.571,0.493,2,-10.395,0,0.0279,0.0199,0.0218,0.142,0.11,101.498,4
spotify:track:7ps2hTGkN1rOHwZDaLA5Ag,"Deathhouse","Island of the Dead","Sopor Aeternus & The Ensemble Of Shadows",2020-02-29,311702,32,false,7opo01as7ac1uet6oh3q4dguv,2021-03-31T15:04:33Z,"darkwave,neofolk,gothic rock,deathrock,gothic metal,neoclassical,post-punk","Apocalyptic Vision Records",0.666,0.579,7,-6.714,1,0.0275,0.0349,0.0161,0.112,0.388,109.987,4
spotify:track:3XnrzOOVUC1OyTtpgxxtaU,"Harvest Moon - Cornflowers II","Children of the Corn","Sopor Aeternus & The Ensemble Of Shadows",2012,349053,15,false,7opo01as7ac1uet6oh3q4dguv,2021-03-31T16:08:39Z,"darkwave,neofolk,gothic rock,deathrock,gothic metal,neoclassical,post-punk","Apocalyptic Vision Records",0.286,0.464,7,-9.988,0,0.0283,0.0311,0.0075,0.134,0.222,136.346,4
spotify:track:4QFrKiQnS1xxC3IeUtanM3,"La Mort D'arthur","Les Fleurs Du Mal","Sopor Aeternus & The Ensemble Of Shadows",2008-10-31,177493,30,false,7opo01as7ac1uet6oh3q4dguv,2021-03-31T16:17:02Z,"darkwave,neofolk,gothic rock,deathrock,gothic metal,neoclassical,post-punk","Apocalyptic Vision Records",0.445,0.627,7,-7.741,1,0.0244,0.0214,0.000108,0.244,0.5,95.109,4
spotify:track:2BEEvxy0f3LjR0RTAgiIss,"Unwanted (Official Song from the Podcast)","Unwanted (Official Song from the Podcast)","Rick Astley",2021-04-07,205280,0,false,7opo01as7ac1uet6oh3q4dguv,2021-04-07T14:53:21Z,"","BMG Rights Management (UK) Ltd",0.634,0.804,9,-5.352,0,0.036,0.0153,0.000465,0.0864,0.184,105.951,4
spotify:track:6rZFHnwY9lJstjP6c4tXpa,"Wicked World","Superfiction","Cold",2011-01-01,216373,0,false,7opo01as7ac1uet6oh3q4dguv,2021-04-08T21:23:33Z,"post-grunge,nu metal,alternative metal","Eleven Seven Music",0.618,0.847,8,-5.634,1,0.165,0.000699,0.108,0.111,0.116,117.97,4
spotify:track:03uQpSBfSaB0OZvUCoMci8,"A Dance You Won't Forget","A Dance You Won't Forget - EP","Farewell, My Love",2011-08-16,204576,19,false,7opo01as7ac1uet6oh3q4dguv,2021-04-08T21:47:28Z,"","Farewell, My Love",0.279,0.969,8,-3.726,1,0.399,0.00162,0.0922,0.0574,0.227,179.04,4
spotify:track:1XvAUN8rt8ELBM7NfL3Gll,"Skip the Memories","Gold Tattoos","Farewell, My Love",2013-09-10,194493,4,false,7opo01as7ac1uet6oh3q4dguv,2021-04-08T21:52:55Z,"","Standby Records",0.349,0.987,0,-3.905,1,0.0891,0.00415,0,0.324,0.254,180.038,4
spotify:track:5QHdyAGpbAttv1Wco7bI35,"Nobody Likes The Opening Band","RAZZMATAZZ","I DONT KNOW HOW BUT THEY FOUND ME",2020-10-23,135326,47,false,7opo01as7ac1uet6oh3q4dguv,2021-04-08T22:51:12Z,"","Fearless Records",0.4,0.499,10,-6.422,1,0.0282,0.939,0.00423,0.145,0.378,79.14,1
spotify:track:0S5EEpFAHcT7cm5XOASc29,"Love Never Felt So Good","XSCAPE","Michael Jackson",2014-05-09,235093,73,false,7opo01as7ac1uet6oh3q4dguv,2021-04-08T23:49:09Z,"","Epic/MJJ",0.634,0.87,5,-5.277,1,0.0362,0.083,0,0.18,0.514,116.967,4
spotify:track:6RQgvscK17WsaMj3N5RTer,"Remember the Time","HIStory - PAST, PRESENT AND FUTURE - BOOK I","Michael Jackson",1995-06-16,240134,62,false,7opo01as7ac1uet6oh3q4dguv,2021-04-08T23:49:14Z,"","Epic",0.834,0.908,8,-3.404,1,0.0646,0.128,0.00382,0.181,0.801,107.931,4
spotify:track:0b4TKuvZ4eJ8eHgJgXaCnN,"Two-Way Mirror","I Let It in and It Took Everything","Loathe",2020-02-07,300186,66,false,7opo01as7ac1uet6oh3q4dguv,2021-04-09T16:15:16Z,"shoegaze","SHARPTONE",0.32,0.84,2,-6.703,1,0.0447,0.0000786,0.761,0.135,0.173,160.104,4
spotify:track:73ESek0SF1ZcdRKMc8hsKi,"New Faces in the Dark","I Let It in and It Took Everything","Loathe",2020-02-07,192053,56,false,7opo01as7ac1uet6oh3q4dguv,2021-04-12T23:12:24Z,"shoegaze","SHARPTONE",0.384,0.974,9,-5.355,0,0.17,0.0000655,0.734,0.628,0.105,164.914,4
spotify:track:611WshW3yQKLCQ2pTCOii4,"Screaming","I Let It in and It Took Everything","Loathe",2020-02-07,354640,67,false,7opo01as7ac1uet6oh3q4dguv,2021-04-12T23:19:26Z,"shoegaze","SHARPTONE",0.318,0.957,9,-6.061,0,0.0779,0.0000388,0.462,0.0788,0.242,134.813,4
spotify:track:4OmlsAT8r4q9vPFBvfYgyZ,"Is It Really You?","I Let It in and It Took Everything","Loathe",2020-02-07,287627,71,false,7opo01as7ac1uet6oh3q4dguv,2021-04-12T23:33:31Z,"shoegaze","SHARPTONE",0.563,0.721,9,-7.578,1,0.0375,0.00213,0.4,0.14,0.11,110.027,3
spotify:track:2fyDWKsx5904KnZMGllmAv,"A Sad Cartoon","I Let It in and It Took Everything","Loathe",2020-02-07,315880,63,false,7opo01as7ac1uet6oh3q4dguv,2021-04-12T23:48:02Z,"shoegaze","SHARPTONE",0.421,0.89,3,-7.077,1,0.0742,0.000527,0.434,0.2,0.131,137.711,4
spotify:track:33fNAtcL4IKU5kei0P4psq,"Kings And Queens","Draw The Line","Aerosmith",1977-12-01,295133,0,false,7opo01as7ac1uet6oh3q4dguv,2021-04-13T13:40:24Z,"classic rock,rock","Columbia",0.347,0.553,5,-10.645,0,0.0298,0.0347,0.00108,0.114,0.313,123.176,4
spotify:track:5MxNLUsfh7uzROypsoO5qe,"Dream On","Aerosmith","Aerosmith",1973-01-05,266960,10,false,7opo01as7ac1uet6oh3q4dguv,2021-04-13T13:40:35Z,"classic rock,rock","Columbia",0.307,0.433,1,-10.057,1,0.029,0.388,0.0000908,0.332,0.224,160.9,4
spotify:track:0Zlx1KWGu52inBW23CUukE,"Constance","Constance","Spiritbox",2020-12-04,270416,0,false,7opo01as7ac1uet6oh3q4dguv,2021-04-14T21:05:13Z,"metalcore,djent,metal","Rise Records",0.338,0.673,6,-7.67,0,0.0459,0.00344,0.129,0.211,0.132,112.255,4
spotify:track:2SgbR6ttzoNlCRGQOKjrop,"Cowboys from Hell","Cowboys from Hell","Pantera",1990-07-20,243533,77,true,7opo01as7ac1uet6oh3q4dguv,2021-04-14T21:19:53Z,"groove metal,metal,thrash metal,heavy metal","Rhino",0.415,0.908,2,-9.701,1,0.0765,0.00437,0.0345,0.082,0.437,114.816,4
spotify:track:01Mpj13vURSO3cCLprPt5T,"Raining Blood","Reign In Blood","Slayer",1986-01-01,254400,2,false,7opo01as7ac1uet6oh3q4dguv,2021-04-14T21:29:55Z,"thrash metal,metal,speed metal,heavy metal,groove metal,death metal","American Recordings Catalog P&D",0.294,0.995,1,-4.383,0,0.168,0.000489,0.331,0.128,0.0379,88.777,4
spotify:track:5DrNFzZZZVfXaEZCaceKnp,"Seek & Destroy (Remastered)","Kill 'Em All (Remastered)","Metallica",1983-07-25,414720,70,false,7opo01as7ac1uet6oh3q4dguv,2021-04-14T21:30:10Z,"metal,thrash metal,rock,heavy metal,hard rock","Blackened Recordings",0.439,0.963,9,-5.508,1,0.277,0.0364,0.00896,0.0784,0.435,140.805,4
spotify:track:08ZZqyOaZ4ntAmBY6A32qL,"Hardwired","Hardwired…To Self-Destruct (Deluxe)","Metallica",2016-11-18,191331,39,true,7opo01as7ac1uet6oh3q4dguv,2021-04-14T21:30:30Z,"metal,thrash metal,rock,heavy metal,hard rock","Blackened Recordings",0.13,0.991,11,-3.126,1,0.0604,0.0000115,0.00412,0.225,0.505,185.364,4
spotify:track:7boBHh57LJvrmwqCnXhT3q,"The Devil You Know","Worship Music","Anthrax",2011-09,286280,0,false,7opo01as7ac1uet6oh3q4dguv,2021-04-14T21:30:46Z,"thrash metal,metal,speed metal,heavy metal,groove metal,rap metal","Megaforce +",0.57,0.934,1,-4.496,1,0.0872,0.0000105,0.000549,0.0938,0.45,97.036,4
spotify:track:0h4rVZcOiSaL9b5mT1A2gq,"Fear of the Dark - 2015 Remaster","Fear of the Dark (2015 - Remaster)","Iron Maiden",1992-05-11,438120,0,false,7opo01as7ac1uet6oh3q4dguv,2021-04-14T21:31:17Z,"heavy metal,metal,hard rock,rock","Sanctuary Records",0.308,0.866,2,-5.671,0,0.059,0.000739,0.00141,0.232,0.227,109.825,4
spotify:track:4k1IS2uF2dGcU3GzOOZqqb,"Whiplash (Remastered)","Kill 'Em All (Remastered)","Metallica",1983-07-25,248546,58,false,7opo01as7ac1uet6oh3q4dguv,2021-04-14T21:37:03Z,"metal,thrash metal,rock,heavy metal,hard rock","Blackened Recordings",0.386,0.911,4,-6.474,0,0.0956,0.000608,0.443,0.135,0.188,158.045,4
spotify:track:23OXdR7YuUBVWh5hSnYJau,"Chlorine","Trench","Twenty One Pilots",2018-10-05,324466,80,false,7opo01as7ac1uet6oh3q4dguv,2021-04-14T22:21:06Z,"","Fueled By Ramen",0.609,0.674,10,-7.388,0,0.0548,0.0735,0.06,0.345,0.315,90.009,4
spotify:track:1vkLJondcibYblvTt3dfec,"We Never Have Sex Anymore","Let The Bad Times Roll","The Offspring",2021-04-16,210786,0,false,7opo01as7ac1uet6oh3q4dguv,2021-04-16T17:13:50Z,"punk,skate punk","Concord Records",0.519,0.923,7,-1.916,1,0.0458,0.0501,0,0.0725,0.83,90,4
spotify:track:18HzbC8YhStMWksY6b9vew,"Unfamiliar Sky","A Raven Has My Heart","Black Lab",2014-05-13,195710,15,false,7opo01as7ac1uet6oh3q4dguv,2021-04-16T17:31:53Z,"","Blacklabworld.com",0.578,0.463,5,-9.239,1,0.0238,0.154,0.0000145,0.092,0.316,93.987,4
spotify:track:3mCd3Y2Ljp2pzlKQfgcVWs,"Further","A Raven Has My Heart","Black Lab",2014-05-13,247217,7,false,7opo01as7ac1uet6oh3q4dguv,2021-04-16T17:42:45Z,"","Blacklabworld.com",0.458,0.502,6,-8.375,0,0.0267,0.561,0.00000108,0.0875,0.278,150.059,3
spotify:track:4NMuHQwmjVzIpiZRhmgjgs,"Losing My Religion","Losing My Religion","Zonezero",2021-04-16,298893,1,false,7opo01as7ac1uet6oh3q4dguv,2021-04-16T19:18:58Z,"nu metal,alternative metal,rap rock","ZONEZERO",0.479,0.861,1,-5.68,1,0.034,0.000105,0.0894,0.0612,0.386,109.989,4
spotify:track:2M4anZ7uaPOqLnDdqMj1po,"Burn Out","A Raven Has My Heart","Black Lab",2014-05-13,246046,20,false,7opo01as7ac1uet6oh3q4dguv,2021-04-16T19:55:14Z,"","Blacklabworld.com",0.548,0.205,9,-9.75,0,0.0306,0.859,0.00455,0.0803,0.0483,140.071,4
spotify:track:0wokCRaKD0zPNhMRXAgVsr,"Ordinary World","Duran Duran","Duran Duran",1993-02-15,340200,83,false,7opo01as7ac1uet6oh3q4dguv,2021-04-21T19:45:41Z,"new wave,synthpop","Parlophone UK",0.473,0.652,1,-10.171,0,0.0305,0.0132,0.0000113,0.14,0.401,140.117,4
spotify:track:68tztyiB9xnn4pv8nWCnhp,"7th Son","Tuesday","Reamonn",2000-01-01,243760,17,false,7opo01as7ac1uet6oh3q4dguv,2021-04-21T19:46:20Z,"","Virgin",0.438,0.987,9,-4.744,0,0.147,0.0683,0.000605,0.116,0.0908,104.496,4
spotify:track:4pUNH4rWiabtBxj2UiGCKN,"Megitsune","BABYMETAL","BABYMETAL",2015-05-11,247586,1,false,7opo01as7ac1uet6oh3q4dguv,2021-05-07T19:10:47Z,"j-rock","Cooking Vinyl Limited",0.441,0.969,1,-3.281,1,0.157,0.0000289,0.731,0.841,0.397,142.046,4
spotify:track:6YXqG3hmbP0pf3L5uiVWb7,"Akatsuki","BABYMETAL","BABYMETAL",2015-05-11,325773,0,false,7opo01as7ac1uet6oh3q4dguv,2021-05-07T19:18:52Z,"j-rock","Cooking Vinyl Limited",0.376,0.877,6,-1.74,0,0.0638,0.000226,0.000145,0.191,0.237,169.894,4
spotify:track:7K0dd8S3VUg9pGzKy1ASS3,"蜃気楼","Liar Mask","真山りか",2014-11-26,281706,12,false,7opo01as7ac1uet6oh3q4dguv,2021-05-07T19:25:19Z,"anime","Sony Music Labels Inc.",0.57,0.579,0,-7.414,1,0.0287,0.121,0.00000664,0.119,0.384,99.935,4
spotify:track:5pueVtPyEgC29AMkir9jFl,"Losing My Mind","Roses","The Cranberries",2012-02-26,219335,12,false,7opo01as7ac1uet6oh3q4dguv,2021-05-07T22:24:52Z,"","Cooking Vinyl",0.278,0.723,5,-5.212,1,0.0521,0.219,0.0415,0.155,0.258,200.009,4
spotify:track:6KhaWaLOfr01NTYWjh0Aou,"Bones","Bones","The Rasmus",2021-05-14,228260,25,false,7opo01as7ac1uet6oh3q4dguv,2021-05-14T22:51:12Z,"finnish rock","Playground Music",0.498,0.897,3,-6.041,0,0.0665,0.0327,0.0032,0.454,0.443,92.012,4
spotify:track:658FEXDknBDQDPBNN9Mhy6,"Running Away","Hoobastank (Expanded Edition)","Hoobastank",2001-11-20,178440,0,false,7opo01as7ac1uet6oh3q4dguv,2021-05-15T16:07:12Z,"nu metal","Mercury Records",0.608,0.801,9,-5.452,0,0.0376,0.0011,0.00000811,0.223,0.544,100.25,3
spotify:track:1E2WTcYLP1dFe1tiGDwRmT,"Dance Macabre","Prequelle","Ghost",2018-06-01,219720,66,false,7opo01as7ac1uet6oh3q4dguv,2021-05-25T16:52:13Z,"metal,hard rock","Loma Vista",0.619,0.696,7,-6.263,0,0.0315,0.0000193,0.00555,0.38,0.727,125.984,4
spotify:track:2JoZzpdeP2G6Csfdq5aLXP,"How Deep Is Your Love","Greatest","Bee Gees",1979-01-01,245200,83,false,7opo01as7ac1uet6oh3q4dguv,2021-05-31T12:59:27Z,"disco","Bee Gees Catalog",0.633,0.357,5,-9.366,0,0.0264,0.107,0,0.133,0.672,104.938,4
spotify:track:7utRJ4BeYx85khzP3lKoBX,"Tears in Heaven","Clapton Chronicles: The Best of Eric Clapton","Eric Clapton",1999-10-12,271760,0,false,7opo01as7ac1uet6oh3q4dguv,2021-05-31T12:59:57Z,"blues,blues rock,classic rock","Reprise",0.498,0.242,9,-12.238,1,0.0257,0.835,0.536,0.133,0.312,153.744,4
spotify:track:3wPpbkFrNBvCRcR8MorBEV,"I Won't Stand In Your Way","Ready Steady Go!","Drake Bell",2014-04-22,246146,0,false,7opo01as7ac1uet6oh3q4dguv,2021-05-31T16:28:54Z,"","Surfdog Records",0.215,0.593,2,-5.808,1,0.0368,0.92,0.000703,0.11,0.439,199.026,3
spotify:track:7MAibcTli4IisCtbHKrGMh,"Leave The Door Open","Leave The Door Open","Bruno Mars;Anderson .Paak;Silk Sonic",2021-03-05,242096,5,false,7opo01as7ac1uet6oh3q4dguv,2021-05-31T19:52:42Z,"","Aftermath Entertainment/Atlantic",0.586,0.616,5,-7.964,1,0.0324,0.182,0,0.0927,0.719,148.088,4
spotify:track:0oks4FnzhNp5QPTZtoet7c,"Giorgio by Moroder","Random Access Memories","Daft Punk",2013-05-20,544626,67,false,7opo01as7ac1uet6oh3q4dguv,2021-05-31T21:41:19Z,"french house,electronic,electro","Columbia",0.74,0.682,9,-10.42,0,0.0504,0.0692,0.53,0.381,0.41,113.201,4
spotify:track:2bPGTMB5sFfFYQ2YvSmup0,"Deutschland","Rammstein","Rammstein",2019-05-17,322339,79,false,7opo01as7ac1uet6oh3q4dguv,2021-06-02T14:20:30Z,"industrial metal,metal,industrial rock,industrial","Rammstein",0.521,0.895,7,-5.242,1,0.0442,0.0000554,0.349,0.0985,0.237,120.117,4
spotify:track:6uEvFCaOqXyEidoO8BZbyh,"Du hast","Sehnsucht","Rammstein",1997-08-25,234226,67,false,7opo01as7ac1uet6oh3q4dguv,2021-06-02T14:20:38Z,"industrial metal,metal,industrial rock,industrial","Vertigo Berlin",0.64,0.922,9,-6.283,0,0.0385,0.00369,0.055,0.332,0.716,125.105,4
spotify:track:0xQZkTxb49QpopIZQhKJUY,"Engel","Sehnsucht","Rammstein",1997-08-25,264266,62,false,7opo01as7ac1uet6oh3q4dguv,2021-06-02T14:20:45Z,"industrial metal,metal,industrial rock,industrial","Vertigo Berlin",0.637,0.658,2,-5.775,1,0.0291,0.00918,0.00229,0.295,0.328,96.072,4
spotify:track:4qu63nuBpdn0qHUHuObEj1,"Leave Before You Love Me (with Jonas Brothers)","Leave Before You Love Me","Marshmello;Jonas Brothers",2021-05-21,154983,83,false,7opo01as7ac1uet6oh3q4dguv,2021-06-02T21:54:45Z,"edm","Republic Records",0.721,0.738,7,-4.77,1,0.0403,0.00226,0.00000441,0.118,0.637,119.976,4
spotify:track:4QIFS5XokMBJjfAdZjABPV,"Gravity","Out Of Nothing","Embrace",2004,280213,58,false,ulfer5nw96iycymku1w3gkiim,2021-06-11T16:08:33Z,"britpop","Craft Recordings",0.476,0.567,3,-7.345,1,0.028,0.00447,0.19,0.108,0.166,142.041,4
spotify:track:70LcF31zb1H0PyJoS1Sx1r,"Creep","Pablo Honey","Radiohead",1993-02-22,238640,94,true,ulfer5nw96iycymku1w3gkiim,2021-06-11T16:08:41Z,"art rock,alternative rock","XL Recordings",0.515,0.43,7,-9.935,1,0.0372,0.0097,0.000133,0.129,0.104,91.844,4
spotify:track:15VRO9CQwMpbqUYA7e6Hwg,"The Man Who Sold The World - Live","MTV Unplugged In New York","Nirvana",1994-11-01,261093,81,false,ulfer5nw96iycymku1w3gkiim,2021-06-11T16:08:53Z,"grunge,rock","DGC",0.483,0.753,1,-8.937,0,0.0832,0.425,0.000142,0.257,0.42,115.102,4
spotify:track:31AOj9sFz2gM0O3hMARRBx,"Losing My Religion","Out Of Time (25th Anniversary Edition)","R.E.M.",1991-03-12,268426,89,false,ulfer5nw96iycymku1w3gkiim,2021-06-11T16:09:05Z,"jangle pop,alternative rock,rock","Concord Records",0.666,0.855,9,-5.051,0,0.0295,0.179,0.0000012,0.0987,0.803,125.639,4
spotify:track:5XenUjG7cRnTkUe8AVuuMX,"Wicked Game","Greatest Love Songs Vol. 666","HIM",1997-03-09,233733,63,false,ulfer5nw96iycymku1w3gkiim,2021-06-11T16:09:16Z,"gothic metal,gothic rock,finnish rock","RCA Records Label",0.513,0.872,9,-4.921,1,0.0481,0.00235,0.0000611,0.0807,0.525,120.399,4
spotify:track:38czkiKb4VHm2odeEIxWlq,"Deep Within","Plan 9","Pfeffermouse",2019-04-05,244907,6,false,ulfer5nw96iycymku1w3gkiim,2021-06-16T23:52:52Z,"synthwave,indie dance","Audiolog Music",0.548,0.878,0,-7.583,0,0.0596,0.00151,0.056,0.0854,0.709,121.02,4
spotify:track:2SD2zj8W5zKMdjCCJFF0vQ,"Wasteland","Si Vis Pacem, Para Bellum","Seether",2020-08-28,239626,47,false,ulfer5nw96iycymku1w3gkiim,2021-06-25T01:52:39Z,"post-grunge,alternative metal,rock","Fantasy",0.268,0.811,1,-4.06,1,0.0409,0.0000761,0.00122,0.0651,0.295,101.041,3
spotify:track:5ZiTzbMB53mIiP3I4uQCmt,"Ritual","Opus Eponymous","Ghost",2010,268746,55,false,ulfer5nw96iycymku1w3gkiim,2021-06-26T23:39:36Z,"metal,hard rock","Rise Above Limited",0.671,0.867,0,-5.194,0,0.0503,0.0882,0.0000329,0.119,0.698,132.01,4
spotify:track:1sNSlzvQ5jPir46X5X1TeH,"If You Have Ghosts","If You Have Ghost","Ghost",2013-01-01,214880,55,false,ulfer5nw96iycymku1w3gkiim,2021-06-27T00:16:37Z,"metal,hard rock","Loma Vista",0.508,0.782,6,-4.838,0,0.0385,0.00271,0.0004,0.0812,0.565,135.02,4
spotify:track:7DVassGvnqQRSfVSVPxtpV,"Convince Me Otherwise (with H.E.R.)","JORDI (Deluxe)","Maroon 5;H.E.R.",2021-06-11,187682,46,false,ulfer5nw96iycymku1w3gkiim,2021-06-28T17:41:31Z,"pop,r&b","Interscope Records*",0.378,0.677,5,-6.998,0,0.0475,0.079,0.0000938,0.102,0.481,199.656,4
spotify:track:4T5XGKjJOzpWxdHXEc7EEw,"Everybody's Changing - Live At Largo, Los Angeles, CA / 2008","Live At Largo","Keane",2021-04-02,239893,39,false,ulfer5nw96iycymku1w3gkiim,2021-07-02T17:49:59Z,"","UMC (Universal Music Catalogue)",0.584,0.517,0,-7.843,1,0.0403,0.798,0.00019,0.987,0.326,99.129,4
spotify:track:66bRRrz4cCthe4i5XwBK0E,"Hard","Hard","Fuel",2021-07-09,172706,27,false,ulfer5nw96iycymku1w3gkiim,2021-07-09T05:39:34Z,"post-grunge","MOON CHAIR MEDIA",0.541,0.973,4,-4.373,0,0.0462,0.000422,0.0000351,0.222,0.5,103.041,4
spotify:track:08LgPUJNEQWR4s30oBxgCs,"Not That Beautiful","The Connection","Papa Roach",2012-10-02,198186,0,false,ulfer5nw96iycymku1w3gkiim,2021-07-10T01:34:57Z,"nu metal,rap metal,alternative metal,rap rock,rock","Eleven Seven Music",0.504,0.937,5,-5.192,0,0.0553,0.000341,0.00012,0.316,0.494,156.01,4
spotify:track:6P2Y4KnF2x8uwZV2cZWA8t,"Coloratura","Coloratura","Coldplay",2021-07-23,618960,59,false,ulfer5nw96iycymku1w3gkiim,2021-07-23T23:50:28Z,"","Parlophone UK",0.289,0.263,2,-10.88,1,0.0297,0.652,0.155,0.103,0.0736,133.585,4
spotify:track:0kuv7BqWNDprDao3Tb5flN,"Moving to Mars","Every Teardrop Is a Waterfall","Coldplay",2011-06-26,258873,41,false,ulfer5nw96iycymku1w3gkiim,2021-07-26T20:57:50Z,"","Parlophone UK",0.263,0.315,8,-10.797,1,0.03,0.0217,0.163,0.109,0.196,142.657,4
spotify:track:1IT0WQk5J8NsaeII8ktdlZ,"King For A Day","Collide With The Sky","Pierce The Veil;Kellin Quinn",2012-07-17,236293,82,true,ulfer5nw96iycymku1w3gkiim,2021-07-26T21:19:54Z,"emo,screamo,post-hardcore,pop punk","Fearless Records",0.403,0.965,6,-2.238,1,0.0964,0.0000381,0.000276,0.341,0.431,112.363,4
spotify:track:0EbnUc05YEKhZRKgbrZWpq,"Sorry","15","Buckcherry",2006-04-11,228386,1,false,ulfer5nw96iycymku1w3gkiim,2021-07-30T14:05:07Z,"","Eleven Seven Music",0.54,0.773,2,-3.627,1,0.0288,0.0315,0,0.176,0.381,130.952,4
spotify:track:5XfQTbialQHn9PhDb0p85H,"Crazy Bitch","15","Buckcherry",2006-04-11,204960,2,true,ulfer5nw96iycymku1w3gkiim,2021-07-30T14:05:14Z,"","Eleven Seven Music",0.661,0.978,1,-3.064,0,0.107,0.0247,0,0.0856,0.592,98.019,4
spotify:track:7nnWIPM5hwE3DaUBkvOIpy,"Drive","Make Yourself","Incubus",1999-10-26,232453,84,false,ulfer5nw96iycymku1w3gkiim,2021-07-30T14:05:37Z,"nu metal,funk rock,alternative metal,alternative rock","Epic/Immortal",0.645,0.792,4,-7.34,0,0.036,0.0562,0.0121,0.119,0.666,90.565,4
spotify:track:6dRAAG4sB71NAtVCHJep7s,"Send the Pain Below","Wonder What's Next (Expanded Edition)","Chevelle",2002,252360,80,false,ulfer5nw96iycymku1w3gkiim,2021-07-30T14:05:54Z,"alternative metal,nu metal,post-grunge","Epic",0.468,0.851,11,-3.617,1,0.0398,0.000281,0.00483,0.0644,0.293,92.079,4
spotify:track:2VL5StiQKN8tNYSSDbjvIc,"Ana's Song (Open Fire)","Neon Ballroom","Silverchair",1999-01-23,222266,49,false,ulfer5nw96iycymku1w3gkiim,2021-07-30T14:06:21Z,"grunge,post-grunge","Sony Music Entertainment",0.395,0.648,9,-7.372,1,0.027,0.0407,0.0000825,0.0868,0.246,80.286,4
spotify:track:4nUrNul2oNVra6YAjigenk,"Feeling A Moment","Pushing the Senses","Feeder",2005-01-31,248760,0,false,ulfer5nw96iycymku1w3gkiim,2021-07-30T14:06:40Z,"britpop","Echo",0.261,0.66,4,-4.483,1,0.0394,0.0199,0.0127,0.266,0.198,166.68,4
spotify:track:53PCsZ23I1bG1NSFFuUYuX,"Lazarus","Deadwing","Porcupine Tree",2005-03-28,258586,0,false,ulfer5nw96iycymku1w3gkiim,2021-07-30T14:06:55Z,"progressive rock,progressive metal,art rock,space rock","Kscope",0.354,0.581,9,-6.074,1,0.0302,0.203,0.655,0.177,0.337,171.961,4
spotify:track:1vVsuKvIVXLmAGBJ43IWdS,"Swallowed - Remastered","Razorblade Suitcase (In Addition)","Bush",1996-11-19,291053,32,false,ulfer5nw96iycymku1w3gkiim,2021-07-30T14:07:26Z,"grunge,post-grunge","Craft Recordings",0.256,0.553,1,-6.153,1,0.0362,0.00179,0.000216,0.273,0.12,179.542,4
spotify:track:287pDdRjRYf7sd84fzupQo,"Sweet Victory","Sweet Victory","David Glen Eisley;Bob Kulick",2019-02-01,231042,54,false,ulfer5nw96iycymku1w3gkiim,2021-07-30T14:16:41Z,"","DB Records",0.418,0.823,7,-3.928,0,0.0681,0.287,0.00738,0.105,0.225,121.152,4
spotify:track:3YRCqOhFifThpSRFJ1VWFM,"November Rain","Use Your Illusion I","Guns N' Roses",1991-09-17,536066,86,false,ulfer5nw96iycymku1w3gkiim,2021-07-30T14:16:54Z,"rock,glam metal,hard rock,classic rock","Guns N Roses P&D",0.294,0.64,11,-9.316,1,0.0291,0.016,0.22,0.112,0.226,79.79,4
spotify:track:6S8r0pRxRUy3OF3UUtNjdN,"Crossfire","Flamingo","Brandon Flowers",2010-01-01,256133,63,false,ulfer5nw96iycymku1w3gkiim,2021-07-30T14:17:42Z,"","Island Records",0.571,0.686,6,-6.698,1,0.027,0.00403,0.00108,0.22,0.352,110.021,4
spotify:track:60KfHY1Mt5iCleJpsIXrJ2,"Homecoming Queen","Extreme Behavior","Hinder",2005-01-01,278853,45,false,ulfer5nw96iycymku1w3gkiim,2021-07-30T14:21:51Z,"post-grunge","Universal Records",0.496,0.941,0,-4.968,1,0.0575,0.000473,0.0166,0.414,0.651,120.047,4
spotify:track:6UAJ5yvdHlWO1Xlz8BKHEG,"Up All Night","Take It To The Limit","Hinder",2008-01-01,213666,52,false,ulfer5nw96iycymku1w3gkiim,2021-07-30T15:03:00Z,"post-grunge","Universal Records",0.484,0.963,8,-3.808,0,0.063,0.000531,0.00039,0.294,0.484,96.942,4
spotify:track:1UKp5X9cPp9vMnTb39nnvg,"It's Not Over","Daughtry","Daughtry",2006-10-01,215026,63,false,ulfer5nw96iycymku1w3gkiim,2021-07-30T15:16:42Z,"post-grunge","RCA Records Label",0.426,0.92,10,-3.243,0,0.0598,0.0559,0,0.245,0.296,145.946,4
spotify:track:4VGTjxtgMOX4gUOCDVzfc7,"Used To","Daughtry","Daughtry",2006-10-01,212266,34,false,ulfer5nw96iycymku1w3gkiim,2021-07-30T15:17:07Z,"post-grunge","RCA Records Label",0.347,0.83,4,-3.378,1,0.0566,0.00654,0,0.077,0.705,170.005,4
spotify:track:6JnqbWl6N8g4Ikw5uZiJY4,"No Surprise","Leave This Town","Daughtry",2009-07-14,269693,52,false,ulfer5nw96iycymku1w3gkiim,2021-07-30T15:17:32Z,"post-grunge","RCA Records Label",0.481,0.779,3,-3.81,1,0.031,0.00853,0,0.0993,0.142,96.029,4
spotify:track:571pa5LGKPGLNTLcobbrgr,"Crawling Back To You","Break The Spell (Expanded Edition)","Daughtry",2011-11-21,225440,56,false,ulfer5nw96iycymku1w3gkiim,2021-07-30T15:17:53Z,"post-grunge","RCA Records Label",0.426,0.908,0,-3.437,0,0.0504,0.00686,0,0.167,0.16,150.979,4
spotify:track:002Z8jNRKK4JxmCnhlu36r,"Outta My Head","Break The Spell (Expanded Edition)","Daughtry",2011-11-21,211413,41,false,ulfer5nw96iycymku1w3gkiim,2021-07-30T15:18:01Z,"post-grunge","RCA Records Label",0.565,0.951,9,-2.755,0,0.043,0.00165,0.0000361,0.108,0.258,102.946,4
spotify:track:118dFrOhufZFHBBqVsslk6,"Losing My Mind","Break The Spell (Expanded Edition)","Daughtry",2011-11-21,228600,45,false,ulfer5nw96iycymku1w3gkiim,2021-07-30T15:18:11Z,"post-grunge","RCA Records Label",0.396,0.869,8,-4.403,1,0.0324,0.00158,0.00000107,0.0856,0.507,167.959,4
spotify:track:1cQQPiCHvOUnz7FRUIQKNe,"Carry You","Love Sick Radio","Austin John",2016-04-22,223000,34,false,ulfer5nw96iycymku1w3gkiim,2021-07-30T15:21:12Z,"","N/A",0.497,0.775,1,-6.721,0,0.0308,0.00563,0,0.128,0.396,137.982,4
spotify:track:71Agh1YfCrvpDyjZOM7dCs,"Lioness","Lioness","Daughtry",2021-07-16,215953,28,false,ulfer5nw96iycymku1w3gkiim,2021-07-30T17:20:55Z,"post-grunge","Dogtree Records",0.532,0.744,11,-6.195,0,0.0453,0.00129,0.00000662,0.0946,0.292,119.968,4
spotify:track:5mFS6BhZZIA5LMW8GsyLa5,"Dragonflies","Dragonflies","Lifehouse",2021-07-30,244663,16,false,ulfer5nw96iycymku1w3gkiim,2021-07-30T17:24:28Z,"post-grunge","ALLSWELL Records",0.32,0.732,0,-8.016,1,0.0361,0.171,0.948,0.302,0.233,144.967,4
spotify:track:7KsZHCfOitA5V9oQYVdltG,"Everything Now","Everything Now","Arcade Fire",2017-07-28,303013,62,false,ulfer5nw96iycymku1w3gkiim,2021-07-30T18:11:41Z,"indie rock,baroque pop","Columbia",0.548,0.865,0,-5.325,1,0.0302,0.00171,0.000449,0.457,0.61,116.046,4
spotify:track:2voWPWlDfIthC6GUjaIQyV,"Creature Comfort","Everything Now","Arcade Fire",2017-07-28,283506,53,false,ulfer5nw96iycymku1w3gkiim,2021-07-30T18:11:49Z,"indie rock,baroque pop","Columbia",0.423,0.949,11,-4.097,1,0.0972,0.0181,0.00355,0.292,0.278,189.976,4
spotify:track:2kyVQg00pphEufGT59M2XH,"(They Long To Be) Close To You","Close To You","Carpenters",1970-01-01,273933,72,false,ulfer5nw96iycymku1w3gkiim,2021-07-30T18:13:22Z,"christmas,adult standards","UMC (Universal Music Catalogue)",0.528,0.233,8,-15.362,1,0.0346,0.726,0.000108,0.122,0.208,89.044,4
spotify:track:0hhnTEEkOBuznZSvVmRh5i,"Traffic Light","Leave This Town: The B-Sides","Daughtry",2010-03-15,220346,42,false,ulfer5nw96iycymku1w3gkiim,2021-07-30T22:11:12Z,"post-grunge","RCA Records Label",0.509,0.908,8,-4.202,1,0.0439,0.00464,0,0.112,0.436,120.018,4
spotify:track:5NeIONQWJ25uPylJBJiO4c,"Through Glass","Come What(ever) May [10th Anniversary Edition]","Stone Sour",2006,282946,77,false,ulfer5nw96iycymku1w3gkiim,2021-08-02T23:26:08Z,"post-grunge,alternative metal,nu metal","Roadrunner Records",0.545,0.753,3,-4.618,0,0.036,0.0417,0,0.389,0.434,105.754,4
spotify:track:6jNqxmC4X9yiQi0X3HIXsf,"Wasted On Each Other","Electric Light","James Bay",2018-05-18,238400,35,false,ulfer5nw96iycymku1w3gkiim,2021-08-05T19:02:28Z,"","Mercury Records/Republic Owned",0.61,0.79,6,-3.274,0,0.0374,0.195,0.00000178,0.0533,0.457,96.052,4
spotify:track:5A17N2UtvOx50EqZWWvGGL,"Fade Out","Electric Light","James Bay",2018-05-18,232906,37,false,ulfer5nw96iycymku1w3gkiim,2021-08-05T19:02:37Z,"","Mercury Records/Republic Owned",0.676,0.502,9,-6.106,1,0.0612,0.225,0.00018,0.158,0.704,86.989,4
spotify:track:6if7mbfiCOjfPsehDXls1I,"Your Love","Night Train","Keane",2010-01-01,276720,31,false,ulfer5nw96iycymku1w3gkiim,2021-08-09T23:37:39Z,"","Universal-Island Records Ltd.",0.648,0.641,5,-7.815,1,0.0244,0.00111,0.00000411,0.327,0.429,106,4
spotify:track:5ubvP9oKmxLUVq506fgLhk,"Stayin Alive","How Can You Mend A Broken Heart","Bee Gees",2020-12-11,285373,77,false,ulfer5nw96iycymku1w3gkiim,2021-08-10T21:39:03Z,"disco","UME - Global Clearing House",0.702,0.773,10,-9.256,0,0.0343,0.0288,0.00871,0.147,0.953,103.564,4
spotify:track:5kHkaBN8OEQlmXfQkACxSt,"3 Libras","Mer De Noms","A Perfect Circle",2000-01-01,219640,68,false,ulfer5nw96iycymku1w3gkiim,2021-08-14T03:47:46Z,"alternative metal,progressive metal","Virgin Records",0.518,0.744,9,-8.248,1,0.0374,0.00383,0.007,0.078,0.211,144.019,3
spotify:track:6c2sThHlENLvMGEq4wF8Ri,"Misunderstood","Poison The Parish (Deluxe Edition)","Seether",2017-05-12,227693,30,false,ulfer5nw96iycymku1w3gkiim,2021-08-19T04:08:44Z,"post-grunge,alternative metal,rock","Fantasy Records",0.557,0.532,5,-6.014,1,0.0296,0.011,0.0125,0.0975,0.215,180.006,4
spotify:track:507bYMYfbm6sUS9iEAaeSd,"Broken","Disclaimer II","Seether;Amy Lee",2004-01-01,258333,77,false,ulfer5nw96iycymku1w3gkiim,2021-08-20T05:27:26Z,"post-grunge,alternative metal,rock","Fantasy Records",0.448,0.61,3,-2.695,0,0.0342,0.0102,0.000491,0.135,0.214,123.762,4
spotify:track:285hMzLhJwHVLe9QT9qilk,"Breakeven","The Script","The Script",2008-07-14,261426,85,false,ulfer5nw96iycymku1w3gkiim,2021-08-20T05:27:53Z,"","Epic/Phonogenic",0.63,0.696,10,-4.501,1,0.0242,0.144,0,0.0835,0.491,94.034,4
spotify:track:49kjlZP49LMD1MrrcvXDET,"For the First Time","Science & Faith","The Script",2010-09-13,252440,72,true,ulfer5nw96iycymku1w3gkiim,2021-08-20T05:28:15Z,"","Phonogenic",0.388,0.633,9,-4.769,1,0.0275,0.0339,0,0.104,0.381,173.947,4
spotify:track:1A5V1sxyCLpKJezp75tUXn,"Closing Time","20th Century Masters: The Millennium Collection: Best Of Semisonic","Semisonic",2003-01-01,274160,72,false,ulfer5nw96iycymku1w3gkiim,2021-08-20T05:28:28Z,"","Geffen",0.478,0.854,7,-5.454,1,0.0289,0.0204,0.00000121,0.115,0.274,91.854,4
spotify:track:2DtPEKs3Pj7E06EoWW4vw8,"Carnival of Rust","Carnival of Rust","Poets of the Fall",2006-04-12,262946,57,false,ulfer5nw96iycymku1w3gkiim,2021-08-20T05:29:23Z,"finnish rock","Insomniac",0.492,0.59,5,-4.593,0,0.0239,0.225,0.0000279,0.0973,0.124,91.018,4
spotify:track:1TWU0OoTdbtkk5x29WN0kX,"Chateau","Chateau","Tokio Hotel",2019-11-15,201546,38,false,ulfer5nw96iycymku1w3gkiim,2021-08-20T05:29:39Z,"","Believe Digital Germany",0.45,0.8,9,-4.042,0,0.0369,0.00214,0,0.121,0.345,87.565,4
spotify:track:6qkHkxW6mEFrt0y9aqlNqd,"Colder","A-Sides, B-Sides & Suicides","Charon",2010-01-01,288680,0,false,ulfer5nw96iycymku1w3gkiim,2021-08-20T05:29:45Z,"gothic metal,gothic rock,symphonic metal,finnish rock,doom metal","Spin-Farm Oy",0.481,0.907,7,-4.006,0,0.0724,0.0044,0.00206,0.385,0.196,96.936,4
spotify:track:0LXbEUBodviVYYWaRSqqPj,"When Love And Death Embrace - Radio Edit","XX - Two Decades Of Love Metal","HIM",2012-10-26,215506,28,false,ulfer5nw96iycymku1w3gkiim,2021-08-20T05:29:55Z,"gothic metal,gothic rock,finnish rock","RCA Records Label",0.428,0.717,7,-4.193,1,0.0343,0.00307,0.0000446,0.0414,0.226,80.218,4
spotify:track:3IoQ4XvuULBkLv0oqk3Wdf,"Planets","Planets","Adema",2005,238066,44,false,ulfer5nw96iycymku1w3gkiim,2021-08-21T03:48:45Z,"nu metal,rap metal,alternative metal","Earache Records Ltd",0.422,0.807,5,-4.961,0,0.0492,0.0449,0.00298,0.0942,0.189,74.058,4
spotify:track:75gKW4a4amRbPGp0nyXyDQ,"Remember","Planets","Adema",2005,331373,23,false,ulfer5nw96iycymku1w3gkiim,2021-08-21T03:48:58Z,"nu metal,rap metal,alternative metal","Earache Records Ltd",0.389,0.83,6,-3.861,0,0.0551,0.00327,0.00131,0.351,0.355,166.027,3
spotify:track:5v7hrpky2kgHTUenBzQKnz,"Don't Say I","Don't Say I","Fuel",2021-08-20,173360,18,false,ulfer5nw96iycymku1w3gkiim,2021-08-21T03:49:23Z,"post-grunge","MOON CHAIR MEDIA",0.409,0.919,9,-3.664,0,0.0451,0.00211,0,0.377,0.522,133.983,4
spotify:track:0FnsGa4AZ9XlW92BHfz8yg,"READY TO DIE","READY TO DIE","Adema",2021-08-20,246801,0,false,ulfer5nw96iycymku1w3gkiim,2021-08-21T03:49:48Z,"nu metal,rap metal,alternative metal","Framework",0.548,0.956,10,-3.571,0,0.0691,0.0000842,0.000554,0.165,0.457,92.477,4
spotify:track:0BI1NM5IrwdaO7PMIyT2wC,"Breathless","Nightmare Anatomy","Aiden",2005-10-04,238666,27,false,ulfer5nw96iycymku1w3gkiim,2021-08-21T03:51:02Z,"horror punk,screamo,post-hardcore,emo","Victory Records",0.293,0.877,6,-5.94,1,0.107,0.00437,0,0.115,0.256,120.785,4
spotify:track:7q3vcf5XpYU6Y1iX4ZzHAk,"Sick","Home School Valedictorian","Adelitas Way",2011-01-01,191653,53,false,ulfer5nw96iycymku1w3gkiim,2021-08-21T03:51:35Z,"post-grunge","Virgin Records",0.51,0.881,5,-3.718,0,0.0332,0.00839,0,0.122,0.385,100.002,4
spotify:track:2hiB8QxWic092OablwpoVC,"Better Days","Let Love In","The Goo Goo Dolls",2006,213266,63,false,ulfer5nw96iycymku1w3gkiim,2021-08-25T04:13:37Z,"","Warner Records",0.486,0.595,7,-5.009,1,0.0302,0.00212,0.000264,0.0953,0.331,113.276,4
spotify:track:7uYqpkXYpsyUYyoZwNUetC,"She's Got A Way","11","Bryan Adams",2008-03-17,281626,0,false,ulfer5nw96iycymku1w3gkiim,2021-08-30T18:52:15Z,"","UMC (Universal Music Catalogue)",0.542,0.747,6,-7.007,1,0.0297,0.003,0.00112,0.123,0.364,111.998,4
spotify:track:2rNnR3cMIlC0zc1h2I3Dq0,"Pray For Me","The Heroin Diaries Soundtrack","Sixx:A.M.",2008-06-10,253586,0,true,ulfer5nw96iycymku1w3gkiim,2021-08-30T23:59:18Z,"","Eleven Seven Music",0.468,0.949,2,-3.702,1,0.0759,0.0000307,0.000226,0.325,0.461,131.973,4
spotify:track:7BjomNDoNHRXvaXHZKEK1U,"Pray for Me (Acoustic)","Pray For Me","Sixx:A.M.",2008-06-10,268945,0,false,ulfer5nw96iycymku1w3gkiim,2021-08-30T23:59:34Z,"","Eleven Seven Music",0.7,0.767,1,-6.445,0,0.0387,0.147,0,0.102,0.698,120.036,4
spotify:track:6Y1NI6LbeRoxwQHWrrjLJG,"Venomous Moon","Venomous Moon","The Rasmus;Apocalyptica",2021-09-03,225000,36,false,ulfer5nw96iycymku1w3gkiim,2021-09-03T06:59:13Z,"finnish rock,symphonic metal","Playground Music",0.573,0.873,1,-5.011,1,0.0365,0.00273,0.00000508,0.324,0.407,130.029,4
spotify:track:6gXrH6jkDjsO51lmQAm4jj,"Cold Blood","Shadowmaker","Apocalyptica",2015-04-17,207880,0,false,ulfer5nw96iycymku1w3gkiim,2021-09-10T00:47:43Z,"symphonic metal","HARMAGEDDON RECORDS / OMN LABEL SERVICES",0.627,0.901,0,-4.697,0,0.0465,0.0166,0.00000124,0.145,0.493,131.003,4
spotify:track:550ZleuAbiu2GmS2wInGuF,"Inner Whore","Windows","Amanda Somerville",2008,224400,8,false,ulfer5nw96iycymku1w3gkiim,2021-09-13T17:54:08Z,"symphonic metal,gothic metal,power metal","Amanda Somerville",0.634,0.748,1,-6.05,0,0.04,0.0693,0.0000172,0.585,0.376,114.038,4
spotify:track:30cxiM2snx2Hstvhk8Z7pv,"Moonlight Rendezvous","Moonlight Rendezvous","Beast In Black",2021-09-03,338760,0,false,ulfer5nw96iycymku1w3gkiim,2021-09-15T22:25:55Z,"power metal,symphonic metal,metal","Nuclear Blast",0.425,0.958,4,-5.785,0,0.0515,0.000254,0.00107,0.0394,0.621,102.002,4
spotify:track:3iKSyNDGzJ3FcjXoDKqehS,"From Hell With Love","From Hell With Love","Beast In Black",2019-02-08,235295,60,false,ulfer5nw96iycymku1w3gkiim,2021-09-15T22:26:00Z,"power metal,symphonic metal,metal","Nuclear Blast",0.502,0.9,4,-5.655,0,0.0482,0.000104,0.00212,0.161,0.552,120.066,4
spotify:track:5zy1c3asLiM1FDbXA6OHXk,"Beautiful James","Beautiful James","Placebo",2021-09-17,248543,0,false,ulfer5nw96iycymku1w3gkiim,2021-09-17T16:02:22Z,"britpop","SO Recordings",0.401,0.898,7,-6.887,1,0.0513,0.0000371,0.000586,0.113,0.2,167.989,4
spotify:track:0J0bW1e7BJYvMNE3U4BKFI,"See You in Hell","Chapter I: Monarchy","Ad Infinitum",2020-04-03,229880,0,false,ulfer5nw96iycymku1w3gkiim,2021-09-21T00:53:22Z,"symphonic metal,power metal,gothic metal","Napalm Records",0.437,0.794,0,-6.751,0,0.0487,0.00181,0.00000234,0.134,0.347,139.967,4
spotify:track:4FNm34TBz67yIRB4vhclPF,"DANCE","DANCE","Cellar Darling",2021-01-08,648691,29,false,ulfer5nw96iycymku1w3gkiim,2021-09-21T01:04:06Z,"folk metal,symphonic metal,gothic metal,progressive metal","Nuclear Blast",0.332,0.715,2,-7.809,0,0.0429,0.0272,0.297,0.125,0.111,138.768,4
spotify:track:4wqCDVtEPAKKhhZWuXsffD,"I Can See the Sun","Puppet Strings","Fuel",2013,250963,26,false,ulfer5nw96iycymku1w3gkiim,2021-09-24T22:35:33Z,"post-grunge","MRI",0.342,0.908,9,-3.227,0,0.0552,0.0000268,0.00000123,0.105,0.443,160.015,4
spotify:track:3XM6V7K5nbZf5AQz20fDDb,"Dad Vibes","Dad Vibes","Limp Bizkit",2021-09-30,132206,46,false,ulfer5nw96iycymku1w3gkiim,2021-10-07T02:51:11Z,"nu metal,rap metal,alternative metal,rap rock","Suretone Records",0.698,0.891,6,-5.402,1,0.113,0.0741,0.0000296,0.313,0.837,95.007,4
spotify:track:4Ou7ZLhdumcXYM2PcAJdjT,"Things I Don't Understand","Speed of Sound","Coldplay",2005-05-23,295626,40,false,1khmfykcav6bxygmba16qfv2s,2021-10-23T15:03:29Z,"","Parlophone UK",0.407,0.95,9,-6.593,0,0.0602,0.00102,0.00174,0.0412,0.314,137.076,4
spotify:track:69OzdUaEpLuIQIQ2L4Y2xt,"Proof","Speed of Sound","Coldplay",2005-05-23,250973,39,false,1khmfykcav6bxygmba16qfv2s,2021-10-23T15:09:37Z,"","Parlophone UK",0.53,0.176,11,-11.428,1,0.0317,0.94,0.475,0.109,0.0751,128.134,4
spotify:track:1CMD3RgWITRNkybAw5kEkq,"The Only Ones","ÅNOMÅLY","Fuel",2021-10-22,184760,18,false,1khmfykcav6bxygmba16qfv2s,2021-10-26T18:10:22Z,"post-grunge","Moon Chair Media",0.591,0.897,4,-4.966,0,0.0281,0.00926,0,0.274,0.774,103.993,4
spotify:track:0qFV4tYSKRa6HTt0XiFU5f,"Heal Me I'm Heartsick","Heal Me I'm Heartsick","No Vacancy",2012-01-01,286694,0,false,1khmfykcav6bxygmba16qfv2s,2021-10-28T02:18:23Z,"","No Vacancy",0.493,0.727,0,-3.286,1,0.0292,0.000077,0.00183,0.122,0.228,94.977,4
spotify:track:0ZFwfwJpeR5ngzrjgs7mKX,"November Day - Demo","Dirt","Keane",2021-08-13,219980,23,false,1khmfykcav6bxygmba16qfv2s,2021-11-23T19:16:58Z,"","Universal-Island Records Ltd.",0.417,0.104,11,-12.888,1,0.0332,0.712,0,0.12,0.123,73.915,4
spotify:track:0G7XfFgk1HRuoYyV38mduH,"Looking Back","Night Train","Keane;K'NAAN",2010-01-01,226480,30,false,1khmfykcav6bxygmba16qfv2s,2021-11-23T21:10:42Z,"","Universal-Island Records Ltd.",0.547,0.848,11,-7.766,0,0.0659,0.00129,0.00000904,0.276,0.783,191.993,4
spotify:track:0crw01bqnefvDUDjsuKraD,"After Last Night (with Thundercat & Bootsy Collins)","An Evening With Silk Sonic","Bruno Mars;Anderson .Paak;Silk Sonic;Thundercat;Bootsy Collins",2021-11-12,249444,1,false,1khmfykcav6bxygmba16qfv2s,2021-11-25T21:01:39Z,"funk","Aftermath Entertainment/Atlantic",0.651,0.703,0,-8.958,0,0.0816,0.0297,0,0.0608,0.647,140.051,4
spotify:track:6M4jdLdM7wLGungMV9gsCS,"Smokin Out The Window","An Evening With Silk Sonic","Bruno Mars;Anderson .Paak;Silk Sonic",2021-11-12,197442,0,false,1khmfykcav6bxygmba16qfv2s,2021-11-25T21:03:21Z,"","Aftermath Entertainment/Atlantic",0.627,0.618,2,-8.529,1,0.0437,0.0558,0,0.351,0.848,82.03,4
spotify:track:1XYmTy83L3ArJEiTYbEZOd,"Catcher of My Dreams","Strong","Anette Olzon",2021-09-10,304213,13,false,1khmfykcav6bxygmba16qfv2s,2021-11-26T20:59:04Z,"symphonic metal,gothic metal,power metal","Frontiers Records s.r.l.",0.315,0.957,2,-5.11,0,0.0663,0.00000481,0.0417,0.107,0.177,184.982,4
spotify:track:6D1ZLhvp4c4WrT9InJ2qjc,"Selene","Night Visions (Deluxe)","Imagine Dragons",2012-09-04,239813,43,false,1khmfykcav6bxygmba16qfv2s,2021-11-26T21:08:20Z,"","Kid Ina Korner / Interscope",0.566,0.69,0,-4.813,1,0.0254,0.000803,0.00000486,0.157,0.561,95.005,4
spotify:track:6ITjKD9eXaZmrEeLhJm2kU,"One Way to Love (Black Christmas Vrsn)","One Way to Love (Black Christmas Vrsn)","616",2021-12-03,240000,4,false,1khmfykcav6bxygmba16qfv2s,2021-12-03T22:22:14Z,"gothic rock,gothic metal","Cleopatra Records",0.529,0.839,8,-11.321,1,0.039,0.00137,0.00896,0.116,0.632,138.017,4
spotify:track:2hlNrO7VxPbKzuGDMtgXdg,"Farplane","Saturn","Zero Mindset",2021-08-27,337623,8,false,1khmfykcav6bxygmba16qfv2s,2021-12-13T22:25:56Z,"nu metal","Zero Mindset",0.393,0.63,5,-6.324,1,0.0295,0.000237,0.518,0.114,0.0566,153.918,4
spotify:track:4Iiylqe2XjsQQqGSJ90QhB,"Necromantic Fantasies","Existence Is Futile","Cradle Of Filth",2021-10-22,340769,32,false,1khmfykcav6bxygmba16qfv2s,2022-01-11T21:15:50Z,"black metal,gothic metal,metal,symphonic metal,death metal","Nuclear Blast",0.493,0.969,10,-6.061,0,0.0689,0.0000228,0.385,0.15,0.224,110.071,4
spotify:track:2jFgNCmOnx8vI4P4J5vV5M,"Falling in Love (Will Kill You) [feat. Gerard Way]","Gold Blooded (Deluxe Version)","Wrongchilde;Gerard Way",2014-09-16,250026,39,false,1khmfykcav6bxygmba16qfv2s,2022-01-11T22:01:00Z,"","Sad Bat Music",0.43,0.491,2,-7.385,1,0.0286,0.0643,0.00000143,0.177,0.0884,171.854,4
spotify:track:0n0XAmYCMWlzj3W9VdMejw,"Happy Together (feat. Ray Toro)","Happy Together (feat. Ray Toro)","Gerard Way;Ray Toro",2019-02-08,179392,58,false,1khmfykcav6bxygmba16qfv2s,2022-01-11T22:15:38Z,"","Reprise",0.621,0.816,7,-4.077,1,0.0316,0.0695,0.00559,0.103,0.716,122.032,4
spotify:track:4QCnMOWxfDkTsGt82HULFb,"Lights","Old But Gold","Ellie Goulding",2020-03-20,245853,62,false,1khmfykcav6bxygmba16qfv2s,2022-01-11T22:35:06Z,"","UME - Global Clearing House",0.699,0.732,8,-6.307,0,0.0304,0.0771,0.00198,0.131,0.676,120.028,4
spotify:track:2NehRqeFiEGV72lFfqJGUn,"Jezebel","Jezebel","The Rasmus",2022-01-17,190863,46,false,1khmfykcav6bxygmba16qfv2s,2022-01-17T03:41:21Z,"finnish rock","Playground Music",0.495,0.867,11,-4.111,0,0.0444,0.00298,0,0.0763,0.487,116.009,4
spotify:track:4W6MuwB3D4fjc0kLlUKZEl,"Call Me Little Sunshine","Call Me Little Sunshine","Ghost",2022-01-20,284266,50,false,1khmfykcav6bxygmba16qfv2s,2022-01-25T17:09:40Z,"metal,hard rock","Loma Vista Recordings",0.566,0.871,5,-4.833,1,0.0311,0.000674,0.00144,0.107,0.41,88.012,4
spotify:track:2dgw2frRbbad7kI7uYhLhU,"In The City","New World","Lauri",2011,236400,0,false,1khmfykcav6bxygmba16qfv2s,2022-02-16T20:57:43Z,"finnish pop","Cobalt Music - Helladisc S.A. (GR)",0.629,0.637,11,-6.713,0,0.0328,0.000109,0.0657,0.0717,0.442,110.996,4
spotify:track:3IVpF7FvRxuOFH9RvY4wrK,"About You Now","iCarly - Music From and Inspired by the Hit TV Show","Miranda Cosgrove",2008,190560,47,false,1khmfykcav6bxygmba16qfv2s,2022-02-17T16:43:02Z,"","NITRON concepts",0.489,0.868,6,-3.8,1,0.13,0.00558,0,0.602,0.658,164.98,4
spotify:track:3L2Nyi3T7XabH8EEZFLDdX,"Wet Sand","Stadium Arcadium","Red Hot Chili Peppers",2006-05-09,309800,71,false,1khmfykcav6bxygmba16qfv2s,2022-02-17T18:46:44Z,"funk rock,alternative rock,rock","Warner Records",0.313,0.753,4,-3.921,0,0.0285,0.0313,0.00000225,0.142,0.514,176.748,4
spotify:track:6cQdZhnwKIeLud5qTD7BuQ,"(We Ain't Got) Nothin' Yet","Psychedelic Lollipop","The Blues Magoos",1966-01-01,135746,39,false,1khmfykcav6bxygmba16qfv2s,2022-02-17T18:56:44Z,"acid rock,psychedelic rock,garage rock,proto-punk","Island Def Jam",0.398,0.864,10,-8.199,1,0.0492,0.523,0,0.0985,0.782,148.47,4
spotify:track:3ARUWZ4hryYXhp6X7KHcaD,"Don't Shut Me Down","Voyage","ABBA",2021-11-05,236293,59,false,1khmfykcav6bxygmba16qfv2s,2022-02-17T19:38:09Z,"","Polar Music International AB",0.727,0.575,0,-8.247,1,0.0286,0.105,0,0.113,0.55,99.991,4
spotify:track:3oEkrIfXfSh9zGnE7eBzSV,"The Winner Takes It All","Super Trouper","ABBA",1980,294720,88,false,1khmfykcav6bxygmba16qfv2s,2022-02-17T19:57:26Z,"","Polar Music International AB",0.454,0.788,6,-6.748,1,0.0371,0.574,0.000766,0.0859,0.52,126.15,4
spotify:track:0JNPmXGU9K9DJpV9eHppZz,"Sentimentai","Sentimentai","Monika LIU",2022-01-18,180000,0,false,1khmfykcav6bxygmba16qfv2s,2022-03-04T18:52:57Z,"","Monika Liu",0.675,0.555,0,-7.995,1,0.0325,0.0902,0.00411,0.314,0.5,93.075,4
spotify:track:4viW5CBVDR6hm3RvrVK8TV,"Naughty Boy","Naughty Boy","Killer",2003-01-01,187066,9,false,1khmfykcav6bxygmba16qfv2s,2022-03-04T18:59:57Z,"finnish rock,finnish pop","Universal Music Oy",0.588,0.85,7,-5.211,1,0.0323,0.00134,0.00453,0.609,0.466,125.995,4
spotify:track:33Ch0pgFMswDRIzu3BXu3l,"Sunny Side Of Love","Music From Another Dimension! (Expanded Edition)","Aerosmith",2012-11-06,207880,0,false,1khmfykcav6bxygmba16qfv2s,2022-03-06T16:04:09Z,"classic rock,rock","Columbia",0.278,0.633,9,-4.625,0,0.0329,0.000109,0,0.339,0.435,201.888,4
spotify:track:6DI4rmGzTvC19mc11pTXMz,"Theme from Spider Man","Spider Man - Music From And Inspired By","Aerosmith",2002-07-12,176733,41,false,1khmfykcav6bxygmba16qfv2s,2022-03-06T20:20:08Z,"classic rock,rock","Columbia/Roadrunner/Island Def Jam/Sony Music Soundtrax",0.468,0.956,3,-4.625,0,0.0928,0.0184,0.0000275,0.457,0.352,114.96,4
spotify:track:4nnJRbVecvQwqf3OQP4mja,"These Days","These Days","Bon Jovi",1995-06-27,387826,64,false,1khmfykcav6bxygmba16qfv2s,2022-03-08T19:10:51Z,"glam metal","Island Records",0.338,0.834,4,-5.312,0,0.0454,0.0271,0,0.0877,0.211,131.429,4
spotify:track:2wzdF1W2oi3AfE2Em8UGR2,"Son of a Dream","Loading Complete","Dark-N",2005,255465,0,false,1khmfykcav6bxygmba16qfv2s,2022-03-11T20:46:27Z,"doom metal","M&O Music",0.324,0.714,6,-6.641,1,0.042,0.000279,0.526,0.0469,0.18,119.831,4
spotify:track:452WW3sHSkt9AxuKS4cLX0,"Kaisarion","IMPERA","Ghost",2022-03-11,302040,57,false,1khmfykcav6bxygmba16qfv2s,2022-03-11T20:53:03Z,"metal,hard rock","Loma Vista Recordings",0.424,0.958,9,-3.805,1,0.0669,0.00054,0.0000602,0.215,0.353,92.993,4
spotify:track:6vXceKic4ACImU0bC3oecd,"Darkness At The Heart Of My Love","IMPERA","Ghost",2022-03-11,298573,63,false,1khmfykcav6bxygmba16qfv2s,2022-03-11T21:22:10Z,"metal,hard rock","Loma Vista Recordings",0.54,0.719,10,-5.744,1,0.0284,0.00833,0.000158,0.158,0.238,122.043,4
spotify:track:64HhnYD3ZOCCRrgqRdJJm0,"Happy Birthday in the Sky","Happy Birthday in the Sky","Placebo",2022-03-03,309465,0,false,1khmfykcav6bxygmba16qfv2s,2022-03-15T17:37:12Z,"britpop","SO Recordings",0.632,0.629,5,-6.93,0,0.0293,0.00047,0.18,0.136,0.271,112.004,4
spotify:track:3s8yNPyoTkWrva3cFJw4y7,"Spit It Out","The Alternative","IAMX",2006-04-28,238893,44,false,1khmfykcav6bxygmba16qfv2s,2022-03-15T17:55:42Z,"","UNFALL",0.557,0.931,10,-3.242,0,0.0401,0.00352,0,0.146,0.85,126.995,4
spotify:track:4PipqPw82gjhX2RkevIzo8,"After the Last Midtown Show","Fast Times At Barrington High","The Academy Is...",2008-08-15,312826,31,false,1khmfykcav6bxygmba16qfv2s,2022-03-17T20:43:37Z,"emo,pop punk","Decaydance/Fueled By Ramen/ATL",0.473,0.569,9,-5.496,1,0.0262,0.000532,0.000012,0.106,0.158,85.992,4
spotify:track:2jbg6xqB4lbWaUu4L6yorK,"Fairyland","Angelzoom","Angelzoom",2004-10-04,230853,24,false,1khmfykcav6bxygmba16qfv2s,2022-03-18T16:08:42Z,"symphonic metal,gothic metal","Nuclear Blast",0.508,0.749,0,-5.597,1,0.0385,0.409,0.00019,0.26,0.186,79.018,4
spotify:track:4Bv29jUh1egAohXGqkH1Bc,"Everything We Had","Santi","The Academy Is...",2007-04-02,218746,34,false,1khmfykcav6bxygmba16qfv2s,2022-03-24T19:19:13Z,"emo,pop punk","Atlantic Records",0.202,0.763,2,-4.513,1,0.0501,0.0466,0,0.27,0.274,174.28,3
spotify:track:0d28OlcsxI1dD5i6zI7vjB,"The Prodigal","Never Let Me Go","Placebo",2022-03-24,286514,0,false,1khmfykcav6bxygmba16qfv2s,2022-03-25T03:06:29Z,"britpop","SO Recordings",0.544,0.747,1,-8.101,0,0.0277,0.00247,0.111,0.292,0.497,112.234,4
spotify:track:11ArWSwCKdG9P0ZAzDlS2G,"Rōnin","Rōnin","Ibaraki;Gerard Way",2022-03-25,553880,32,false,1khmfykcav6bxygmba16qfv2s,2022-03-25T15:20:54Z,"","Nuclear Blast",0.266,0.807,5,-7.167,0,0.0507,0.000943,0.199,0.0977,0.198,139.031,3
spotify:track:2EccTmwDEyP2lvs0Fs5WqJ,"More Than A Woman","Dee Gees / Hail Satin - Foo Fighters / Live","Dee Gees",2021-07-19,188933,40,false,1khmfykcav6bxygmba16qfv2s,2022-03-25T21:21:00Z,"","RCA Records Label",0.623,0.759,7,-6.379,1,0.0281,0.000777,0.00246,0.133,0.77,106.029,4
spotify:track:5AxO9VxgdTs3O6NmVG8s4V,"Soft Revolution","Tales From Six Feet Under","Charlotte Wessels",2021-09-17,404934,27,false,1khmfykcav6bxygmba16qfv2s,2022-03-25T22:17:38Z,"symphonic metal,hardstyle,gothic metal","Charlotte Wessels",0.348,0.64,7,-7.623,1,0.0479,0.321,0.00000465,0.359,0.199,113.317,5
spotify:track:37YH98CFAthSCNfTViQln3,"Who Would You Die For","Burning Bridges","Bon Jovi",2015-08-21,235093,27,false,1khmfykcav6bxygmba16qfv2s,2022-03-25T22:29:04Z,"glam metal","Bon Jovi Dist Deal (Burning Bridges)",0.592,0.513,0,-7.022,0,0.0404,0.159,0.000476,0.109,0.433,94.087,4
spotify:track:3KsuXlZLlyZ5B1GftwoghZ,"Oxygen","Starpilot","World Complete",2020-06-19,297007,0,false,1khmfykcav6bxygmba16qfv2s,2022-03-26T23:15:41Z,"synthwave,chillwave,vaporwave","Walwyn Studios",0.472,0.918,8,-8.782,1,0.0387,0.000187,0.744,0.0905,0.11,116.009,4
spotify:track:4LxrmBgBLQc2oU60r6cBPW,"Wild World","Big, Bigger, Biggest! The Best Of Mr. Big","Mr. Big",1996-11-25,208506,55,false,1khmfykcav6bxygmba16qfv2s,2022-03-31T00:06:01Z,"glam metal","evoxs",0.567,0.774,5,-5.14,1,0.0341,0.262,0,0.293,0.608,71.902,4
spotify:track:3X7uFMzJrEE0sxn62qd8Ch,"Nothing's Gonna Stop Us Now","No Protection","Starship",1987-07-27,270333,86,false,1khmfykcav6bxygmba16qfv2s,2022-03-31T00:28:16Z,"","Rhino",0.643,0.802,6,-4.92,1,0.0227,0.0299,0,0.0719,0.53,95.99,4
spotify:track:4HyD9eQLf08qn5VBjzUZu2,"My Woman","My Woman","Starship",2016-10-14,286711,0,false,1khmfykcav6bxygmba16qfv2s,2022-03-31T00:35:49Z,"","DMD LLC",0.344,0.623,0,-7.974,1,0.0304,0.0000212,0.111,0.101,0.242,82.722,4
spotify:track:6XkVgnDsnlovgfARoHb12y,"Sara - Re-Record","Greatest Hits Relaunched","Starship",2021-10-29,288360,17,false,1khmfykcav6bxygmba16qfv2s,2022-03-31T00:48:44Z,"","Purple Pyramid Records",0.536,0.764,10,-6.253,1,0.045,0.0322,0.00000147,0.0734,0.237,103.072,4
spotify:track:2kj5f1eRhUFhW6K0qUwoD8,"Wild World","Bump Ahead [Expanded]","Mr. Big",1993-09-17,208560,69,false,1khmfykcav6bxygmba16qfv2s,2022-03-31T00:56:27Z,"glam metal","evoxs",0.573,0.722,5,-6.518,1,0.0295,0.182,0,0.29,0.59,144.209,4
spotify:track:27hktiddJj63mK6gZAQp4q,"Compliance","Compliance","Muse",2022-03-17,250860,45,false,1khmfykcav6bxygmba16qfv2s,2022-04-01T01:44:50Z,"alternative rock,rock","Warner Records",0.642,0.791,2,-4.196,0,0.0855,0.145,0,0.374,0.56,110.037,4
spotify:track:5b5u0lJMQTJltn3tKp342F,"Let 'Em Cry","Unlimited Love","Red Hot Chili Peppers",2022-04-01,263152,47,false,1khmfykcav6bxygmba16qfv2s,2022-04-01T17:15:02Z,"funk rock,alternative rock,rock","Warner Records",0.829,0.554,5,-7.056,1,0.0355,0.0543,0.000109,0.205,0.517,93.516,4
spotify:track:6lMgpyCWtSHf46Bume2hTS,"Phoneline","Phoneline","Austin John Winkler",2022-03-25,254882,24,false,1khmfykcav6bxygmba16qfv2s,2022-04-01T17:38:02Z,"","Winkvine",0.468,0.583,8,-5.737,1,0.028,0.162,0,0.327,0.155,136.043,3
spotify:track:5r5CLoxR6WkGvJIDjVuC4u,"SuperJaded","SuperJaded","Austin John Winkler",2022-01-21,241332,35,true,1khmfykcav6bxygmba16qfv2s,2022-04-01T17:40:52Z,"","Winkvine",0.541,0.84,3,-5.263,0,0.0419,0.00101,0.0000206,0.178,0.231,130.057,4
spotify:track:6dfwRetlyLPBoQzdufbOWj,"Bite Me","Love Sux","Avril Lavigne",2022-02-25,159746,66,true,1khmfykcav6bxygmba16qfv2s,2022-04-01T17:56:04Z,"","DTA Records",0.491,0.792,8,-4.382,1,0.0699,0.00381,0,0.359,0.74,169.997,4
spotify:track:0VGuRxuaWea2HqXPX769sI,"A Different Kind of Pain","A Different Kind Of Pain (Domestic Version)","Cold",2005-08-29,319000,46,false,1khmfykcav6bxygmba16qfv2s,2022-04-01T21:59:40Z,"post-grunge,nu metal,alternative metal","Lava",0.393,0.775,6,-5.485,1,0.0382,0.0245,0,0.082,0.162,143.928,4
spotify:track:7dFLTNb0VrLtyOfRbawHSa,"Daddy Cool","Covers","Placebo",2003-03-24,201706,0,false,1khmfykcav6bxygmba16qfv2s,2022-04-05T20:36:44Z,"britpop","Elevator Lady Ltd",0.59,0.831,5,-6.398,0,0.0333,0.00000143,0.771,0.15,0.882,125.021,4
spotify:track:3gIfn6QVk9hRF8xOfq4MBw,"Tähdet tähdet","Ville Valo & Agents","Ville Valo & Agents",2019-02-15,226746,29,false,1khmfykcav6bxygmba16qfv2s,2022-04-07T19:54:07Z,"iskelmä,finnish pop,finnish rock","Universal Music Oy",0.579,0.545,9,-8.368,0,0.0274,0.385,0.876,0.152,0.58,117.723,4
spotify:track:2Sgcp6SE7TIAp5IWVGBnsu,"Brandon Lee","Blessed Be","The 69 Eyes",2000-01-01,208866,44,false,1khmfykcav6bxygmba16qfv2s,2022-04-07T19:57:14Z,"gothic metal,gothic rock,finnish rock,deathrock,horror punk,darkwave","POKO",0.57,0.786,6,-5.572,1,0.0349,0.00739,0.838,0.0556,0.389,140.084,4
spotify:track:0bJPjlcegkXGSnijanvwVD,"Loveletting - 7"" Cut","Loveletting (7"" Cut)","VV",2022-04-08,235353,0,false,1khmfykcav6bxygmba16qfv2s,2022-04-08T12:44:29Z,"gothic metal,gothic rock","Universal Music Oy",0.49,0.788,8,-6.333,1,0.0415,0.00443,0.0232,0.267,0.434,127.041,4
spotify:track:5hPxC9i9lj9pJwg7DK2MvC,"Zick Zack","Zick Zack","Rammstein",2022-04-07,244365,54,false,1khmfykcav6bxygmba16qfv2s,2022-04-08T16:51:41Z,"industrial metal,metal,industrial rock,industrial","Rammstein",0.669,0.812,5,-5.384,0,0.0679,0.00121,0.00113,0.0732,0.399,130.012,4
spotify:track:0HaWkercAOg1uaQd6XcLsN,"The Last Drop of Forever","The Last Drop of Forever","LostAlone",2022-04-08,183106,0,false,1khmfykcav6bxygmba16qfv2s,2022-04-08T18:48:03Z,"","Dharma Records",0.427,0.892,1,-4.816,1,0.128,0.000196,0.0649,0.525,0.519,91.908,4
spotify:track:1c9HtErdY8WstSP2znOiQj,"G.U.I.L.T.Y","Shapes Of Screams","LostAlone",2014-04-06,216870,0,false,1khmfykcav6bxygmba16qfv2s,2022-04-08T19:37:42Z,"","Graphite Records Ltd",0.371,0.91,5,-4.288,0,0.0863,0.000187,0,0.621,0.415,168.022,4
spotify:track:6aew8oSOZzpFx8cLx9IFK2,"Requiem","Shapes Of Screams","LostAlone",2014-04-06,233617,0,false,1khmfykcav6bxygmba16qfv2s,2022-04-08T20:15:58Z,"","Graphite Records Ltd",0.396,0.907,6,-4.204,1,0.0759,0.0207,0,0.0959,0.32,157.96,4
spotify:track:5qPujfniQkiXYcnfmAEJCv,"Breathing In The Future Exhaling The Past","Shapes Of Screams","LostAlone",2014-04-06,166298,0,false,1khmfykcav6bxygmba16qfv2s,2022-04-08T20:23:36Z,"","Graphite Records Ltd",0.295,0.825,8,-6.889,1,0.0576,0.00022,0.0423,0.357,0.167,76.994,4
spotify:track:1Y0dy5kYpDpM3M928ivS4p,"Yours","Yours","Dynazty",2022-03-18,264680,24,false,1khmfykcav6bxygmba16qfv2s,2022-04-12T20:56:08Z,"power metal,symphonic metal,metal","AFM Records",0.282,0.811,5,-6.434,0,0.0488,0.00172,0,0.313,0.409,170.104,4
spotify:track:0d8XLdpgxjg9N2vdrepWJP,"Don't Let It Rain","Rescue","Shaman",2022-04-15,224160,17,false,1khmfykcav6bxygmba16qfv2s,2022-04-16T14:24:05Z,"power metal,symphonic metal","Shaman Records",0.456,0.943,9,-6.31,1,0.07,0.013,0,0.366,0.346,105.992,4
spotify:track:5KrMtwyqt8J05XV5hHgtw0,"Firedancer","Ghostlight","Poets of the Fall",2022-04-29,380136,36,false,1khmfykcav6bxygmba16qfv2s,2022-05-03T16:05:55Z,"finnish rock","Insomniac",0.559,0.907,2,-7.674,0,0.0407,0.000126,0.0994,0.338,0.171,123.007,4
spotify:track:63kCRoW7SPJYTB3MWMUqMU,"Heroes and Villains","Ghostlight","Poets of the Fall",2022-04-29,310586,41,false,1khmfykcav6bxygmba16qfv2s,2022-05-03T16:30:52Z,"finnish rock","Insomniac",0.451,0.494,11,-10.064,0,0.0313,0.186,0.0000114,0.107,0.0976,113.022,4
spotify:track:1Sw9xCXYw1UtuHuYh7dJOx,"Beyond the Horizon","Ghostlight","Poets of the Fall",2022-04-29,388320,30,false,1khmfykcav6bxygmba16qfv2s,2022-05-03T16:54:11Z,"finnish rock","Insomniac",0.288,0.405,1,-9.258,0,0.033,0.00782,0.0000558,0.0808,0.173,129.974,4
spotify:track:514GW1c9Jn21KgZmO6mZIE,"Armee der Tristen","Zeit","Rammstein",2022-04-29,205589,67,false,1khmfykcav6bxygmba16qfv2s,2022-05-03T21:22:25Z,"industrial metal,metal,industrial rock,industrial","Rammstein",0.447,0.901,2,-5.397,1,0.0491,0.000415,0.000103,0.225,0.334,86.01,4
spotify:track:2w7Ca8DNYXBCgA6Bht7o0N,"Zick Zack","Zeit","Rammstein",2022-04-29,244365,64,false,1khmfykcav6bxygmba16qfv2s,2022-05-03T21:36:59Z,"industrial metal,metal,industrial rock,industrial","Rammstein",0.669,0.814,5,-5.375,0,0.0681,0.00118,0.00131,0.0737,0.398,130.014,4
spotify:track:0Q9997lpBUUoyAaLvAjlJx,"Ariel","The Dark Side","Fireal",2011-04-13,247320,19,false,1khmfykcav6bxygmba16qfv2s,2022-05-05T21:37:56Z,"finnish rock","WM Finland",0.29,0.732,5,-5.505,0,0.0393,0.00169,0,0.383,0.313,189.824,3
spotify:track:2w6vLedw38miU5DP9HOWpp,"The Imperia (Call Me Now)","The Dark Side","Fireal",2011-04-13,250373,5,false,1khmfykcav6bxygmba16qfv2s,2022-05-07T01:43:11Z,"finnish rock","WM Finland",0.37,0.876,1,-4.971,0,0.0528,0.00000527,0.144,0.813,0.22,85.039,4
spotify:track:5bx4DPSuvBUn6luswgF7Ez,"Disko","Disko","LPS",2022-04-01,179623,40,false,1khmfykcav6bxygmba16qfv2s,2022-05-11T14:16:21Z,"","Last Pizza Slice",0.683,0.611,4,-6.337,0,0.0287,0.00179,0,0.0531,0.601,119.991,4
spotify:track:0rNIEBlBuo5108lnHyGbqJ,"Eat Your Salad","Eat Your Salad","Citi Zēni",2022-01-13,181795,20,true,1khmfykcav6bxygmba16qfv2s,2022-05-11T14:16:25Z,"","TCLV Records",0.702,0.818,2,-5.636,1,0.179,0.00654,0,0.217,0.586,115.043,4
spotify:track:6Pif6RkFoYzLygdqktus4Q,"The Foundations of Decay","The Foundations of Decay","My Chemical Romance",2022-05-12,360760,61,false,1khmfykcav6bxygmba16qfv2s,2022-05-13T03:32:23Z,"emo,pop punk","Reprise",0.363,0.67,1,-6.652,0,0.0552,0.000582,0.548,0.317,0.198,150.15,4
spotify:track:0ndVhwkroElBrl39DHayzZ,"Prison","Prison","The Puro;Noel Hogan;Mell Peck",2022-05-06,231786,0,false,1khmfykcav6bxygmba16qfv2s,2022-05-20T02:23:21Z,"","ForMusic",0.496,0.693,5,-6.479,0,0.0266,0.000416,0.0000481,0.297,0.315,103.938,4
spotify:track:7HDWE2Ib7cjkhzULV4K8y3,"It's No Good","Ultra (Deluxe)","Depeche Mode",1997-04-14,358520,70,false,1khmfykcav6bxygmba16qfv2s,2022-05-22T21:08:31Z,"new wave,synthpop,darkwave","Venusnote Ltd.",0.603,0.756,10,-6.48,0,0.0344,0.0085,0.0479,0.0824,0.184,99.107,4
spotify:track:4AKRf8MaMfsc1pgpR5e3X9,"Liquid State","The 2nd Law","Muse",2012-09-24,182946,48,false,1khmfykcav6bxygmba16qfv2s,2022-05-23T21:05:21Z,"alternative rock,rock","Warner Records",0.508,0.905,2,-4.362,1,0.0434,0.000255,0.0193,0.113,0.431,76.012,4
spotify:track:2jbWLFoXwlARSLy9hIST0d,"Take the World","Valleyheart","She Wants Revenge",2011-05-23,327186,0,false,1khmfykcav6bxygmba16qfv2s,2022-05-23T21:11:02Z,"darkwave,gothic rock","Five Seven Music",0.609,0.938,1,-6.018,1,0.0319,0.00046,0.0297,0.139,0.656,100.02,4
spotify:track:0syIc2ocYBIKASFqifvwRz,"Opera House","Cigarettes After Sex","Cigarettes After Sex",2017-06-09,364680,0,false,1khmfykcav6bxygmba16qfv2s,2022-05-23T21:30:35Z,"dream pop","PTKF",0.319,0.293,5,-14.145,1,0.0378,0.734,0.85,0.0971,0.0689,115.481,4
spotify:track:4TEtqylSt1QhGBEfSi6tWA,"This Is It","The Fundamental Slimes and Humours","Nekrogoblikon",2022-04-01,240522,0,true,1khmfykcav6bxygmba16qfv2s,2022-05-25T17:16:54Z,"melodic death metal,metal,folk metal","Mystery Box",0.508,0.935,4,-4.141,0,0.0406,0.00222,0.628,0.207,0.726,180.03,4
spotify:track:0cKifSzAiCIwXMfH9GE6IS,"Bones","The Fundamental Slimes and Humours","Nekrogoblikon",2022-04-01,249545,0,false,1khmfykcav6bxygmba16qfv2s,2022-05-26T17:16:09Z,"melodic death metal,metal,folk metal","Mystery Box",0.558,0.936,0,-5.47,0,0.0348,0.0000415,0.645,0.0728,0.367,110.014,4
spotify:track:0avch3EmDK0tdgtP3Nbz0W,"Justify","Black Roses","The Rasmus",2008-09-23,266613,50,false,1khmfykcav6bxygmba16qfv2s,2022-05-27T19:00:22Z,"finnish rock","Playground Music",0.386,0.675,0,-5.954,0,0.0319,0.0207,0,0.201,0.17,178.113,4
spotify:track:36DrLw8kpZY9QJIxutgfRy,"Perfect Symmetry","Perfect Symmetry","Keane",2008-01-01,312093,54,false,1khmfykcav6bxygmba16qfv2s,2022-05-27T19:00:25Z,"","Universal-Island Records Ltd.",0.516,0.889,0,-4.237,0,0.0386,0.0209,0,0.0789,0.453,115.036,4
spotify:track:2nvC4i2aMo4CzRjRflysah,"In My Place","A Rush of Blood to the Head","Coldplay",2002-08-27,226680,77,false,1khmfykcav6bxygmba16qfv2s,2022-05-27T19:00:29Z,"","Parlophone Records Limited",0.424,0.588,9,-5.455,1,0.0278,0.0553,0.00000495,0.298,0.193,144.636,4
spotify:track:4QB2cdh2v5zeRD1khGF9A5,"Fly Away From Here","Just Push Play","Aerosmith",2001-03-05,301760,0,false,1khmfykcav6bxygmba16qfv2s,2022-05-27T19:00:32Z,"classic rock,rock","Columbia",0.387,0.686,4,-5.368,1,0.0363,0.142,0,0.122,0.171,142.091,4
spotify:track:3aVyHFxRkf8lSjhWdJ68AW,"Just Another Girl","Direct Hits","The Killers",2013-01-01,262000,65,false,1khmfykcav6bxygmba16qfv2s,2022-05-27T19:00:34Z,"alternative rock","Island Records",0.547,0.778,1,-4.529,1,0.0276,0.000111,0.0136,0.138,0.16,136.98,4
spotify:track:3uBcbK8ztChsXB4uZNKh0S,"Just Feel Better (feat. Steven Tyler)","All That I Am","Santana;Steven Tyler",2005-10-31,252706,47,false,1khmfykcav6bxygmba16qfv2s,2022-05-27T19:00:49Z,"","Arista",0.437,0.867,0,-4.028,0,0.0546,0.133,0,0.0966,0.478,160.133,4
spotify:track:1wyxcLh2wZ2Z2D7iSazzm4,"Thin Air","Nothing In My Way","Keane",2006-01-01,236706,39,false,1khmfykcav6bxygmba16qfv2s,2022-05-27T19:00:53Z,"","Universal-Island Records Ltd.",0.546,0.795,0,-4.323,1,0.0297,0.0032,0,0.0872,0.317,122.044,4
spotify:track:53EmLZj7bKyyxUi2VlHOEc,"If I Were You","Every Man For Himself (Expanded Edition)","Hoobastank",2006-05-08,258279,42,false,1khmfykcav6bxygmba16qfv2s,2022-05-27T19:00:57Z,"nu metal","Mercury Records",0.478,0.761,2,-4.716,1,0.0309,0.0055,0,0.375,0.15,77.012,4
spotify:track:32Ky5QCRtwYJJXuLwoGufj,"Monsoon","Scream","Tokio Hotel",2007-01-01,241426,2,false,1khmfykcav6bxygmba16qfv2s,2022-05-27T19:01:02Z,"","Island Records",0.58,0.731,3,-5.299,0,0.0293,0.0204,0,0.21,0.164,111.982,4
spotify:track:3cpZ3zlLZcwcjakRjv3dM9,"Ashtray Heart","A Place For Us To Dream","Placebo",2016-10-07,218635,4,false,1khmfykcav6bxygmba16qfv2s,2022-05-27T19:01:05Z,"britpop","Universal Music",0.494,0.933,0,-4.698,1,0.0407,0.0000945,0.00000109,0.112,0.353,138.019,4
spotify:track:6GcEtup0lchYcgG1gymXzn,"Someone Else","Into (Bonus Edition)","The Rasmus",2001-01-01,268693,19,false,1khmfykcav6bxygmba16qfv2s,2022-05-27T19:01:07Z,"finnish rock","Playground Music",0.367,0.682,5,-6.112,1,0.0332,0.00438,0.0000704,0.39,0.336,171.848,4
spotify:track:49m3fFcJbfucpbUa22WN3R,"You Are Young - Alternative Structure - Work In Progress","Strangeland 10 : Work In Progress Versions","Keane",2022-06-03,235720,25,false,1khmfykcav6bxygmba16qfv2s,2022-06-03T13:32:07Z,"","Universal-Island Records Ltd.",0.502,0.725,0,-7.228,1,0.0283,0.0116,0.00000722,0.205,0.238,101.953,4
spotify:track:63WuQOXohQIxOxIFA2K7bR,"SUPERMODEL","SUPERMODEL","Måneskin",2022-05-13,148064,66,false,1khmfykcav6bxygmba16qfv2s,2022-06-03T20:36:48Z,"","Epic",0.636,0.876,7,-3.413,1,0.0555,0.00164,0,0.117,0.799,120.983,4
spotify:track:7HMz8o0m7ASQ3ImFPfhWTY,"CORALINE","Teatro d'ira - Vol. I","Måneskin",2021-03-19,300413,72,false,1khmfykcav6bxygmba16qfv2s,2022-06-03T21:07:09Z,"","RCA Records Label",0.363,0.678,2,-4.939,0,0.0995,0.0299,0,0.324,0.321,162.124,4
spotify:track:3590AAEoqH50z4UmhMIY85,"Torna a casa","Il ballo della vita","Måneskin",2018-10-26,230666,67,false,1khmfykcav6bxygmba16qfv2s,2022-06-03T21:23:13Z,"","RCA Records Label",0.425,0.638,1,-3.184,0,0.0759,0.426,0,0.177,0.45,81.396,4
spotify:track:4BeTdSvEgnH0qvgj8QIzBX,"Rise","Rise","The Rasmus",2022-06-10,234483,26,false,1khmfykcav6bxygmba16qfv2s,2022-06-13T21:07:45Z,"finnish rock","Playground Music",0.37,0.769,0,-6.178,0,0.047,0.000531,0.000422,0.481,0.209,119.806,4
spotify:track:1tWzCMBMazlQxfY9Ieagcv,"Go","The Walk","Hanson",2007-02-21,244253,29,false,1khmfykcav6bxygmba16qfv2s,2022-06-17T14:22:44Z,"","3CG Records",0.52,0.698,7,-4.174,1,0.0284,0.0359,0.0000034,0.124,0.523,152.097,4
spotify:track:6reGzSb3P8X9fEqrajEmrC,"Nothing Is Keeping You Here","Cast In Steel","a-ha",2015-09-04,283373,23,false,1khmfykcav6bxygmba16qfv2s,2022-06-28T21:05:56Z,"new wave,synthpop","WE LOVE MUSIC",0.661,0.601,7,-7.668,1,0.0284,0.683,0.161,0.111,0.118,95.844,4
spotify:track:5HmNls885b2Egmu60z4fo3,"Don't Pray For Me","Don't Pray For Me","Within Temptation",2022-07-08,221560,35,false,1khmfykcav6bxygmba16qfv2s,2022-07-08T18:34:32Z,"symphonic metal,gothic metal,gothic rock,power metal,metal","Force Music Recordings",0.481,0.9,10,-3.988,0,0.0696,0.000163,0.000032,0.0783,0.503,141.938,4
spotify:track:2QvHVmgqpvARezr3p1wI7e,"Angel","Consent to Treatment","Blue October",2000-08-15,305266,24,false,1khmfykcav6bxygmba16qfv2s,2022-07-11T19:49:03Z,"","Motown",0.539,0.905,7,-7.593,1,0.048,0.0342,0,0.0805,0.401,111.095,4
spotify:track:3PiSzQDVSfg2uohGSEX9SE,"Clumsy Card House","History For Sale","Blue October",2003-01-01,199640,32,false,1khmfykcav6bxygmba16qfv2s,2022-07-11T20:11:02Z,"","Motown",0.716,0.46,0,-8.281,1,0.0325,0.15,0.00291,0.157,0.427,118.031,4
spotify:track:6fKvzS9XvbNIlqTYi6UbZx,"You Make Me Smile","Foiled For The Last Time","Blue October",2007-09-25,261399,30,false,1khmfykcav6bxygmba16qfv2s,2022-07-12T13:08:15Z,"","Polydor",0.493,0.777,2,-5.18,1,0.0273,0.17,0.000115,0.111,0.38,93.016,4
spotify:track:57uGZw2VO8lAksDt2wdDAk,"Kangaroo Cry","Ncis Tv Soundtrack","Blue October",2009-02-10,264293,18,false,1khmfykcav6bxygmba16qfv2s,2022-07-12T15:53:47Z,"","CBS Records",0.405,0.569,0,-8.924,1,0.0332,0.00308,0,0.0911,0.28,79.559,4
spotify:track:3dqOijXsUF9EOg8vh891ae,"Things We Do at Night","Sway","Blue October",2013-08-20,296000,30,true,1khmfykcav6bxygmba16qfv2s,2022-07-12T23:05:03Z,"","Up Down Records",0.527,0.849,2,-6.055,1,0.0459,0.0634,0.000415,0.163,0.438,95.96,4
spotify:track:0uVt1UqcssBjFCQogJCkoz,"I'm In","I'm In","a-ha",2022-07-08,305906,42,false,1khmfykcav6bxygmba16qfv2s,2022-07-13T16:49:01Z,"new wave,synthpop","Ariola/Hansa Local",0.486,0.55,11,-8.223,1,0.0256,0.315,0.000502,0.285,0.177,98.915,4
spotify:track:4kBDDlh8PN6SRobI0uANK1,"Move Me","Move Me","Badflower",2020-02-21,204029,54,false,1khmfykcav6bxygmba16qfv2s,2022-07-14T17:50:54Z,"post-grunge","Big Machine Records / John Varvatos Records",0.283,0.677,11,-5.535,0,0.0347,0.0722,0,0.19,0.188,81.246,5
spotify:track:5Lkhf0rFPpKy3GaSimofXv,"Spinning the Truth Around","Spinning the Truth Around","Blue October",2022-07-15,289165,31,false,1khmfykcav6bxygmba16qfv2s,2022-07-15T22:01:16Z,"","Up Down Records",0.458,0.624,2,-6.521,1,0.0382,0.0441,0,0.103,0.288,74.923,4
spotify:track:2Kz5qeXifBxE0zmuoVchlM,"Wings","Fire Within (Deluxe)","Birdy",2013-09-16,252106,75,false,1khmfykcav6bxygmba16qfv2s,2022-07-25T00:28:49Z,"","Atlantic Records UK",0.474,0.707,7,-4.534,1,0.0253,0.0831,0,0.162,0.224,83.235,4
spotify:track:2TO4IgI8vxUUt0Uf4q2Bxz,"Gravitational","Gravitational","Tom Chaplin",2022-07-20,363383,0,false,1khmfykcav6bxygmba16qfv2s,2022-07-25T21:35:48Z,"","BMG Rights Management (UK) Limited",0.463,0.866,4,-6.213,0,0.03,0.039,0.00352,0.0722,0.897,168.964,4
spotify:track:60gTdTwaNtGAzIxKfeGVfJ,"Love's Train","Love's Train","Bruno Mars;Anderson .Paak;Silk Sonic",2022-02-14,307014,1,false,1khmfykcav6bxygmba16qfv2s,2022-07-27T15:13:11Z,"","Aftermath Entertainment/Atlantic",0.711,0.605,6,-9.801,0,0.031,0.0396,0.0000229,0.104,0.807,140.981,4
spotify:track:0ysfPXAhSM4X5jL6GaspRy,"On the Floor","En Minor","En Minor",2019-08-02,322125,23,false,1khmfykcav6bxygmba16qfv2s,2022-08-04T01:42:07Z,"alternative metal","Housecore Records",0.246,0.431,2,-9.09,1,0.0353,0.00804,0.00881,0.356,0.142,115.256,3
spotify:track:4zkfLRUAPyLMvjaDh5A3l8,"The Letter","The Grandiose Nowhere","Lacrimas Profundere",2010,233226,22,false,1khmfykcav6bxygmba16qfv2s,2022-08-08T19:38:44Z,"gothic metal,gothic rock,doom metal,symphonic metal,drone metal","Napalm Records",0.456,0.936,0,-5.291,1,0.0482,0.000298,0.00419,0.116,0.148,172.017,4
spotify:track:4HYfYqrszyJNf30YGDd8UM,"My Release in Pain","Antiadore","Lacrimas Profundere",2013-08-01,185240,40,false,1khmfykcav6bxygmba16qfv2s,2022-08-08T19:59:44Z,"gothic metal,gothic rock,doom metal,symphonic metal,drone metal","Napalm Records",0.401,0.956,1,-4.843,0,0.0571,0.0000115,0.908,0.0644,0.426,178.235,4
spotify:track:56MHSBlyzvSOrfwzKPwhh2,"I Don't Care","The Grandiose Nowhere","Lacrimas Profundere",2010,246000,17,false,1khmfykcav6bxygmba16qfv2s,2022-08-08T20:14:51Z,"gothic metal,gothic rock,doom metal,symphonic metal,drone metal","Napalm Records",0.471,0.582,4,-8.195,0,0.0288,0.00382,0.0251,0.361,0.0696,160.16,4
spotify:track:5LKh6bAEbtS2mTRjBztSv9,"Give Me The Power Back","Making Waves","Hay & Stone",2006-09-01,305015,0,false,1khmfykcav6bxygmba16qfv2s,2022-08-10T19:10:29Z,"","4135439 Records DK",0.212,0.741,7,-3.129,1,0.0548,0.00268,0.0000227,0.124,0.486,195.419,4
spotify:track:0Nle0JRYzZ8gmBadH16srz,"Sun Sweeps The Shadow","Making Waves","Hay & Stone",2006-09-01,246269,0,false,1khmfykcav6bxygmba16qfv2s,2022-08-10T19:33:37Z,"","4135439 Records DK",0.545,0.612,10,-6.123,0,0.025,0.000735,0.00273,0.163,0.373,141.559,4
spotify:track:3Qw0WuniULBdYjXe2jsqCy,"boy","boy","The Killers",2022-08-05,198480,57,false,1khmfykcav6bxygmba16qfv2s,2022-08-25T15:31:37Z,"alternative rock","The Killers - 2020 P&D/ Island",0.634,0.872,10,-4.826,1,0.043,0.0135,0.00153,0.115,0.48,127.979,4
spotify:track:4FuZofNMHdtsEdrsqwF3xR,"That Kind Of Woman","Future Nostalgia (The Moonlight Edition)","Dua Lipa",2021-02-11,200108,57,false,1khmfykcav6bxygmba16qfv2s,2022-08-31T19:29:27Z,"pop","Warner Records",0.64,0.665,11,-4.966,0,0.0325,0.0045,0,0.22,0.42,113.213,4
spotify:track:2gJqvIPF8NCBmZ9Ivlj3XV,"Oh, Lover","Profound Mysteries II","Röyksopp;Susanne Sundfør",2022-08-19,373666,52,false,1khmfykcav6bxygmba16qfv2s,2022-09-14T00:32:38Z,"downtempo,electronica,trip hop,norwegian pop,art pop","Dog Triumph",0.624,0.741,8,-6.417,1,0.029,0.00191,0.221,0.627,0.214,94.99,4
spotify:track:2scptgu7gbibqDPLbhHhOP,"Falling Down","Falling Down","Lansdowne",2019-11-15,213039,0,false,1khmfykcav6bxygmba16qfv2s,2022-09-23T20:56:19Z,"","AFM Records",0.566,0.929,5,-2.134,0,0.0804,0.0274,0.00000102,0.0708,0.62,153.016,4
spotify:track:0N4Chp5oSV5c1PVAyX4A25,"By Your Side","The Beauty In Tragedy","Awaken I Am",2019-04-26,200546,51,false,1khmfykcav6bxygmba16qfv2s,2022-09-23T21:00:34Z,"metalcore,post-hardcore","Victory Records",0.462,0.972,8,-3.128,0,0.0735,0.0018,0,0.141,0.782,158.083,4
spotify:track:21Lwloi3hp3tEGLiudmS6D,"Outta My Head","Outta My Head","Tropic Gold",2020-05-08,218834,43,false,1khmfykcav6bxygmba16qfv2s,2022-09-23T21:05:56Z,"","BKM",0.52,0.556,11,-8.754,0,0.0283,0.000242,0.0771,0.397,0.124,107.982,4
spotify:track:690SQwV9HI5aK07YO5yByz,"Losing Control","Divided","Villain of the Story",2022-07-22,208920,0,false,1khmfykcav6bxygmba16qfv2s,2022-09-23T21:38:58Z,"metalcore","Out of Line Music",0.548,0.966,11,-4.616,1,0.0719,0.00101,0,0.436,0.474,125.037,4
spotify:track:5bHrzpO27EMIpzsseMPPsa,"Easy For You To Say","5SOS5","5 Seconds of Summer",2022-09-23,240031,0,false,1khmfykcav6bxygmba16qfv2s,2022-09-24T23:06:31Z,"","BMG Rights Management (US) LLC",0.527,0.709,7,-6.024,1,0.0374,0.0832,0,0.33,0.359,124.02,4
spotify:track:4zW9dNBJKA7fL9dcwaJWaa,"Cromulent","Anhedonia","Morphide",2022-09-09,289750,25,false,1khmfykcav6bxygmba16qfv2s,2022-10-01T00:11:25Z,"","Morphide",0.356,0.875,7,-5.75,0,0.0765,0.0000461,0.42,0.128,0.131,179.933,3
spotify:track:35E8of4u0B5PI8o4Hy0tWq,"Verona","Will Of The People","Muse",2022-08-26,297962,57,false,1khmfykcav6bxygmba16qfv2s,2022-10-04T20:28:15Z,"alternative rock,rock","Warner Records",0.336,0.846,7,-5.026,1,0.0484,0.0969,0.000601,0.097,0.221,176.056,4
spotify:track:5i4VmRIpHkRmyZeQlDvOOn,"The Foreverlost","The Foreverlost","VV",2022-11-04,210036,27,false,1khmfykcav6bxygmba16qfv2s,2022-11-04T16:01:00Z,"gothic metal,gothic rock","Universal Music Oy",0.512,0.9,10,-5.372,0,0.0315,0.000283,0.0763,0.107,0.679,145.973,4
spotify:track:7DkojvD8hlZZETvBOZp1TI,"Beyond the Vale","ATUM - Act I","The Smashing Pumpkins",2022-11-15,222739,0,false,1khmfykcav6bxygmba16qfv2s,2022-11-24T19:26:34Z,"alternative rock,rock","Martha's Music",0.645,0.713,7,-6.506,1,0.0285,0.000146,0.00952,0.241,0.763,115.013,4
spotify:track:1YaVmBh7EAeR54FIjuFcb5,"Naturally","Kiss & Tell","Selena Gomez & The Scene",2009-01-01,202586,69,false,1khmfykcav6bxygmba16qfv2s,2022-11-24T21:27:22Z,"","Hollywood Records",0.605,0.902,10,-5.406,0,0.0511,0.0185,0.00000101,0.0534,0.875,132.612,4
spotify:track:7KlAuO1ApmrsEp9HNeMwcA,"The Way I Loved You","Kiss & Tell","Selena Gomez & The Scene",2009-01-01,213733,36,false,1khmfykcav6bxygmba16qfv2s,2022-11-24T22:04:14Z,"","Hollywood Records",0.481,0.536,7,-4.85,1,0.0281,0.0389,0,0.223,0.135,143.903,4
spotify:track:1A7KzKilAbUieIhQMtLWkY,"Lluvia Al Corazón","Drama Y Luz","Maná",2011-04-11,248946,49,false,1khmfykcav6bxygmba16qfv2s,2022-12-02T19:30:07Z,"rock en español,latin rock,mexican rock,latin pop","WM Mexico",0.676,0.771,2,-6.632,1,0.0292,0.073,0.00196,0.103,0.625,119.891,4
spotify:track:65NKfdLTAnL8ubOho5jCXA,"Flutes","In Our Heads","Hot Chip",2012-06-11,424530,52,false,1khmfykcav6bxygmba16qfv2s,2022-12-07T20:14:51Z,"alternative dance,new rave,indie dance","Domino Recording Co",0.69,0.716,10,-6.375,0,0.0322,0.0374,0.00276,0.093,0.335,118.005,4
spotify:track:5e5Mh6i6JNnEBYGTu4Gs1g,"The Byronic Man","Thornography [Special Edition]","Cradle Of Filth",2006-10-09,303613,29,true,1khmfykcav6bxygmba16qfv2s,2022-12-09T20:36:40Z,"black metal,gothic metal,metal,symphonic metal,death metal","Roadrunner Records",0.524,0.914,9,-4.422,0,0.0382,0.000133,0.0000307,0.141,0.362,129.986,4
spotify:track:7saeg1XSIx0RhNMHY5km2e,"Cradled in Love","Temple of Thought (Bonus Edition)","Poets of the Fall",2012-07-20,281826,43,false,1khmfykcav6bxygmba16qfv2s,2022-12-13T19:45:52Z,"finnish rock","Playground Music",0.592,0.474,4,-8.288,1,0.0262,0.557,0,0.148,0.317,130,4
spotify:track:2Oycxb8QbPkpHTo8ZrmG0B,"Prisoner (feat. Dua Lipa)","Plastic Hearts","Miley Cyrus;Dua Lipa",2020-11-27,169338,73,false,1khmfykcav6bxygmba16qfv2s,2022-12-14T18:33:17Z,"pop","RCA Records Label",0.781,0.67,3,-3.912,0,0.0452,0.0103,0,0.0761,0.595,127.99,4
spotify:track:4v8jmsVox8VwU5js3JHOJZ,"Gimme What I Want","Plastic Hearts","Miley Cyrus",2020-11-27,151716,56,false,1khmfykcav6bxygmba16qfv2s,2022-12-14T18:34:52Z,"","RCA Records Label",0.659,0.765,0,-5.392,0,0.0591,0.0428,0,0.0783,0.41,89.983,4
spotify:track:78Amx3aumbl8KZ22SaNrkF,"Every Snowflake Is Different (Just Like You)","Yo Gabba Gabba! Hey!","My Chemical Romance",2009,89298,0,false,1khmfykcav6bxygmba16qfv2s,2022-12-15T21:44:19Z,"emo,pop punk","DHX Music",0.419,0.896,2,-6.862,1,0.321,0.000475,0.0552,0.673,0.784,142.065,4
spotify:track:1oMDICe4Bbv7NnYXXTBg5j,"Last Christmas","A GC Christmas, Pt. 1","Good Charlotte",2017-12-08,258594,20,false,1khmfykcav6bxygmba16qfv2s,2022-12-16T19:46:18Z,"pop punk,punk,emo","MDDN, LLC",0.615,0.925,1,-3.111,1,0.0403,0.0428,0,0.176,0.673,110.009,4
spotify:track:0oeJFU64zXTLV4GJXdADEG,"Don't Tell Me (feat. Ann Wilson)","Divisive","Disturbed;Ann Wilson",2022-11-18,271515,0,false,1khmfykcav6bxygmba16qfv2s,2022-12-16T20:37:37Z,"metal,nu metal,alternative metal,rap metal,hard rock","Reprise",0.376,0.907,3,-4.254,0,0.0609,0.00162,0.00000978,0.093,0.0886,174.004,4
spotify:track:0IvaKmBYBLVcdP0Ft8Dwik,"Feels Like We're Dying","Far Away","Johnny Goth",2017-02-22,185250,42,false,1khmfykcav6bxygmba16qfv2s,2022-12-16T21:19:29Z,"bedroom pop","643779 Records DK",0.579,0.411,6,-13.068,1,0.0329,0.73,0.8,0.0945,0.125,79.988,1
spotify:track:6CVSPw8cDb8gtv2w9lZAPB,"My Head (Can’t Get You Out)","My Head (Can’t Get You Out)","Alok;Glimmer of Blooms",2021-06-11,199153,0,false,1khmfykcav6bxygmba16qfv2s,2022-12-16T21:22:48Z,"brazilian bass,electronic,slap house,electro house","CONTROVERSIA",0.74,0.72,2,-5.464,0,0.0327,0.15,0.000277,0.164,0.143,113.022,4
spotify:track:33yAEqzKXexYM3WlOYtTfQ,"D.A.N.C.E.","Justice","Justice",2007-06-11,242266,69,false,1khmfykcav6bxygmba16qfv2s,2022-12-17T06:51:32Z,"french house,new rave","Ed Banger Records",0.613,0.962,6,-5.07,0,0.278,0.034,0,0.824,0.496,113.015,4
spotify:track:23I28sjQicUfbk19FgxgVo,"Into the Night","Into the Night","THE KING MACHINE",2021-09-20,232719,0,true,1khmfykcav6bxygmba16qfv2s,2022-12-17T19:58:16Z,"","OWN",0.371,0.888,7,-4.594,1,0.0573,0.000118,0.00389,0.319,0.209,117.976,4
spotify:track:4sg5Vfd2fM6Y8gMz5VYXz6,"The Dirt I'm Buried In","The Dirt I'm Buried In","Avatar",2022-12-09,244597,0,false,1khmfykcav6bxygmba16qfv2s,2022-12-21T20:11:28Z,"metal,melodic death metal,groove metal","Black Waltz AB",0.614,0.899,11,-5.186,0,0.0384,0.000981,0.585,0.114,0.671,114.932,4
spotify:track:2TcFTy6DtIdKHeaiSw6xpW,"Dancing In The Dark","Kings Of Suburbia","Tokio Hotel",2014-10-03,207066,32,false,1khmfykcav6bxygmba16qfv2s,2022-12-21T21:02:59Z,"","Island Records",0.431,0.885,11,-3.854,1,0.0481,0.000871,0.000102,0.676,0.501,159.943,4
spotify:track:5fs6yEXA0cgvkJtes9uoQV,"Ain't Happy","2001","Tokio Hotel",2022-11-18,207862,32,false,1khmfykcav6bxygmba16qfv2s,2022-12-21T21:25:30Z,"","Epic Local",0.44,0.475,0,-7.3,1,0.0347,0.177,0,0.171,0.251,185.864,3
spotify:track:2MtzNKK1JUiIRzjedZhG2Y,"Smells Like Summer (feat. ÁSDÍS)","2001","Tokio Hotel;ÁSDÍS",2022-11-18,183620,35,false,1khmfykcav6bxygmba16qfv2s,2022-12-21T21:35:47Z,"","Epic Local",0.666,0.772,7,-6.81,1,0.0488,0.0033,0.00000802,0.089,0.674,96.057,4
spotify:track:3t8627oHbFkUrU7H7teX6Z,"Back To The Ocean","2001","Tokio Hotel",2022-11-18,229104,35,false,1khmfykcav6bxygmba16qfv2s,2022-12-21T22:04:45Z,"","Epic Local",0.718,0.624,4,-7.74,1,0.0295,0.00864,0.0064,0.12,0.464,96.982,4
spotify:track:3R8St06LJzL7SoneXQy7tL,"All I Want For Christmas Is You","All I Want For Christmas Is You","From Ashes to New",2022-12-07,189566,34,false,1khmfykcav6bxygmba16qfv2s,2022-12-22T13:03:38Z,"rap rock,rap metal,metalcore","Better Noise Music",0.242,0.917,0,-4.252,1,0.0921,0.000202,0,0.398,0.38,150.045,4
spotify:track:2N2jTcdMZLu4oGQQCC3ARG,"All the Love in the World","Play Deep","The Outfield",1985,212240,0,false,1khmfykcav6bxygmba16qfv2s,2023-01-10T20:03:06Z,"","Columbia",0.624,0.531,4,-13.23,1,0.0408,0.0403,0.00000121,0.0914,0.743,128.08,4
spotify:track:2jPCbFrFlyGbKgblxub8Lm,"Your Love","Play Deep","The Outfield",1985,216466,5,false,1khmfykcav6bxygmba16qfv2s,2023-01-10T20:03:12Z,"","Columbia",0.579,0.654,1,-12.421,0,0.0553,0.121,0.00000362,0.0673,0.616,129.537,4
spotify:track:08v6GcxD4gF8aZ1yuPry0A,"Love From The Other Side","Love From The Other Side","Fall Out Boy",2023-01-18,279737,52,false,1khmfykcav6bxygmba16qfv2s,2023-01-18T15:12:29Z,"emo,pop punk","Fueled By Ramen",0.42,0.898,4,-5.51,0,0.0947,0.00105,0.000452,0.301,0.226,157.876,4
spotify:track:6X7ou3VWW0kOe0TtGguWDU,"Frozen Heart","Frozen Heart","Ellin Spring;FiLLiX",2020-10-01,318010,0,false,1khmfykcav6bxygmba16qfv2s,2023-01-20T19:51:33Z,"nu disco,deep house","Round Trip Bus Records",0.607,0.673,3,-7.044,0,0.0873,0.0604,0.132,0.576,0.92,120.005,4
spotify:track:1H0HP2mqLRJtgfYisSEDWo,"Separate Ways (Worlds Apart) [feat. Lzzy Hale]","Separate Ways (Worlds Apart) [feat. Lzzy Hale]","Daughtry;Lzzy Hale",2023-01-05,316458,0,false,1khmfykcav6bxygmba16qfv2s,2023-01-20T20:00:29Z,"post-grunge","Dogtree Records",0.399,0.891,2,-4.073,1,0.079,0.00000691,0.000935,0.76,0.0941,130.996,4
spotify:track:6TBHuEo0qTwZVEsvyqQgrj,"Feverish","Feverish","Analog Tears;Vienna Vox",2022-02-02,210240,24,false,1khmfykcav6bxygmba16qfv2s,2023-01-22T04:40:52Z,"","Analog Tears",0.315,0.391,11,-9.509,0,0.0441,0.00794,0.0115,0.38,0.361,119.371,4
spotify:track:3Te8uLyit6X3ncNW8Fp3K2,"Immortals","American Beauty/American Psycho","Fall Out Boy",2015-01-16,189386,80,false,1khmfykcav6bxygmba16qfv2s,2023-01-24T21:41:04Z,"emo,pop punk","Island Records",0.616,0.868,2,-3.606,1,0.0699,0.00131,0.00000154,0.671,0.475,108.016,4
spotify:track:61SPkGGIpSq6b7en0A6Bim,"Maniac","Maniac","Shawn Desman",2022-10-21,162632,33,false,1khmfykcav6bxygmba16qfv2s,2023-01-25T21:25:28Z,"","Wax Records",0.699,0.908,11,-4.538,0,0.183,0.00475,0.00000437,0.0676,0.836,107.007,4
spotify:track:1hoPEpLvwJZbTnNFe4tKn0,"Beguiled","ATUM - Act I & II","The Smashing Pumpkins",2023-01-31,238143,0,false,1khmfykcav6bxygmba16qfv2s,2023-02-01T18:43:25Z,"alternative rock,rock","Martha's Music",0.698,0.611,2,-6.542,1,0.0281,0.0000773,0.295,0.0937,0.449,116.997,4
spotify:track:0nzNTpbmrntklpzDH0m4N9,"Moth to a Flame","Moth to a Flame","Delain",2023-01-10,247349,27,false,1khmfykcav6bxygmba16qfv2s,2023-02-07T19:33:26Z,"symphonic metal,gothic metal,power metal,gothic rock,metal","Napalm Records Handels GmbH",0.524,0.882,7,-5.784,1,0.0359,0.000069,0.0235,0.347,0.447,128.013,4
spotify:track:2UTI5NohzEWjTlhjjSjU73,"EASY LOVER","EASY LOVER","Teramaze",2023-01-24,314187,14,false,1khmfykcav6bxygmba16qfv2s,2023-02-07T20:26:41Z,"progressive metal,progressive rock","Wells Music",0.605,0.794,1,-5.293,1,0.0331,0.000111,0.00000426,0.191,0.705,128.047,4
spotify:track:532jCAvNYDAk0gqaHjvW8e,"The Thieves Are Out","Flight of the Wounded","Teramaze",2022-10-06,410919,13,false,1khmfykcav6bxygmba16qfv2s,2023-02-07T20:40:29Z,"progressive metal,progressive rock","Wells Music",0.473,0.927,11,-5.815,0,0.0448,0.000579,0.0448,0.256,0.583,156.022,4
spotify:track:4CYeId6mLAasOb6o0NCz4Y,"Lo Que Siento","Lo Que Siento","Cuco",2017-05-25,312000,75,false,1khmfykcav6bxygmba16qfv2s,2023-02-07T20:42:16Z,"bedroom pop","Cuco",0.327,0.684,10,-5.576,1,0.177,0.506,0,0.427,0.425,86.89,5
spotify:track:1ucnuV88gFTfR3BalmznDk,"Lover Is a Day","wannabewithu","Cuco",2016-07-09,456000,77,true,1khmfykcav6bxygmba16qfv2s,2023-02-07T20:42:19Z,"bedroom pop","Cuco",0.404,0.647,3,-10.452,1,0.0409,0.0434,0.198,0.1,0.351,180.128,4
spotify:track:7v4Tp5sjC8UozuhKcX1idU,"The Kiss","Pure Evil","Puppy",2022-05-06,203840,9,false,1khmfykcav6bxygmba16qfv2s,2023-02-07T20:50:22Z,"","Rude Records",0.294,0.879,7,-5.786,1,0.0734,0.0000202,0.616,0.242,0.333,90.171,4
spotify:track:7ijipCHwLo0ZoABNxm2qp6,"First Of The Year","First Of The Year","Cuco",2022-12-29,170873,56,false,1khmfykcav6bxygmba16qfv2s,2023-02-07T21:43:56Z,"bedroom pop","Walk The Trail, Inc, under exclusive license to Interscope Records",0.545,0.587,8,-9.162,1,0.0324,0.498,0.0285,0.131,0.405,115.995,4
spotify:track:5JoGiDVC06y3L0k9qJd9t1,"Polish, Reduce and Enlarge","Polish, Reduce and Enlarge","A.C.T",2023-01-20,235543,1,false,1khmfykcav6bxygmba16qfv2s,2023-02-08T03:39:51Z,"progressive rock,progressive metal,arena rock","ACTWORLD",0.507,0.449,2,-9.001,1,0.0253,0.141,0.00000267,0.0645,0.305,96.985,4
spotify:track:3IXBJmXtrnc45qd55h0TR4,"Midnight In Chelsea","Destination Anywhere","Jon Bon Jovi",1997-01-01,297733,46,false,1khmfykcav6bxygmba16qfv2s,2023-02-08T03:59:02Z,"","Island Mercury",0.62,0.695,5,-7.541,0,0.0282,0.00707,0.0000884,0.356,0.554,98.994,4
spotify:track:46ReC9TP1kT9wPZB0Gb82C,"Dyin' Ain't Much Of A Livin'","Blaze Of Glory","Jon Bon Jovi",1990-01-01,279573,49,false,1khmfykcav6bxygmba16qfv2s,2023-02-08T04:00:49Z,"","Island Records",0.537,0.557,6,-9.367,1,0.0283,0.171,0,0.0584,0.444,119.227,4
spotify:track:6FJ9Xp3fCxSTAdcRVaDQdl,"Miracle","Blaze Of Glory","Jon Bon Jovi",1990-01-01,319426,60,false,1khmfykcav6bxygmba16qfv2s,2023-02-08T04:03:57Z,"","Island Records",0.577,0.677,3,-10.327,1,0.0245,0.367,0,0.493,0.683,92.007,4
spotify:track:1wmaAfrbe1JLiyt7SpZeQU,"Santa Fe","Blaze Of Glory","Jon Bon Jovi",1990-01-01,341666,60,false,1khmfykcav6bxygmba16qfv2s,2023-02-08T04:05:35Z,"","Island Records",0.518,0.507,3,-9.693,0,0.0295,0.126,0,0.0457,0.299,140.106,4
spotify:track:3mZkbmFnEpUCwFdoKHvOBL,"What About Now","Daughtry","Daughtry",2006-10-01,250533,54,false,1khmfykcav6bxygmba16qfv2s,2023-02-08T04:09:19Z,"post-grunge","RCA Records Label",0.362,0.835,9,-2.826,0,0.0439,0.0737,0,0.166,0.264,161.946,4
spotify:track:2nLtzopw4rPReszdYBJU6h,"Numb","Meteora","Linkin Park",2003-03-25,187520,91,false,1khmfykcav6bxygmba16qfv2s,2023-02-10T17:04:39Z,"nu metal,rap metal,rock,alternative metal","Warner Records",0.488,0.87,6,-4.185,0,0.0421,0.00353,0,0.484,0.211,110.072,4
spotify:track:18lR4BzEs7e3qzc0KVkTpU,"What I've Done","Minutes to Midnight","Linkin Park",2007-05-14,205226,88,false,1khmfykcav6bxygmba16qfv2s,2023-02-10T17:04:43Z,"nu metal,rap metal,rock,alternative metal","Warner Records",0.627,0.935,5,-4.882,1,0.0324,0.0092,0,0.147,0.287,120.092,4
spotify:track:373gDROnujxNTFa1FojYIl,"Lost","Lost","Linkin Park",2023-02-10,199342,73,false,1khmfykcav6bxygmba16qfv2s,2023-02-10T17:04:51Z,"nu metal,rap metal,rock,alternative metal","Warner Records",0.596,0.798,0,-4.63,1,0.0285,0.00412,0,0.338,0.459,105.01,4
spotify:track:69ZEgPX0hxWXJIqkTlYz41,"Iridescent","A Thousand Suns","Linkin Park",2010-09-08,296560,69,false,1khmfykcav6bxygmba16qfv2s,2023-02-10T17:05:49Z,"nu metal,rap metal,rock,alternative metal","Warner Records",0.484,0.727,0,-6.107,1,0.0358,0.198,0.00204,0.107,0.216,120.066,4
spotify:track:5bvgRxco3jgSZ3SP8rueDA,"The Catalyst","A Thousand Suns","Linkin Park",2010-09-08,339853,72,false,1khmfykcav6bxygmba16qfv2s,2023-02-10T17:05:54Z,"nu metal,rap metal,rock,alternative metal","Warner Records",0.56,0.925,0,-5.48,1,0.0362,0.0372,0,0.104,0.178,135.009,4
spotify:track:6015DaBwB49tXWlmNPo64w,"Valentine's Day","Minutes to Midnight (Deluxe Edition)","Linkin Park",2007-05-14,196884,46,false,1khmfykcav6bxygmba16qfv2s,2023-02-10T17:06:08Z,"nu metal,rap metal,rock,alternative metal","Warner Records",0.64,0.64,5,-5.995,1,0.0291,0.0333,0.0275,0.241,0.437,108.018,4
spotify:track:7EbpUdQ4nQ5VnnFlZjvqYl,"New Divide","Iridescent","Linkin Park",2011-05-27,268613,56,false,1khmfykcav6bxygmba16qfv2s,2023-02-10T17:30:47Z,"nu metal,rap metal,rock,alternative metal","Warner Records",0.492,0.808,5,-3.365,0,0.0362,0.000235,0,0.0983,0.38,117.972,4
spotify:track:3fWibgdtgIie6LKTZ2rUoI,"So Far So Fake","The Jaws Of Life","Pierce The Veil",2023-02-10,236160,82,false,1khmfykcav6bxygmba16qfv2s,2023-02-15T04:58:22Z,"emo,screamo,post-hardcore","Fearless Records",0.504,0.895,2,-4.295,0,0.0839,0.00111,0.00000222,0.173,0.371,125.117,4
spotify:track:2OMX3oHgv2pUBa5KqQ8EGO,"Mean To You","Luna Espera EP","Mwk",2011-11-08,210559,0,false,1khmfykcav6bxygmba16qfv2s,2023-02-24T02:18:03Z,"","Mwk",0.503,0.769,5,-6.315,1,0.0302,0.115,0.00175,0.129,0.303,150.074,4
spotify:track:0uV4f5iYZeR5IzkeZYhrBI,"Used to Be","Luna Se Hunde EP","Mwk",2019-03-22,241983,0,false,1khmfykcav6bxygmba16qfv2s,2023-02-24T02:29:53Z,"","MWK",0.472,0.902,11,-4.352,1,0.0517,0.00142,0,0.0938,0.481,155.93,4
spotify:track:2q9lEjgzIXfayInyO8uAIe,"Into the Light","Out of the Darkness","Tony Lewis",2018-06-29,220160,12,false,1khmfykcav6bxygmba16qfv2s,2023-02-24T04:51:47Z,"","Madison Records",0.626,0.787,4,-3.446,1,0.0366,0.025,0,0.231,0.714,127.055,4
spotify:track:3BOJ6BFjwbixqQM8J4hgYA,"Price Of Fame","Immortal Verses","Submersed",2007-01-01,234733,46,false,1khmfykcav6bxygmba16qfv2s,2023-02-25T18:11:20Z,"post-grunge","The Bicycle Music Company",0.268,0.835,6,-4.125,1,0.0531,0.0313,0,0.0828,0.391,138.658,3
spotify:track:0zS2VcfaVTl2fluvSaTu2z,"bandaid","bandaid","paris jackson",2023-02-24,204733,37,false,1khmfykcav6bxygmba16qfv2s,2023-02-28T02:40:54Z,"","Republic Records",0.552,0.5,9,-6.221,1,0.0379,0.000593,0.0000107,0.0757,0.485,122.041,4
spotify:track:6K4t31amVTZDgR3sKmwUJJ,"The Less I Know The Better","Currents","Tame Impala",2015-07-17,216320,91,true,1khmfykcav6bxygmba16qfv2s,2023-02-28T03:14:21Z,"neo-psychedelic,indie","Universal Music Australia Pty. Ltd.",0.64,0.74,4,-4.083,1,0.0284,0.0115,0.00678,0.167,0.785,116.879,4
spotify:track:5yezqGSOStEpRtMPdvs36o,"Patience","The Slow Rush B-Sides & Remixes","Tame Impala",2022-02-18,292267,44,false,1khmfykcav6bxygmba16qfv2s,2023-02-28T03:15:21Z,"neo-psychedelic,indie","Universal Music Australia Pty. Ltd.",0.545,0.859,1,-5.966,1,0.0304,0.00219,0.00115,0.0529,0.647,99.966,4
spotify:track:6QuchVoDBG2fOqTy3hU57c,"Passing","Passing","False Indigo",2023-02-24,281975,0,false,1khmfykcav6bxygmba16qfv2s,2023-02-28T20:10:05Z,"","933998 Records DK2",0.537,0.555,3,-8.332,1,0.0261,0.00684,0,0.0695,0.136,87.011,4
spotify:track:73jxc8OqPUqXEzsRnCgw8M,"Love Song","Time's Makin' Changes: The Best Of Tesla","Tesla",1995-01-01,321266,52,false,1khmfykcav6bxygmba16qfv2s,2023-03-08T04:05:48Z,"glam metal,glam rock,hard rock","Geffen",0.355,0.379,7,-8.172,1,0.0361,0.396,0.0393,0.15,0.329,164.989,4
spotify:track:3mhOmh4tRKsMfnRmgZfeBm,"Far Behind","Candlebox","Candlebox",1993-07-16,299733,77,false,1khmfykcav6bxygmba16qfv2s,2023-03-08T04:06:12Z,"grunge,post-grunge","Maverick",0.552,0.645,7,-6.595,1,0.0268,0.00187,0.00000138,0.0424,0.588,89.518,4
spotify:track:5t5rCnsgRBtcKqTB7SbD1Q,"High Enough","Damn Yankees","Damn Yankees",1990,287320,66,false,1khmfykcav6bxygmba16qfv2s,2023-03-09T04:35:38Z,"glam metal,glam rock,aor","Rhino/Warner Records",0.273,0.537,2,-9.612,1,0.0306,0.0241,0,0.0922,0.232,81.814,4
spotify:track:5tN4bKhtt6klkkB0GVt9i1,"Tribal","HUMAN. :II: NATURE.","Nightwish",2020-04-10,236764,44,false,1khmfykcav6bxygmba16qfv2s,2023-03-11T22:24:15Z,"symphonic metal,gothic metal,power metal,metal,folk metal,gothic rock","Nuclear Blast",0.26,0.817,2,-8.882,1,0.0427,0.000103,0.824,0.0941,0.0655,99.982,4
spotify:track:2Kr9MMae2o90Fd2BOZyBCU,"Done No Good","Done No Good","Auntie Leo & The Backstabbers",2023-01-20,109034,4,false,1khmfykcav6bxygmba16qfv2s,2023-03-16T18:55:54Z,"neo-psychedelic,garage rock","Auntie Leo & The Backstabbers",0.276,0.943,6,-4.5,1,0.0555,0.000195,0,0.695,0.698,200.249,4
spotify:track:15Mh8m2BGTUptR8yy7fNAS,"Only You","Upstairs at Eric's","Yazoo",1982-07-01,194173,2,false,1khmfykcav6bxygmba16qfv2s,2023-03-18T03:49:43Z,"synthpop,new wave","Mute, a BMG Company",0.752,0.307,9,-17.063,1,0.0398,0.332,0.000135,0.0829,0.854,106.158,4
spotify:track:0rGNJE5xhfmWR5BZoL3lwa,"Only You - 2018 - Remaster","Four Pieces","Yazoo",2018-10-26,194566,0,false,1khmfykcav6bxygmba16qfv2s,2023-03-18T03:50:54Z,"synthpop,new wave","Mute, a BMG Company",0.73,0.278,9,-19.797,1,0.0398,0.298,0.0000204,0.0921,0.832,106.128,4
spotify:track:0avch3EmDK0tdgtP3Nbz0W,"Justify","Black Roses","The Rasmus",2008-09-23,266613,50,false,1khmfykcav6bxygmba16qfv2s,2023-03-26T22:01:01Z,"finnish rock","Playground Music",0.386,0.675,0,-5.954,0,0.0319,0.0207,0,0.201,0.17,178.113,4
spotify:track:36DrLw8kpZY9QJIxutgfRy,"Perfect Symmetry","Perfect Symmetry","Keane",2008-01-01,312093,54,false,1khmfykcav6bxygmba16qfv2s,2023-03-26T22:01:06Z,"","Universal-Island Records Ltd.",0.516,0.889,0,-4.237,0,0.0386,0.0209,0,0.0789,0.453,115.036,4
spotify:track:3aVyHFxRkf8lSjhWdJ68AW,"Just Another Girl","Direct Hits","The Killers",2013-01-01,262000,65,false,1khmfykcav6bxygmba16qfv2s,2023-03-26T22:01:15Z,"alternative rock","Island Records",0.547,0.778,1,-4.529,1,0.0276,0.000111,0.0136,0.138,0.16,136.98,4
spotify:track:5PxQhGYkbGXzjOLaUfAYMf,"Fly Away From Here","Just Push Play","Aerosmith",2001-03-05,302151,64,false,1khmfykcav6bxygmba16qfv2s,2023-03-26T22:01:18Z,"classic rock,rock","Aerosmith P&D - Sony",0.394,0.641,4,-5.363,1,0.0349,0.156,0,0.114,0.2,142.181,4
spotify:track:6My42aBi7Rg1v07YdM0WsS,"Beso Negro","El Cantar de la Muerte","La Esfinge",2014-03-18,256973,32,false,1khmfykcav6bxygmba16qfv2s,2023-03-29T15:56:09Z,"","Sony Music Latin",0.422,0.901,5,-5.033,0,0.0512,0.00211,0.00954,0.229,0.39,157.975,4
spotify:track:6xPD22JavtFYbyHl2AMVsn,"Gangsters Paradise","Awaken the Fire","Like A Storm",2015-02-24,207753,51,false,1khmfykcav6bxygmba16qfv2s,2023-03-29T18:56:31Z,"","RED MUSIC",0.318,0.953,8,-3.729,1,0.0957,0.0000139,0.248,0.313,0.58,160.12,4
spotify:track:5UU71SOswYEkGQxGEQrW9e,"City Beneath The Sea","Star Turtle","Harry Connick, Jr.",1996-10-03,358466,22,false,1khmfykcav6bxygmba16qfv2s,2023-04-02T04:38:02Z,"christmas,big band,vocal jazz,adult standards","Columbia",0.652,0.55,8,-8.816,1,0.0358,0.00788,0.00373,0.0879,0.362,77.484,4
spotify:track:3sRNNigkNUdcucMgLhVsMF,"(They Long to Be) Close to You","Your Songs","Harry Connick, Jr.",2009-09-21,195266,40,false,1khmfykcav6bxygmba16qfv2s,2023-04-02T04:39:11Z,"christmas,big band,vocal jazz,adult standards","Columbia",0.625,0.297,2,-13.114,0,0.0418,0.782,0.0000138,0.0586,0.44,95.754,4
spotify:track:5UYacs0UTXiSiCsi7EojWL,"Eternity","Bring Out Your Dead","Elysion",2023-03-17,299402,29,false,1khmfykcav6bxygmba16qfv2s,2023-04-05T21:38:06Z,"gothic metal,symphonic metal,gothic rock","Massacre Records",0.279,0.965,0,-3.317,1,0.141,0.0074,0.00694,0.239,0.168,105.032,4
spotify:track:2ZhucBjDMScbNTZdBH49mX,"Death of Darkness","Death of Darkness","The 69 Eyes",2023-03-03,240043,0,false,1khmfykcav6bxygmba16qfv2s,2023-04-05T21:45:11Z,"gothic metal,gothic rock,finnish rock,deathrock,horror punk,darkwave","Atomic Fire Records",0.565,0.892,2,-5.823,0,0.0327,0.000058,0.695,0.144,0.572,126.042,4
spotify:track:74rpTA3zk1IWwBY944OK3r,"Spellbinding","Spellbinding","The Smashing Pumpkins",2023-03-28,246837,33,false,1khmfykcav6bxygmba16qfv2s,2023-04-05T21:48:37Z,"alternative rock,rock","Martha's Music",0.432,0.745,5,-7.636,1,0.0409,0.000279,0.173,0.413,0.164,149.089,3
spotify:track:7lvE07tYSCol9Tq6HVQiAH,"Just Our Autumn","Love's Poetry and Dead Melodies","FloVeR",2023-02-14,253346,25,false,1khmfykcav6bxygmba16qfv2s,2023-04-06T14:10:45Z,"gothic metal,gothic rock","FloVeR Records",0.509,0.97,8,-5.709,0,0.0511,0.00422,0.753,0.321,0.638,122.011,4
spotify:track:6tRneEcItwpSxBtqgem5Dr,"THE DEATH OF PEACE OF MIND","THE DEATH OF PEACE OF MIND","Bad Omens",2022-02-25,241499,8,true,1khmfykcav6bxygmba16qfv2s,2023-04-10T19:57:41Z,"metalcore","Sumerian Records",0.469,0.713,0,-5.619,0,0.0461,0.0869,0.000188,0.129,0.267,154.994,4
spotify:track:6VS4OTcpylKl984tzFYC11,"Strangers","Polydans","Roosevelt",2021-02-26,220726,0,false,1khmfykcav6bxygmba16qfv2s,2023-04-11T18:43:27Z,"nu disco","City Slang",0.657,0.879,0,-4.91,0,0.0741,0.0688,0.776,0.0799,0.901,106.016,4
spotify:track:3qhlB30KknSejmIvZZLjOD,"End of Beginning","DECIDE","Djo",2022-09-16,159245,97,false,1khmfykcav6bxygmba16qfv2s,2023-04-13T04:11:01Z,"","Djo",0.689,0.454,2,-7.643,1,0.0584,0.0351,0.00259,0.0707,0.912,159.982,4
spotify:track:3RouwrOg0CZ2JeQ97sSYR5,"Cannibals","Cannibals","Of Virtue",2023-03-23,195400,31,true,1khmfykcav6bxygmba16qfv2s,2023-04-21T04:25:50Z,"metalcore","Arising Empire",0.511,0.976,5,-3.454,0,0.0831,0.000099,0.00000515,0.915,0.586,94.992,4
spotify:track:6HmdbvjRd5wZ7rwgZqmUJp,"Lost","The Best Of...","The Calling",2011-02-04,228866,30,false,1khmfykcav6bxygmba16qfv2s,2023-04-21T23:24:38Z,"pop rock","RCA/Legacy",0.597,0.553,7,-6.338,1,0.0332,0.153,0,0.225,0.374,117.498,4
spotify:track:63l6CNP7fjXwFqa1dbyyMh,"Like Matches","Killing Moons","Mercury Circle;Oceans of Slumber;Cammie Gilbert",2021-10-08,263813,4,false,1khmfykcav6bxygmba16qfv2s,2023-04-22T00:04:46Z,"doom metal,progressive metal,gothic metal","Noble Demon",0.477,0.951,5,-5.846,1,0.0459,0.00327,0.0315,0.366,0.365,135.974,4
spotify:track:1Ame8XTX6QHY0l0ahqUhgv,"THE LONELIEST","THE LONELIEST","Måneskin",2022-10-07,247067,69,false,1khmfykcav6bxygmba16qfv2s,2023-04-25T18:28:31Z,"","Epic",0.519,0.595,2,-5.001,1,0.0283,0.00151,0,0.0762,0.237,129.786,4
spotify:track:2B49LNSMgjaQJOa5fTml4M,"Lost In You","Black and White Rainbows (Deluxe Edition)","Bush",2017-10-13,259797,0,false,1khmfykcav6bxygmba16qfv2s,2023-04-25T18:33:14Z,"grunge,post-grunge","BMG Rights Management (US) LLC",0.517,0.753,5,-5.242,1,0.036,0.0204,0.000557,0.0575,0.121,117.044,4
spotify:track:41ZjzkJRYKHo4seEv9MSBI,"Quiet Now","The Things We Can´t Stop","Cold",2019-09-13,254642,43,false,1khmfykcav6bxygmba16qfv2s,2023-04-25T19:03:07Z,"post-grunge,nu metal,alternative metal","Napalm Records Handels GmbH",0.547,0.812,3,-4.703,1,0.0326,0.0213,0,0.0855,0.383,117.976,4
spotify:track:54sEj5GIx2EW78nRDyC58R,"The Fighter","Black Widow","In This Moment",2014-11-14,292506,50,false,1khmfykcav6bxygmba16qfv2s,2023-04-25T22:16:51Z,"metal","Atlantic Records",0.435,0.743,9,-5.804,0,0.0792,0.107,0.00000576,0.115,0.28,141.877,4
spotify:track:21HUvGJG1XUudNnVNqNGil,"New Town","New Town","ALBATROSS",2023-04-19,243000,10,false,1khmfykcav6bxygmba16qfv2s,2023-05-13T15:48:03Z,"japanese indie","ALBATROSS",0.588,0.838,0,-4.79,1,0.0308,0.0269,0,0.136,0.673,95.043,4
spotify:track:1PYG9Akj0LAZZUDXzV9m1S,"Stuck","Stuck","Thirty Seconds To Mars",2023-05-08,182746,54,false,1khmfykcav6bxygmba16qfv2s,2023-05-19T15:28:11Z,"","Concord Records",0.62,0.756,4,-5.326,0,0.0557,0.0427,0.00000342,0.426,0.507,123.067,4
spotify:track:0yfNXxlyXdmP0ue1iJijx1,"Come Undone","Duran Duran","Duran Duran",1993-02-15,256519,79,false,1khmfykcav6bxygmba16qfv2s,2023-05-26T17:26:10Z,"new wave,synthpop","Parlophone UK",0.542,0.793,8,-8.203,1,0.0528,0.0423,0.0000039,0.0814,0.709,173.928,4
spotify:track:1ye4PnkTo5Xe5O2DcvycdQ,"Happy Haunting","A Future","Rare Monk",2017-07-17,233021,39,false,1khmfykcav6bxygmba16qfv2s,2023-05-26T18:09:14Z,"","B3SCI Records",0.443,0.809,9,-5.689,1,0.0532,0.0359,0.631,0.093,0.315,118.003,4
spotify:track:6ESn78HoJcRVX6nCqewWtU,"Frequency","Diplomacy","Kakkmaddafakka",2019-03-22,192399,45,false,1khmfykcav6bxygmba16qfv2s,2023-05-26T18:20:43Z,"","TBD",0.595,0.759,9,-7.364,0,0.0617,0.148,0.0000469,0.173,0.344,128.015,4
spotify:track:7jP2937OACDPrN53DzO0Ye,"Closer","The Boy With No Name","Travis",2007-05-07,240626,60,false,1khmfykcav6bxygmba16qfv2s,2023-05-26T20:51:19Z,"britpop","Craft Recordings",0.538,0.581,5,-7.816,1,0.0235,0.204,0.0000526,0.13,0.269,108.108,4
spotify:track:1N2ftX938NJAeCZBiBbFiB,"SURVIVE","SURVIVE","MindaRyn",2023-04-11,234795,0,false,1khmfykcav6bxygmba16qfv2s,2023-06-01T04:30:39Z,"anime,j-rock","Lantis",0.468,0.883,6,-7.543,1,0.0832,0.00649,0.00000168,0.0779,0.537,185.116,4
spotify:track:4hfpA3pAoFZih4qH7c0PrR,"Is There Anyone out There","New Constellation","Toad The Wet Sprocket",2013-10-15,225413,33,false,1khmfykcav6bxygmba16qfv2s,2023-06-02T18:12:23Z,"","Abe's Records",0.546,0.87,10,-4.997,1,0.0367,0.00586,0.00000891,0.104,0.596,124.984,4
spotify:track:2QBXv2A9sUIDhPKI5ATElU,"Rakkaus kuolemassa elää","Rakkaus kuolemassa elää","Ruissalo Amping",2023-06-02,426101,3,false,1khmfykcav6bxygmba16qfv2s,2023-06-02T22:44:09Z,"shoegaze","Svart Records",0.32,0.533,7,-11.956,1,0.032,0.00157,0.887,0.261,0.178,81.034,4
spotify:track:21rY9mKlKWRD6aHsdT5Pqu,"The Fire Within","Forgotten Songs","Within Temptation",2022-12-09,213000,44,false,1khmfykcav6bxygmba16qfv2s,2023-06-12T18:49:45Z,"symphonic metal,gothic metal,gothic rock,power metal,metal","Force Music Recordings",0.544,0.915,4,-4.295,0,0.0467,0.000679,0.00123,0.348,0.264,90.064,4
spotify:track:5koxSCWVJInF4T6jj5SQ3H,"Stay [Feat. Patrick Wilson]","Stay [Feat. Patrick Wilson]","Ghost;Patrick Wilson",2023-07-07,234220,55,false,1khmfykcav6bxygmba16qfv2s,2023-07-07T22:09:20Z,"metal,hard rock,musicals","Loma Vista Recordings",0.36,0.489,8,-9.135,1,0.0293,0.177,0.000171,0.0778,0.152,96.625,4
spotify:track:5jMmeyE2YZIiZnEqBAq12W,"Why Cry","(ONe)","The Panic Channel",2006-01-01,204160,24,false,1khmfykcav6bxygmba16qfv2s,2023-07-07T22:21:21Z,"post-grunge","Capitol Records",0.381,0.828,5,-2.922,1,0.0461,0.000688,0.000122,0.371,0.333,172.085,4
spotify:track:7wnagOAqma4Sg6JOGjWr5R,"Big in Japan - 2019 Remaster","Forever Young (Super Deluxe Edition; 2019 Remaster)","Alphaville",1984,284625,64,false,1khmfykcav6bxygmba16qfv2s,2023-07-14T23:38:13Z,"synthpop","WM Germany",0.757,0.596,7,-8.039,1,0.0339,0.0409,0.0447,0.171,0.195,97.769,4
spotify:track:50TMULA0p9lEYV9FGlDtvA,"Soothe - Demo/Remastered","Pisces Iscariot (Deluxe)","The Smashing Pumpkins",1994,156480,39,false,1khmfykcav6bxygmba16qfv2s,2023-07-16T12:08:39Z,"alternative rock,rock","Virgin Records",0.4,0.082,3,-20.555,1,0.0423,0.921,0.388,0.124,0.0797,173.004,4
spotify:track:2Yw5jfEaQFHoUFhzXUGkgV,"The Boy","Aeroplane Flies High (Deluxe Edition)","The Smashing Pumpkins",2013-01-01,183240,67,false,1khmfykcav6bxygmba16qfv2s,2023-07-16T12:08:52Z,"alternative rock,rock","SMASHING PUMPKINS - DEAL #1 DIGITAL",0.661,0.694,6,-5.871,1,0.0307,0.0012,0.000825,0.127,0.635,131.158,4
spotify:track:0LbCPRTWCBQ4aHCSpdvUyH,"Changed Man","The Madness","Art of Anarchy",2017-03-24,242186,20,false,1khmfykcav6bxygmba16qfv2s,2023-07-27T17:00:18Z,"post-grunge","Century Media",0.495,0.935,2,-4.696,1,0.0772,0.0518,0,0.348,0.487,144.041,4
spotify:track:06bBQTGYOGTTD7JwTg3350,"Somber","The Madness","Art of Anarchy",2017-03-24,252186,27,false,1khmfykcav6bxygmba16qfv2s,2023-07-27T19:00:43Z,"post-grunge","Century Media",0.543,0.894,7,-4.313,0,0.0453,0.0242,0,0.0991,0.448,133.992,4
spotify:track:3782c34KU6wczSj4DHyORP,"Solace","Poetic Rage Special Edition","Fall Of Envy",2012-02-21,249520,35,false,1khmfykcav6bxygmba16qfv2s,2023-07-27T19:26:57Z,"","Octave Match Records",0.482,0.857,5,-5.445,0,0.0467,0.00254,0.0000413,0.0732,0.2,142.013,4
spotify:track:6UYBsDw9Xg2ENCO1cBJMLn,"Lips Of A Liar","A Different Light","Under The Flood",2012-02-01,222323,28,false,1khmfykcav6bxygmba16qfv2s,2023-07-27T20:23:31Z,"post-grunge","Join Or Die Records",0.408,0.924,11,-3.127,0,0.0596,0.000297,0,0.187,0.536,160.212,4
spotify:track:23mKQLuj0wZLAvOIVk9T5u,"The Way of Your World","The Way of Your World","Destrophy",2007-01-01,241742,0,false,1khmfykcav6bxygmba16qfv2s,2023-07-27T20:26:59Z,"","Inner Light Records",0.505,0.838,8,-5.278,0,0.0363,0.0024,0.00491,0.114,0.294,100.009,4
spotify:track:6AOS9C7qHJ7oCXEtCfstar,"Evaporate","Yesterdays Gone","Angels Fall",2012-08-20,210080,24,false,1khmfykcav6bxygmba16qfv2s,2023-07-27T20:52:17Z,"","Angels Fall",0.471,0.75,11,-5.746,1,0.0332,0.0000279,0.0341,0.062,0.492,89.957,4
spotify:track:1lwrqwftAeIeqxAHgn7nQw,"My Muse","Polyester Zeal","Red Sun Rising",2016-10-21,219293,42,false,1khmfykcav6bxygmba16qfv2s,2023-07-27T21:04:22Z,"post-grunge","Razor & Tie",0.376,0.901,1,-6.26,0,0.0368,0.000245,0.603,0.102,0.438,200.052,4
spotify:track:3LXcvucZIdGmD8MZ9adBh7,"Angel","Angel","X JAPAN;YOSHIKI",2023-07-28,274971,38,false,1khmfykcav6bxygmba16qfv2s,2023-07-28T17:03:53Z,"visual kei,j-rock,j-pop,anime","Melodee Music",0.197,0.526,6,-4.556,1,0.0296,0.548,0.0000024,0.145,0.146,87.719,5
spotify:track:5BtD86hovw9uud7JkQID1H,"Jade","Jade","X JAPAN",2011-06-28,379390,46,false,1khmfykcav6bxygmba16qfv2s,2023-07-28T17:12:35Z,"visual kei,j-rock,j-pop","X Project, LLC",0.414,0.895,7,-3.666,0,0.054,0.0144,0.0000645,0.231,0.227,157.915,4
spotify:track:25TZU53PDmCtouEhozJUrQ,"三日月","IM A SINGER VOL. 3","Toshl",2022-09-28,283466,4,false,1khmfykcav6bxygmba16qfv2s,2023-07-28T17:23:20Z,"kayōkyoku","Universal Music LLC",0.484,0.626,11,-4.451,1,0.0351,0.606,0,0.112,0.348,143.731,4
spotify:track:3gUK9437qbSeuKyBna18nM,"Come Undone","Bridges, Bright Nights & Thieves","Cavo",2021-09-03,263693,30,false,1khmfykcav6bxygmba16qfv2s,2023-07-28T19:10:07Z,"post-grunge","The Label Group",0.552,0.842,0,-7.492,0,0.0588,0.00132,0.00218,0.0872,0.249,89.984,4
spotify:track:2fkbKErieGDPE2j0rbh3VC,"Fell From The Moon","Us And The Night","3 Doors Down",2016-03-11,236093,35,false,1khmfykcav6bxygmba16qfv2s,2023-07-28T19:11:47Z,"post-grunge","Universal Records",0.347,0.662,0,-6.162,1,0.0337,0.00697,0.000818,0.0978,0.257,156.005,4
spotify:track:4E0UH3Wr1cbOhQNUHbpUYN,"Heaven","Time Of My Life","3 Doors Down",2011-01-01,207213,51,false,1khmfykcav6bxygmba16qfv2s,2023-07-28T19:12:09Z,"post-grunge","Universal Records",0.494,0.749,1,-3.635,1,0.0294,0.123,0,0.107,0.292,146.032,3
spotify:track:4EhqyUCJDXFXPJZuJKuL82,"三日月","MR. VOCALIST 3","Eric Martin",2010-11-03,278160,15,false,1khmfykcav6bxygmba16qfv2s,2023-07-28T19:54:32Z,"aor,arena rock","Sony Music Labels Inc.",0.388,0.559,0,-5.113,1,0.0313,0.61,0.00000584,0.147,0.272,143.661,4
spotify:track:2Mf7NA4s8YNu1QE7NPfhOY,"Maniac","Moonglow","Avantasia;Eric Martin",2019-02-01,271880,40,false,1khmfykcav6bxygmba16qfv2s,2023-07-28T20:04:08Z,"power metal,symphonic metal,metal,speed metal,heavy metal,aor,arena rock","Nuclear Blast",0.485,0.922,1,-3.393,1,0.0521,0.0025,0,0.142,0.672,156.928,4
spotify:track:0MF8I8OUo8kytiOo8aSHYq,"Blame It On Love","New Religion","Crazy Lixx",2010-03-19,245573,40,false,1khmfykcav6bxygmba16qfv2s,2023-07-28T20:15:14Z,"glam metal,aor,arena rock,glam rock,hard rock","Frontiers Records",0.444,0.981,0,-2.277,0,0.0548,0.00143,0.000443,0.345,0.4,124.019,4
spotify:track:5KtDo0LvaAVjRXrIFrYgUF,"Monsoon (feat. Tokio Hotel)","Monsoon (feat. Tokio Hotel)","VIZE;Leony;Niklas Dee;Tokio Hotel",2023-07-21,163265,52,false,1khmfykcav6bxygmba16qfv2s,2023-07-28T21:06:58Z,"slap house,hypertechno,techno","Epic/Crash Your Sound",0.801,0.832,0,-8.787,1,0.394,0.156,0.138,0.121,0.328,147.006,4
spotify:track:2tAy0RzlZ54rHHMwwjIUr7,"Bleeding","Silent Scream","Elysion",2009-12-18,231546,40,false,1khmfykcav6bxygmba16qfv2s,2023-08-07T20:13:07Z,"gothic metal,symphonic metal,gothic rock","Massacre Records",0.257,0.733,6,-5.408,0,0.0403,0.00463,0.000187,0.244,0.322,157.444,4
spotify:track:5v4fWqq2DFoQR7XoEpw7EA,"Am I Ever Gonna Find Out","Stanley Climbfall (Expanded Edition)","Lifehouse",2002-09-17,158413,32,false,1khmfykcav6bxygmba16qfv2s,2023-08-07T20:36:04Z,"post-grunge","Geffen",0.313,0.765,8,-4.289,0,0.0343,0.00189,0,0.301,0.388,179.421,4
spotify:track:2FPkCIeZJ9SO3g606XLJA4,"For the Heart I Once Had","Dark Passion Play","Nightwish",2007-09-26,236016,48,false,1khmfykcav6bxygmba16qfv2s,2023-08-07T20:59:22Z,"symphonic metal,gothic metal,power metal,metal,folk metal,gothic rock","Nuclear Blast",0.513,0.764,7,-4.723,0,0.0383,0.00267,0.000206,0.338,0.272,117.996,4
spotify:track:2yGPyLPnQdwOpg3wT2h2k4,"Mon Amour","Mon Amour","VELÜR",2023-01-14,234875,0,false,1khmfykcav6bxygmba16qfv2s,2023-08-09T15:36:01Z,"ebm","VELUR",0.6,0.836,7,-5.915,0,0.0584,0.00345,0.00114,0.376,0.713,116.99,4
spotify:track:5oqVYnqZOZJDmwD3BtcJty,"Cry To Heaven","Cry To Heaven","Creeper",2023-05-26,269260,22,false,1khmfykcav6bxygmba16qfv2s,2023-08-11T19:31:44Z,"horror punk","Spinefarm",0.544,0.773,4,-5.446,0,0.0303,0.00107,0.0192,0.305,0.591,134.032,4
spotify:track:6vmLaVswehAiu92aPULPR0,"Napalm Girls","Sex, Death & The Infinite Void","Creeper",2020-07-31,213956,33,false,1khmfykcav6bxygmba16qfv2s,2023-08-11T19:46:35Z,"horror punk","Roadrunner Records",0.392,0.887,2,-3.916,0,0.0621,0.0165,0.000139,0.167,0.478,167.995,4
spotify:track:13a2v5JNOROuvh2MBMWxqb,"Earth Is A Black Hole","Earth Is A Black Hole","Teenage Wrist",2021-02-12,175577,40,false,1khmfykcav6bxygmba16qfv2s,2023-08-11T20:36:23Z,"post-grunge,shoegaze","Epitaph",0.553,0.902,11,-4.35,0,0.0588,0.00286,0,0.2,0.572,132.089,4
spotify:track:21T0qnyX1ybeEvb1ddRnI3,"Real Love Song","Moral Panic","Nothing But Thieves",2020-10-23,222673,55,false,1khmfykcav6bxygmba16qfv2s,2023-08-11T20:45:59Z,"","RCA Records Label",0.538,0.801,5,-6.487,1,0.0457,0.00154,0.492,0.07,0.219,119.952,4
spotify:track:454I78HEySdcHE8fcVabTb,"Amsterdam","Broken Machine (Deluxe)","Nothing But Thieves",2017-09-08,272240,69,false,1khmfykcav6bxygmba16qfv2s,2023-08-11T20:51:17Z,"","RCA Records Label",0.511,0.934,3,-4.561,1,0.242,0.00403,0.0000348,0.242,0.668,168.062,4
spotify:track:0jldFZklmzLbXO3tUE9HLK,"Black Moon","Sex, Death & The Infinite Void","Creeper",2020-07-31,215042,27,false,1khmfykcav6bxygmba16qfv2s,2023-08-12T01:28:56Z,"horror punk","Roadrunner Records",0.535,0.754,9,-4.447,0,0.0413,0.00896,0.00000505,0.126,0.286,126.008,4
spotify:track:1krv4gCltfB9nF1iWzAaLC,"I'm Sorry","Fall Better","VUKOVI",2020-01-24,215507,34,false,1khmfykcav6bxygmba16qfv2s,2023-08-12T02:47:48Z,"","VKVI",0.281,0.83,6,-3.797,0,0.0426,0.00113,0.059,0.132,0.228,90.96,4
spotify:track:6dPAOEKz7wYyl49nUxzajX,"Faith In Love","Mumbo Jumbo","Air Supply",2010-05-04,270173,0,false,1khmfykcav6bxygmba16qfv2s,2023-08-20T00:36:42Z,"soft rock","Odds On Records",0.545,0.863,9,-4.148,1,0.0303,0.0273,0.0222,0.147,0.29,120.089,4
spotify:track:3XV77GNuIPYff6T7bzjYy9,"Your Side of Town","Your Side of Town","The Killers",2023-08-25,187653,52,false,1khmfykcav6bxygmba16qfv2s,2023-08-25T18:43:13Z,"alternative rock","The Killers - 2020 P&D/ Island",0.533,0.934,10,-1.867,0,0.0694,0.0253,0.000035,0.153,0.507,113.487,4
spotify:track:4J7YPmqIk8l03UiFuZoJhb,"Everything I Said - Remastered 2020","No Need To Argue (Deluxe)","The Cranberries",2020-11-13,235613,0,false,1khmfykcav6bxygmba16qfv2s,2023-09-01T11:43:35Z,"","UMC (Universal Music Catalogue)",0.413,0.491,3,-6.799,1,0.0259,0.00412,0.00115,0.093,0.0674,97.58,4
spotify:track:5hTNthuRHYAMoW4hWPycEb,"(They Long To Be) Close To You","No Need To Argue (Deluxe)","The Cranberries",2020-11-13,161893,0,false,1khmfykcav6bxygmba16qfv2s,2023-09-01T11:48:09Z,"","UMC (Universal Music Catalogue)",0.275,0.347,7,-10.321,1,0.0342,0.654,0.000046,0.0721,0.353,200.571,4
spotify:track:1zI2972aBmQdOLDQSdMaFR,"Breakthrough","With Bare Hands","Mindflow",2011-02-15,304360,38,false,1khmfykcav6bxygmba16qfv2s,2023-09-04T23:48:51Z,"progressive metal","Nightmare Records",0.474,0.869,7,-5.147,0,0.038,0.00061,0.00000219,0.178,0.138,110.062,4
spotify:track:0dZ4zv2KVNroLXFUK0L4D6,"Flamme im Wind","Satura","Lacrimosa",1993-10-31,628466,0,false,1khmfykcav6bxygmba16qfv2s,2023-09-08T02:11:59Z,"gothic metal,symphonic metal,gothic rock,darkwave","Spinnup",0.602,0.801,9,-7.402,0,0.0514,0.266,0.869,0.104,0.106,100.014,4
spotify:track:6jljsFw0Hypb56SgaJSSSg,"Got It","In the End","The Cranberries",2019-04-26,242320,0,false,1khmfykcav6bxygmba16qfv2s,2023-09-16T03:58:25Z,"","BMG Rights Management (UK) Limited",0.623,0.843,7,-4.857,1,0.0329,0.0145,0.0000417,0.153,0.433,124.011,4
spotify:track:6pCbLL0Oo8wNMqjxtC4W1v,"Ten of Swords","As Shadows Burn","Echoes Of Eternity",2009-06-12,235373,16,false,1khmfykcav6bxygmba16qfv2s,2023-09-20T00:25:09Z,"gothic metal,symphonic metal,progressive metal,gothic rock","Nuclear Blast",0.33,0.908,3,-4.148,0,0.0695,0.00586,0.00067,0.29,0.344,98.727,4
spotify:track:1YyjWq6yjFeAUgLIJzeQDK,"Voices in a Dream","The Forgotten Goddess","Echoes Of Eternity",2007-02-09,282070,26,false,1khmfykcav6bxygmba16qfv2s,2023-09-20T00:31:41Z,"gothic metal,symphonic metal,progressive metal,gothic rock","Nuclear Blast",0.345,0.789,11,-7.313,1,0.0528,0.00275,0.0000101,0.37,0.556,115.295,4
spotify:track:5ESe8kptK06lCUzaCQUOzz,"Here And Now","Confessions Of The Fallen","Staind",2023-09-22,237859,0,false,1khmfykcav6bxygmba16qfv2s,2023-09-23T18:14:22Z,"post-grunge,nu metal,alternative metal","BMG Rights Management (US) LLC",0.396,0.806,4,-3.267,1,0.0489,0.0233,0.0147,0.0727,0.288,125.211,4
spotify:track:086MlMba2ULcbqSoXf0Gwq,"Lawless","Lawless","Yung'cid",2023-04-14,154485,23,false,1khmfykcav6bxygmba16qfv2s,2023-09-27T01:02:59Z,"","Never Stop Agency",0.6,0.819,8,-7.382,1,0.0562,0.00512,0.000989,0.0598,0.508,139.976,4
spotify:track:5qjJi5ezYT2Hd71GgdvBEk,"Drag Me Down","Blue Collar Revolver","Lansdowne",2011-07-18,194813,0,false,1khmfykcav6bxygmba16qfv2s,2023-09-27T01:10:09Z,"","AFM Records",0.462,0.927,6,-4.526,1,0.0543,0.000123,0,0.197,0.445,102.997,4
spotify:track:4SiuvydOIU6tTm2wd46efg,"Nothing Can Save Us Now","Nothing Can Save Us Now","Deepfield",2011-12-06,186921,36,false,1khmfykcav6bxygmba16qfv2s,2023-09-27T01:10:55Z,"post-grunge","Skiddco Music",0.57,0.894,9,-4.328,1,0.043,0.0000761,0,0.277,0.45,104.005,4
spotify:track:1lGABcsWoRa9jnGJSI3tII,"Mi Vida Sin Ti","Guapa","La Oreja de Van Gogh",2007-04-09,242626,40,false,1khmfykcav6bxygmba16qfv2s,2023-09-29T02:55:24Z,"latin pop","Columbia",0.718,0.8,4,-4.686,0,0.0564,0.164,0,0.57,0.57,114.95,4
spotify:track:65yrKuYdBYsMA1ItIngmjc,"Clusterhug","RAZZMATAZZ","I DONT KNOW HOW BUT THEY FOUND ME",2020-10-23,192066,51,false,1khmfykcav6bxygmba16qfv2s,2023-10-09T15:01:00Z,"","Fearless Records",0.476,0.837,0,-4.067,1,0.052,0.00324,0,0.105,0.23,121.901,4
spotify:track:3UhhRDkHWz7D28BkejHzqI,"Razzmatazz","RAZZMATAZZ","I DONT KNOW HOW BUT THEY FOUND ME",2020-10-23,258612,53,false,1khmfykcav6bxygmba16qfv2s,2023-10-09T16:12:14Z,"","Fearless Records",0.397,0.675,9,-4.788,0,0.0344,0.0101,0.000017,0.305,0.471,155.032,4
spotify:track:4AaaB50fpIh2PPt6Sf1T6p,"Slow Down","Spinning The Truth Around (Part II)","Blue October",2023-10-13,323826,26,false,1khmfykcav6bxygmba16qfv2s,2023-10-13T15:36:20Z,"","Up/Down-Brando Records",0.403,0.542,6,-6.343,1,0.0257,0.181,0.615,0.114,0.0966,147.985,4
spotify:track:0wmwf2AeibH53GqqyWNmrS,"If You Were Here","Isola (English Version)","kent",1998-04-27,241240,30,false,1khmfykcav6bxygmba16qfv2s,2023-10-18T04:56:10Z,"swedish pop","RCA Records Label",0.386,0.696,6,-6.313,0,0.037,0.000733,0.000219,0.161,0.182,125.8,4
spotify:track:6L8CqrTClW1aNVkmTcGcdj,"Mirage","Boo Boo","Toro y Moi",2017-07-07,309226,45,false,1khmfykcav6bxygmba16qfv2s,2023-10-26T02:36:34Z,"chillwave","Carpark Records",0.666,0.748,10,-4.703,0,0.0393,0.18,0.445,0.167,0.606,100.008,4
spotify:track:6QPd58pi22bqOA0SJrPFiB,"Time Ago","Your Body Above Me","Black Lab",1997-01-01,255426,33,false,1khmfykcav6bxygmba16qfv2s,2023-11-01T19:08:00Z,"","DGC",0.569,0.726,0,-6.185,1,0.0324,0.0398,0.0000017,0.421,0.356,104.068,4
spotify:track:6knYw8dFnfiCM8WThjsVUA,"on my mind.","foreverything.","Ethan Lewis",2023-11-03,215510,0,false,1khmfykcav6bxygmba16qfv2s,2023-11-03T16:35:19Z,"","Ethan Lewis",0.139,0.79,2,-6.798,0,0.106,0.0184,0,0.337,0.399,194.959,4
spotify:track:0ILOORXt8EjRqW4XtgFe5V,"Miracle","Harvard of the South","Harvard of the South",2020-12-11,197946,38,false,1khmfykcav6bxygmba16qfv2s,2023-11-16T21:33:05Z,"","Slo Lab Records",0.701,0.667,2,-5.849,1,0.0259,0.0836,0.00628,0.0797,0.482,110.003,4
spotify:track:6eYdpq9HYm5W3TZKovmTgS,"Hello - Remastered 2023","Fallen (Deluxe Edition / Remastered 2023)","Evanescence",2023-11-17,220760,39,false,1khmfykcav6bxygmba16qfv2s,2023-11-17T19:29:40Z,"alternative metal","Craft Recordings",0.415,0.159,11,-12.552,0,0.0315,0.927,0.000306,0.352,0.0674,140.051,4
spotify:track:2kLEl022KPZwsIUUubA7xl,"Dangerous Kind","Black Roses","The Rasmus",2008-09-23,226920,31,false,1khmfykcav6bxygmba16qfv2s,2023-12-06T04:14:01Z,"finnish rock","Playground Music",0.597,0.827,11,-3.555,0,0.037,0.0211,0,0.347,0.628,106.011,4
spotify:track:3tZZEcmQoA2WWuAyxIoMCN,"Llama por Favor","Allison (Edición Especial)","Allison",2006,134626,45,false,1khmfykcav6bxygmba16qfv2s,2023-12-07T04:00:06Z,"rock en español,mexican rock","Columbia",0.434,0.8,1,-6.336,1,0.0347,0.00465,0,0.139,0.853,173.178,4
spotify:track:4rvYDMxCFZ9J1wGjuPpR4c,"One","Under Your Spell","The Birthday Massacre",2017-06-09,214680,37,false,1khmfykcav6bxygmba16qfv2s,2023-12-16T00:29:39Z,"gothic rock,industrial rock,gothic metal,darkwave,industrial","Metropolis Records",0.421,0.95,10,-5.289,0,0.038,0.0000212,0.0163,0.333,0.445,89.992,4
spotify:track:7tjdbdGvdJgcQhWOiDkgcU,"Danger","Danger","The Vantages",2023-07-28,220475,38,false,1khmfykcav6bxygmba16qfv2s,2024-01-02T14:42:12Z,"gothic rock,gothic metal","VNTGS ENTERTAINMENT",0.279,0.8,8,-9.214,1,0.069,0.00154,0.0000148,0.626,0.462,72.482,4
spotify:track:5rfJ2Bq2PEL8yBjZLzouEu,"Who Can It Be Now?","Business As Usual","Men At Work",1981-11-09,201293,79,false,1khmfykcav6bxygmba16qfv2s,2024-01-07T01:30:09Z,"","Columbia",0.805,0.479,4,-14.734,1,0.0436,0.0627,0.000143,0.104,0.962,128.411,4
spotify:track:6QElYAt0RHossldXx3Udv9,"Without a Whisper","Heavener","Invent Animate",2023-03-17,257532,0,false,1khmfykcav6bxygmba16qfv2s,2024-01-11T14:56:53Z,"djent,metalcore,progressive metal,deathcore,metal","UNFD",0.476,0.989,3,-3.71,0,0.0978,0.000455,0.402,0.169,0.17,115.99,4
spotify:track:2eHF7P2bVzpQy0p0Cbq8AX,"In the Darkness","Out Of Ashes","Dead By Sunrise",2009-09-30,327826,49,false,1khmfykcav6bxygmba16qfv2s,2024-02-17T18:02:39Z,"","Warner Records",0.607,0.618,10,-4.795,0,0.0288,0.0111,0.0000249,0.0854,0.223,134.938,4
spotify:track:09Th6VgW33I2y5d0tUlSC4,"No!, Pt. 1","White Light Generator","Crippled Black Phoenix",2014-03-17,231053,37,false,1khmfykcav6bxygmba16qfv2s,2024-02-20T17:33:16Z,"post-rock,progressive rock,space rock,art rock,progressive metal","Cool Green Recordings",0.501,0.665,5,-5.878,1,0.0257,0.00626,0.746,0.243,0.215,80.009,4
spotify:track:0Poq1F0mMDGFY9SLipTvke,"Left Behind","Divided We Fall","The Black Noodle Project",2017-12-04,211120,38,false,1khmfykcav6bxygmba16qfv2s,2024-02-20T17:33:24Z,"progressive rock,art rock,post-rock,progressive metal,space rock","Progressive Promotion / Zone 52 Records",0.436,0.464,9,-7.238,1,0.0278,0.0334,0.502,0.119,0.111,129.625,4
spotify:track:6B2y7oCYA0p4Y0fyIQdMXU,"Half Light","Tourist","Athlete",2005-01-31,221947,0,false,1khmfykcav6bxygmba16qfv2s,2024-04-05T01:07:57Z,"britpop","Chrysalis Records",0.455,0.798,0,-4.21,1,0.0308,0.0248,0.0000061,0.0497,0.616,90.568,4
spotify:track:3xvxz2WtlLZllKtbFiGb0d,"Tear","Adore (Super Deluxe)","The Smashing Pumpkins",1998,352213,37,false,1khmfykcav6bxygmba16qfv2s,2024-04-06T13:56:19Z,"alternative rock,rock","SMASHING PUMPKINS - DEAL #2 PHYSICAL",0.383,0.444,11,-6.378,1,0.0388,0.00279,0.424,0.398,0.288,78.009,4
spotify:track:4wLvmlgcHW5ZkNERDIDv5H,"Speeding Cars","Everything This Way","Walking On Cars",2016-01-29,242092,60,false,1khmfykcav6bxygmba16qfv2s,2024-04-19T19:49:18Z,"","EMI",0.501,0.743,5,-6.379,0,0.0348,0.207,0.0000155,0.0793,0.224,91.01,4
spotify:track:3uZlcDJeDSRpuDS4mHkhox,"Keep Myself Awake","Buffy The Vampire Slayer","Black Lab",1993-01-20,270866,25,false,1khmfykcav6bxygmba16qfv2s,2024-04-22T20:43:06Z,"","Columbia",0.381,0.648,0,-7.927,1,0.0351,0.0224,0.0185,0.115,0.315,178.458,4
spotify:track:2zzRhg50juarKmrd0XJHj5,"Extraordinary Way","Extraordinary Ways (Bonus Track Version)","Conjure One;Rhys Fulber;Poe",2005-08-30,278826,33,false,1khmfykcav6bxygmba16qfv2s,2024-04-22T20:45:51Z,"trance,new age,ebm,psychedelic rock","Nettwerk Music Group",0.539,0.679,2,-6.269,0,0.044,0.0192,0.0000533,0.331,0.197,80.062,4
spotify:track:2w3K2Hfg0T4G2ppneaWkSQ,"Never Forget","This Is Who I Am","Lena Katina",2014-11-18,214800,0,false,1khmfykcav6bxygmba16qfv2s,2024-04-22T20:57:30Z,"","Katina Music Inc.",0.462,0.694,10,-6.606,0,0.039,0.000414,0.0000887,0.0928,0.114,90,4
spotify:track:7nsO4eXkY7DvrWbjYUDLJS,"Still Counting","Guitar Gangsters & Cadillac Blood","Volbeat",2008-08-28,261812,8,true,1khmfykcav6bxygmba16qfv2s,2024-04-27T17:50:15Z,"rock,metal","Mascot Records",0.309,0.919,2,-3.131,1,0.0609,0.00039,0.000225,0.424,0.322,103.89,4
spotify:track:0lx2opvtTedfJQJv0Kwh73,"Lost","Lost","Scarlet House",2022-11-04,110270,0,false,1khmfykcav6bxygmba16qfv2s,2024-05-03T04:33:02Z,"shoegaze","reside",0.507,0.504,2,-8.811,0,0.0252,0.623,0.0579,0.512,0.529,148.008,4
spotify:track:7vBbJ1mu6l83Aq1RJEFzA7,"This Time","Super Magick","Better Than Ezra",2024-05-03,181826,15,false,1khmfykcav6bxygmba16qfv2s,2024-05-03T17:39:31Z,"","Round Hill Records",0.506,0.465,4,-7.46,1,0.0264,0.426,0,0.184,0.191,77.048,4
spotify:track:16pkTQJlRKSE0jbtDH5dzv,"Whore","Blood (Deluxe Edition)","In This Moment",2012-08-14,245533,35,true,1khmfykcav6bxygmba16qfv2s,2024-05-17T19:04:03Z,"metal","Century Media",0.604,0.883,11,-3.821,0,0.047,0.0254,0,0.0813,0.544,90.001,4
spotify:track:404tBtHfLmr8eOvzZEmLC2,"Private Parts (feat. James Michael of Sixx: A.M.)","The Strange Case of... (Deluxe)","Halestorm",2012-04-09,239133,45,false,1khmfykcav6bxygmba16qfv2s,2024-05-17T20:28:34Z,"","Atlantic Records",0.394,0.763,6,-3.907,0,0.0349,0.00432,0,0.0776,0.396,162.004,4
spotify:track:2D0KSaCuV0QZy8SkRO9NKB,"My Escape","Love and Other Disasters","Sonic Syndicate",2008-09-19,250880,30,false,1khmfykcav6bxygmba16qfv2s,2024-05-17T21:01:40Z,"melodic death metal,metalcore,metal","Nuclear Blast",0.378,0.873,3,-3.749,1,0.0355,0.000675,0,0.0803,0.294,81.999,4
spotify:track:0TgjWllOiSiJHoNR3PtzTS,"Fur Cue","Holding Onto Strings Better Left To Fray","Seether",2011-01-01,228111,33,false,1khmfykcav6bxygmba16qfv2s,2024-05-17T21:37:33Z,"post-grunge,alternative metal,rock","Fantasy Records",0.554,0.905,7,-3.248,1,0.0569,0.0000563,0.00000143,0.207,0.514,106.087,4
spotify:track:0KGIbrNYktDXYyHopcDI2L,"Make Me Wanna Die","Light Me Up","The Pretty Reckless",2010-01-01,235653,67,false,1khmfykcav6bxygmba16qfv2s,2024-05-19T16:59:38Z,"","DAS Label / Interscope Records",0.495,0.905,8,-3.768,1,0.0653,0.00227,0.00000329,0.142,0.215,97.106,4
spotify:track:2LBQJzf88rz94jfxCv67e5,"Broken Frames","Broken Frames","Eyes Set To Kill",2010-06-08,173266,41,false,1khmfykcav6bxygmba16qfv2s,2024-05-19T17:00:22Z,"post-hardcore,screamo,metalcore,emo","BreakSilence Recordings",0.4,0.993,6,-3.379,1,0.171,0.00161,0.00000955,0.0695,0.197,185.209,4
spotify:track:0O4bMm4rBsjS1Rhn7YxOSR,"Burger Queen","Without You I'm Nothing","Placebo",1998-10-12,373460,43,false,1khmfykcav6bxygmba16qfv2s,2024-05-20T20:46:50Z,"britpop","Elevator Lady Ltd",0.566,0.325,8,-15.07,1,0.0322,0.492,0.915,0.113,0.0393,84.284,4
spotify:track:5LzPOlDRLabTgngg1UVnWT,"Post Blue","Meds","Placebo",2006-03-13,191973,51,true,1khmfykcav6bxygmba16qfv2s,2024-05-20T21:04:24Z,"britpop","Elevator Lady Ltd",0.596,0.9,8,-4.442,1,0.0306,0.000243,0.00446,0.0458,0.822,97.141,4
spotify:track:3ICRNTxEU4tRb3oBK8f1Nm,"I Know","Placebo","Placebo",1996-06-17,284000,49,true,1khmfykcav6bxygmba16qfv2s,2024-05-21T14:40:25Z,"britpop","Elevator Lady Ltd",0.348,0.625,8,-8.084,1,0.0243,0.000904,0.0814,0.122,0.148,97.045,4
spotify:track:4GBGMbIcgZu6MPWU01hy8O,"Spite and Malice","Black Market Music","Placebo",2000-10-09,217466,39,true,1khmfykcav6bxygmba16qfv2s,2024-05-21T15:43:36Z,"britpop","Elevator Lady Ltd",0.595,0.9,1,-4.561,1,0.0299,0.00000325,0.262,0.124,0.396,107.044,4
spotify:track:0l6JD6AabNxGDN8PVIqGlp,"Julien","Battle for the Sun","Placebo",2009-06-09,282506,37,false,1khmfykcav6bxygmba16qfv2s,2024-05-23T15:41:12Z,"britpop","Dreambrother Ltd",0.596,0.613,4,-6.928,1,0.0356,0.0000392,0.0695,0.134,0.289,115.323,4
spotify:track:3lFQR0e2eXst5vJjFTpmGX,"Elton","KYORYU","Last Dinosaurs",2024-05-21,201375,41,false,1khmfykcav6bxygmba16qfv2s,2024-05-23T21:12:11Z,"","Nettwerk Music Group",0.553,0.96,6,-4.995,0,0.0874,0.00841,0.0000105,0.11,0.794,96.977,4
spotify:track:7nIpFbI8VbnTTd0B281Oj2,"Let Me Take My Way","Let Me Take My Way","Frankie Jazz",2012-06-30,210267,3,false,1khmfykcav6bxygmba16qfv2s,2024-06-06T21:11:27Z,"","YT Rocket",0.559,0.802,0,-4.686,1,0.0359,0.0505,0,0.213,0.674,105.004,4
spotify:track:575XWhTZRvmlRfapyz0by5,"Heal Me, I'm Heartsick","School Of Rock (Music From And Inspired By The Motion Picture)","No Vacancy",2009-07-21,286480,0,false,1khmfykcav6bxygmba16qfv2s,2024-06-07T17:52:15Z,"","Atlantic Records",0.492,0.732,0,-3.445,1,0.0286,0.0000831,0.00234,0.118,0.218,95.021,4
spotify:track:76qEnGciKneow5SXHU9ldM,"All I Want Is You","All I Want Is You","Turning the Tide",2024-06-06,189351,17,false,1khmfykcav6bxygmba16qfv2s,2024-06-09T14:45:36Z,"","Turning the Tide LLC",0.368,0.95,8,-3.273,1,0.202,0.00071,0.0000424,0.292,0.434,159.998,4
spotify:track:01XAAoEx1US4iEWzlYsaoV,"Villain","Fire and Storm","Ravenscode",2020-11-17,202474,13,false,1khmfykcav6bxygmba16qfv2s,2024-06-09T14:50:05Z,"","Ravenscode",0.402,0.905,5,-5.46,1,0.064,0.00176,0,0.13,0.385,157.019,4
spotify:track:5lII7EB0WGZTxJMYNOoFGS,"The Death Of Me - Rock Mix","From Death To Destiny","Asking Alexandria",2013,204817,0,false,1khmfykcav6bxygmba16qfv2s,2024-06-09T14:51:02Z,"metalcore,screamo,post-hardcore,metal,emo","Sumerian Records",0.383,0.973,11,-2.305,0,0.0691,0.0000292,0,0.408,0.264,95.102,4
spotify:track:52wkxz0pUQVw7LhrtJ9pWE,"Can't Deny My Love","The Desired Effect","Brandon Flowers",2015-05-15,222413,52,false,1khmfykcav6bxygmba16qfv2s,2024-06-10T20:49:48Z,"","Island Records",0.634,0.861,4,-4.029,0,0.0595,0.0474,0.000165,0.113,0.412,109.49,4
spotify:track:6SqKZbHLrlDLuFTH1ylUXf,"Saturation (Strange Love)","The Phoenix","Grey Daze",2022-06-17,235133,26,false,1khmfykcav6bxygmba16qfv2s,2024-06-10T20:59:37Z,"post-grunge","Loma Vista Recordings",0.423,0.899,9,-4.617,0,0.0676,0.0032,0.0000606,0.362,0.314,175.911,4
spotify:track:5nWRJu62az4R9YPwit875x,"Como Yo Nadie Te Ha Amado","Como Yo Nadie Te Ha Amado (This Ain't A Love Song)","Bon Jovi",1995-05-30,307000,67,false,1khmfykcav6bxygmba16qfv2s,2024-06-10T21:46:37Z,"glam metal","Mercury Records",0.26,0.6,4,-8.538,1,0.0493,0.0902,0,0.0872,0.182,176.968,3
spotify:track:3VT6TJkD2V1Cwz60564IiZ,"In Time","Amends","Grey Daze",2020-06-26,234786,42,false,1khmfykcav6bxygmba16qfv2s,2024-06-12T03:47:38Z,"post-grunge","Loma Vista Recordings",0.418,0.559,0,-7.204,1,0.0376,0.714,0.0000144,0.354,0.129,172.213,4
spotify:track:4SY2bExLOiIH9DIPkN07NM,"Morei Sky","Amends","Grey Daze",2020-06-26,232813,41,false,1khmfykcav6bxygmba16qfv2s,2024-06-14T03:06:31Z,"post-grunge","Loma Vista Recordings",0.493,0.722,2,-4.624,0,0.0319,0.0942,0.00138,0.101,0.176,129.063,4
spotify:track:5eLT7mkDsNuKs83jIy5y1R,"THE LAST SONG","THE LAST SONG","X JAPAN",1998-03-18,693160,1,false,1khmfykcav6bxygmba16qfv2s,2024-07-24T13:33:27Z,"visual kei,j-rock,j-pop","Japan Music Agency Co.,Ltd.",0.539,0.436,7,-8.342,1,0.0252,0.678,0.00138,0.0904,0.125,74.984,4
spotify:track:7hK0aTf0wyxRkYqWAabUwG,"As Sick As The Secrets Within","As Sick As The Secrets Within","Marilyn Manson",2024-08-02,335984,44,false,1khmfykcav6bxygmba16qfv2s,2024-08-06T03:27:24Z,"industrial metal,industrial rock,industrial,metal,nu metal","Nuclear Blast",0.362,0.896,4,-2.956,0,0.036,0.0164,0.000751,0.632,0.491,161.999,4
spotify:track:4SqPwPrhzdpQiYRLzsimAo,"Goeth The Fall","Aghori Mhori Mei","The Smashing Pumpkins",2024-08-02,205335,34,false,1khmfykcav6bxygmba16qfv2s,2024-08-06T03:27:35Z,"alternative rock,rock","Martha's Music",0.676,0.795,1,-5.629,1,0.0276,0.00681,0.00000719,0.131,0.58,127.01,4
spotify:track:5Fli1xRi01bvCjsZvKWro0,"Houdini","Torches","Foster The People",2011-05-23,202466,70,false,1khmfykcav6bxygmba16qfv2s,2024-08-13T18:16:25Z,"","Columbia",0.632,0.908,8,-3.511,1,0.0458,0.00762,0.000172,0.167,0.764,110.024,4
spotify:track:6HNjl3oU1VINI4U1JIBmFR,"Chin Music For The Unsuspecting Hero","Torches X (Deluxe Edition)","Foster The People",2021-11-12,204560,40,false,1khmfykcav6bxygmba16qfv2s,2024-08-13T18:17:06Z,"","Columbia/Legacy",0.6,0.55,5,-5.917,1,0.0334,0.0837,0,0.171,0.492,178.058,4
spotify:track:2plbrEY59IikOBgBGLjaoe,"Die With A Smile","Die With A Smile","Lady Gaga;Bruno Mars",2024-08-16,251667,92,false,1khmfykcav6bxygmba16qfv2s,2024-08-16T13:44:02Z,"art pop,pop","Interscope",0.521,0.592,6,-7.777,0,0.0304,0.308,0,0.122,0.535,157.969,3
spotify:track:0BpZzhGDm4rzsZTlrpzQ6p,"Raise The Red Flag","Raise The Red Flag","Marilyn Manson",2024-08-16,289486,44,true,1khmfykcav6bxygmba16qfv2s,2024-08-16T14:27:38Z,"industrial metal,industrial rock,industrial,metal,nu metal","Nuclear Blast",0.5,0.924,8,-4.314,1,0.106,0.00016,0.000415,0.0815,0.141,105.022,4
spotify:track:4SNHeDCR40LwXL16BfzmpX,"Automatic","Automatic","Roosevelt",2024-05-21,219537,0,false,1khmfykcav6bxygmba16qfv2s,2024-08-20T20:25:59Z,"nu disco","Counter Records",0.628,0.894,7,-4.764,0,0.0421,0.0118,0.576,0.383,0.849,116.762,4
spotify:track:6exgQSGBxYo8WzRSw10JJD,"Higher Ground (feat. Roosevelt)","Higher Ground (feat. Roosevelt)","Purple Disco Machine;Roosevelt",2024-03-29,273293,39,false,1khmfykcav6bxygmba16qfv2s,2024-08-20T20:30:11Z,"disco house,nu disco,funky house,house","Columbia Local",0.758,0.848,1,-5.383,1,0.0316,0.0166,0.0176,0.35,0.659,121.97,4
spotify:track:2sKHevALE8DKDkwEo04Pbh,"WE PRAY - Single Version","WE PRAY","Coldplay;Little Simz;Burna Boy;Elyanna;TINI",2024-08-23,233406,66,false,1khmfykcav6bxygmba16qfv2s,2024-08-22T23:27:07Z,"afrobeats,afrobeat,afropop,afroswing,dancehall,afropiano,latin pop","Parlophone UK",0.754,0.53,5,-8.098,0,0.0563,0.0659,0.000087,0.0746,0.664,135.992,4
spotify:track:2PnlsTsOTLE5jnBnNe2K0A,"The Emptiness Machine","The Emptiness Machine","Linkin Park",2024-09-05,190427,79,true,1khmfykcav6bxygmba16qfv2s,2024-09-07T13:53:48Z,"nu metal,rap metal,rock,alternative metal","Warner Records",0.466,0.872,7,-3.344,1,0.0336,0.0156,0,0.121,0.806,184.115,4
spotify:track:0SaKhiBPgdRaQKA7Bxu3ek,"Putita","Infame","Babasonicos",2003-10-19,225706,69,false,1khmfykcav6bxygmba16qfv2s,2024-09-08T15:53:14Z,"argentine rock,rock en español,latin rock,latin alternative","Pop Art",0.477,0.753,0,-6.112,1,0.0343,0.514,0.00381,0.17,0.521,178.013,4
spotify:track:3OuP2MUreNdeOyo7yyXyJN,"Onedari Daisakusen","BABYMETAL","BABYMETAL",2015-05-11,195866,0,false,1khmfykcav6bxygmba16qfv2s,2024-09-10T17:46:47Z,"j-rock","Cooking Vinyl Limited",0.637,0.967,8,-3.47,1,0.0708,0.00494,0.67,0.128,0.461,110.015,4
spotify:track:4CNjWwMUNIy1OQxMycHbCB,"The Absconder","Fall","Needle",2023-04-04,257031,3,false,1khmfykcav6bxygmba16qfv2s,2024-09-28T17:19:07Z,"progressive metal","Needle",0.494,0.867,11,-5.889,1,0.0388,0.0000457,0.0276,0.102,0.145,116.005,4
spotify:track:5NPe4fAhaMwcho571EJXDi,"Man in The Moon","Moon Music (Full Moon Edition)","Coldplay",2024-10-03,234600,49,false,1khmfykcav6bxygmba16qfv2s,2024-10-08T03:30:22Z,"","Parlophone UK",0.622,0.676,1,-5.94,1,0.0278,0.345,0.00317,0.0981,0.782,130.04,4
spotify:track:5aMP1dGGZqzQjZlrBS8nBx,"I Wanna Get Lost With You","Keep the Village Alive (Deluxe)","Stereophonics",2015-09-11,229680,58,false,1khmfykcav6bxygmba16qfv2s,2024-10-08T03:38:03Z,"britpop","Ignition Records Ltd",0.502,0.877,7,-3.551,0,0.0354,0.0103,0.000253,0.149,0.632,126.033,4
spotify:track:6mIeNyRVMyV5SOVf3mAoKT,"Synaesthesia","Ocean Without A Shore","Weather Systems",2024-09-27,551436,38,false,1khmfykcav6bxygmba16qfv2s,2024-10-09T21:35:14Z,"progressive rock,progressive metal","Music Theories Recordings",0.192,0.76,0,-6.245,0,0.0439,0.0057,0.365,0.504,0.128,159.992,3
spotify:track:0FpJdOwxVYjN0UCIG6ovcR,"Brand New Day","METAL GALAXY","BABYMETAL;Tim Henson;Scott LePage",2019-10-11,248399,0,false,1khmfykcav6bxygmba16qfv2s,2024-10-17T19:16:01Z,"j-rock,math rock,progressive metal,djent","Cooking Vinyl Limited",0.653,0.891,4,-2.301,0,0.0339,0.00339,0.00000423,0.327,0.232,105.007,4
spotify:track:2Rw6wkd0q3LXx5xsdjLs1P,"Monochrome","Monochrome","BABYMETAL",2022-11-17,237354,0,false,1khmfykcav6bxygmba16qfv2s,2024-10-17T20:03:33Z,"j-rock","Cooking Vinyl Limited",0.393,0.905,5,-4.382,0,0.0801,0.000633,0.000137,0.339,0.273,174.986,4
spotify:track:12dYN0rS95O37qxZh3pOLV,"Light and Darkness","THE OTHER ONE","BABYMETAL",2023-03-24,244258,0,false,1khmfykcav6bxygmba16qfv2s,2024-10-19T00:53:43Z,"j-rock","Cooking Vinyl Limited",0.597,0.888,10,-1.706,0,0.0724,0.0102,0.00964,0.268,0.595,127.999,4
spotify:track:1iK2nyld8wTLJv2dRIowSY,"จำเก่ง","จำเก่ง","F.HERO;Tilly Birds",2020-06-18,220606,1,false,1khmfykcav6bxygmba16qfv2s,2024-10-19T02:52:42Z,"thai hip hop,thai pop,luk thung,t-pop,thai trap,thai rock,thai indie rock","What The Duck",0.588,0.661,8,-5.831,1,0.141,0.709,0,0.0987,0.908,197.81,4
spotify:track:0c4IEciLCDdXEhhKxj4ThA,"Madness","The 2nd Law","Muse",2012-09-24,281040,72,false,1khmfykcav6bxygmba16qfv2s,2024-10-22T20:25:18Z,"alternative rock,rock","Warner Records",0.502,0.417,10,-7.665,1,0.0718,0.127,0.00419,0.106,0.218,180.301,4
spotify:track:1ZqHjApl3pfzwjweTfMi0g,"Violet Hill","Viva La Vida or Death and All His Friends","Coldplay",2008-06-06,222653,67,false,1khmfykcav6bxygmba16qfv2s,2024-10-22T20:25:30Z,"","Parlophone UK",0.33,0.58,1,-7.875,0,0.0374,0.0614,0.00129,0.115,0.11,76.093,4
spotify:track:2d6m2F4I7wCuAKtSsdhh83,"Famous Last Words","The Black Parade","My Chemical Romance",2006-10-20,299226,79,false,1khmfykcav6bxygmba16qfv2s,2024-10-22T20:25:33Z,"emo,pop punk","Reprise",0.467,0.883,2,-3.679,0,0.106,0.000321,0.000152,0.125,0.309,122.252,4
spotify:track:2t99rU9CoEgxD2X9ycf7Hq,"Serotonin","Serotonin","Thousand Thoughts",2024-09-27,221206,13,false,1khmfykcav6bxygmba16qfv2s,2024-10-23T21:11:07Z,"","Earache Digital Distribution",0.569,0.891,8,-4.296,1,0.0661,0.000953,0.00000262,0.0979,0.458,97.52,4
spotify:track:5NYFf0Ny7dLQpk8TSC4lZO,"NERVOUS","SHOCK TO THE SYSTEM (PART ONE)","Daughtry",2024-09-27,205782,31,true,1khmfykcav6bxygmba16qfv2s,2024-10-23T21:38:22Z,"post-grunge","Big Machine Rock",0.322,0.65,5,-7.206,0,0.0389,0.136,0.00053,0.183,0.0906,77.869,4
spotify:track:5r0b7F3MGee7IMeJxP1TKP,"Rest In Pieces","Rest In Pieces","The Rasmus",2024-10-25,176308,32,true,1khmfykcav6bxygmba16qfv2s,2024-10-25T12:22:27Z,"finnish rock","Better Noise Music",0.469,0.924,8,-4.063,1,0.1,0.000162,0.00000997,0.383,0.576,104.04,4
spotify:track:1w8r3PAxPPLfcuyRsC4BeA,"Made of Lies","Someplace Better","Elysion",2014-01-24,199066,49,false,1khmfykcav6bxygmba16qfv2s,2024-10-25T23:41:23Z,"gothic metal,symphonic metal,gothic rock","Massacre Records",0.44,0.858,4,-4.38,0,0.0456,0.0297,0.0000771,0.243,0.225,147.901,4
spotify:track:4Y5TYXe0rxfwMdHTSMe7fP,"Terrific","A Reminder","Drake Bell",2011-06-28,202640,25,false,1khmfykcav6bxygmba16qfv2s,2024-10-31T14:47:19Z,"","dB Records",0.298,0.87,7,-5.432,1,0.0353,0.0248,0,0.16,0.343,99.748,4
spotify:track:7fYs5KexehGyZyEP8CDNGQ,"FREEFALL","CARNAL","NOTHING MORE",2024-06-28,226874,64,false,1khmfykcav6bxygmba16qfv2s,2024-10-31T22:20:39Z,"","Better Noise Music",0.441,0.922,8,-3.983,1,0.0809,0.000076,0.00244,0.09,0.275,99.978,4
spotify:track:0sZW4EWd6AHDsOQroVYcMj,"Shattered Reflections","Shattered Reflections","Transcendant",2024-07-17,392234,8,false,1khmfykcav6bxygmba16qfv2s,2024-11-02T15:10:58Z,"symphonic metal","Transcendant",0.348,0.548,0,-5.951,0,0.0342,0.093,0,0.195,0.192,126.469,3
spotify:track:6aCBjSb87RizdH8lVBIRW7,"Good Things Go","From Zero","Linkin Park",2024-11-15,209844,70,true,1khmfykcav6bxygmba16qfv2s,2024-11-16T01:17:18Z,"nu metal,rap metal,rock,alternative metal","Warner Records",0.541,0.757,2,-5.37,0,0.0421,0.00867,0,0.136,0.307,127.005,4
spotify:track:1sGybPOm1Q0Cv5Ak6UN43z,"Left Outside Alone","Left Outside Alone","Blind Channel",2020-07-01,228330,0,false,1khmfykcav6bxygmba16qfv2s,2024-11-20T19:51:57Z,"","WM Finland",0.52,0.925,2,-4.974,0,0.0606,0.000142,0.000204,0.296,0.267,107.985,4
spotify:track:5HnGr274AAE80EsWZQ7lU0,"Nothing Lasts Forever","It Won't Be Soon Before Long (International Version)","Maroon 5",2007-01-01,187920,60,false,1khmfykcav6bxygmba16qfv2s,2024-11-22T01:21:59Z,"pop","Interscope Records*",0.595,0.764,4,-4.631,0,0.0304,0.345,0,0.0855,0.557,95.965,4
spotify:track:0Fo1rlhBMgFG1eIvnoz6S3,"Love Becomes Her","Love Becomes Her","FloVeR",2024-11-22,263513,1,false,1khmfykcav6bxygmba16qfv2s,2024-11-22T15:53:29Z,"gothic metal,gothic rock","FloVeR",0.454,0.893,5,-6.027,1,0.0431,0.000246,0.00196,0.116,0.297,148.047,4
spotify:track:28iGdwZLJkRmyjispKVkEu,"Without You","See the Sun","Black Lab",2005-01-01,253893,10,false,1khmfykcav6bxygmba16qfv2s,2024-11-26T21:09:16Z,"","Black Lab",0.525,0.898,0,-4.432,1,0.048,0.00108,0.0000868,0.317,0.575,138.061,4
spotify:track:7pxEGJ7pMdl1UmvscZWiHf,"Your Existence","Twenty-Five Twenty-One OST","Wonstein",2022-04-03,204229,41,false,1khmfykcav6bxygmba16qfv2s,2024-12-15T16:21:20Z,"k-rap","Studio MaumC, Hwa&Dam pictures",0.418,0.603,7,-9.379,1,0.204,0.536,0.0000252,0.11,0.657,100.171,4
spotify:track:4mj2UMyJTBTaO7pffAK29j,"Holy Mountains","Hypnotize","System Of A Down",2005-11-22,328866,67,false,1khmfykcav6bxygmba16qfv2s,2024-12-17T20:48:20Z,"nu metal,metal,alternative metal,rap metal,rock","American/Columbia",0.247,0.897,1,-2.402,1,0.0477,0.001,0.00458,0.106,0.232,151.335,4
spotify:track:6dOtVTDdiauQNBQEDOtlAB,"BIRDS OF A FEATHER","HIT ME HARD AND SOFT","Billie Eilish",2024-05-17,210373,95,false,1khmfykcav6bxygmba16qfv2s,2024-12-23T22:10:24Z,"","Darkroom/Interscope Records",0.747,0.507,2,-10.171,1,0.0358,0.2,0.0608,0.117,0.438,104.978,4
spotify:track:6FOpPA0a80RuBqqgDozvja,"So Far Away","14 Shades of Grey","Staind",2003-05-13,243573,77,false,1khmfykcav6bxygmba16qfv2s,2025-01-04T22:21:59Z,"post-grunge,nu metal,alternative metal","Elektra Records",0.407,0.896,6,-2.935,1,0.063,0.012,0,0.196,0.156,138.697,3
spotify:track:0I5Fgl7pT26M1qSIixlzR2,"World So Cold","The End Of All Things To Come","Mudvayne",2002,336973,53,true,1khmfykcav6bxygmba16qfv2s,2025-01-04T22:27:36Z,"nu metal,alternative metal,rap metal,metal","Epic",0.361,0.843,3,-5.82,1,0.103,0.00115,0.00164,0.107,0.42,140.622,4
spotify:track:2BITwiK9v9dpCVWe89Oj6s,"Rise Above 1","Rise Above 1","Reeve Carney;Bono;The Edge",2011-05-25,232306,28,false,1khmfykcav6bxygmba16qfv2s,2025-01-15T23:47:34Z,"musicals","EMI",0.52,0.783,10,-3.678,1,0.0446,0.00838,0.00000958,0.0901,0.413,83.978,4
spotify:track:0HudNJBu7RvrKJRJWHkroe,"Beyond the Sky - Single version","Beyond the Sky","ken sato experience;Lyrit",2024-03-20,231351,33,false,1khmfykcav6bxygmba16qfv2s,2025-01-17T00:38:29Z,"","ken sato experience",0.735,0.771,1,-7.741,0,0.162,0.121,0.0119,0.216,0.672,111.069,4
spotify:track:176J9E3MwJX8eCd3RvS0Nn,"Action Cat","Hesitant Alien","Gerard Way",2014-08-22,187012,48,false,1khmfykcav6bxygmba16qfv2s,2025-01-29T01:48:30Z,"","Reprise",0.375,0.987,1,-4.647,1,0.0683,0.0000484,0.197,0.0782,0.364,146.971,4
spotify:track:68pbfPO23QQUl2pxlthi6Q,"Pass Slowly","Holding Onto Strings Better Left To Fray","Seether",2011-01-01,207832,46,false,1khmfykcav6bxygmba16qfv2s,2025-02-04T19:56:32Z,"post-grunge,alternative metal,rock","Fantasy Records",0.451,0.702,10,-5.718,1,0.0307,0.000687,0.0000457,0.172,0.24,147.007,3
spotify:track:2yjbj0zHhk21ljCeMPs79g,"Here And Now","Confessions Of The Fallen","Staind",2023-09-22,237859,51,false,1khmfykcav6bxygmba16qfv2s,2025-02-04T20:01:18Z,"post-grunge,nu metal,alternative metal","BMG Rights Management (US) LLC",0.395,0.805,4,-3.254,1,0.0487,0.0239,0.0137,0.0727,0.292,125.2,4
spotify:track:4sv9yDPfC0ZO7I9A7uDblr,"Conduct","Roses","The Cranberries",2012-02-26,310244,15,false,1khmfykcav6bxygmba16qfv2s,2025-02-04T20:31:50Z,"","Cooking Vinyl",0.303,0.737,0,-4.004,1,0.0302,0.0268,0.00291,0.127,0.168,182.93,3
spotify:track:15kLz0zNFdtsaJdXKSGmTU,"The Drugs Don't Work","Urban Hymns (Deluxe / Remastered 2016)","The Verve",1997-09-29,304880,68,false,1khmfykcav6bxygmba16qfv2s,2025-02-07T01:43:30Z,"britpop,shoegaze","UMC (Universal Music Catalogue)",0.442,0.52,0,-8.648,1,0.0261,0.184,0,0.154,0.177,77.437,4
spotify:track:1yH3dr51akEqQ4HlE8rozM,"I Will Always","Remembering Dolores","The Cranberries",2021-09-06,162066,19,false,1khmfykcav6bxygmba16qfv2s,2025-02-13T17:03:44Z,"","Island Records",0.388,0.378,9,-9.88,0,0.027,0.0592,0.000102,0.103,0.0391,168.577,3
spotify:track:21wlio2h3t1uha2ntlmUL0,"This Is The Day","Remembering Dolores","The Cranberries",2021-09-06,252640,21,false,1khmfykcav6bxygmba16qfv2s,2025-02-13T17:07:42Z,"","Island Records",0.391,0.927,4,-2.938,0,0.0593,0.000468,0.0000172,0.0813,0.4,108.42,4
spotify:track:5tAtvVkF2RTGxcHMdtCXRd,"Everything I Said","Remembering Dolores","The Cranberries",2021-09-06,232933,18,false,1khmfykcav6bxygmba16qfv2s,2025-02-13T17:28:25Z,"","Island Records",0.427,0.485,3,-7.752,1,0.0259,0.00567,0.0000627,0.223,0.0804,97.464,4
spotify:track:50FxdfnZDso6IC6RUqUNa7,"Sun in My Eyes","Save Your Face","Feline",1997-09-01,186800,39,false,1khmfykcav6bxygmba16qfv2s,2025-02-13T18:47:37Z,"riot grrrl","Chrysalis Records",0.344,0.838,7,-4.898,0,0.0465,0.0513,0.00000202,0.284,0.343,156.249,4
spotify:track:4YiRPCD9UeN5SmbLlUiThi,"Nube","Mas Guapa","La Oreja de Van Gogh",2006,223653,26,false,1khmfykcav6bxygmba16qfv2s,2025-02-20T21:07:35Z,"latin pop","Columbia",0.441,0.747,5,-4.912,1,0.0269,0.0695,0.000205,0.328,0.296,96.369,4
spotify:track:54MmmOjmuw43OPKH7umbRe,"Rumors","Jealous Gods","Poets of the Fall",2014-09-19,300200,25,false,1khmfykcav6bxygmba16qfv2s,2025-02-25T12:34:01Z,"finnish rock","Insomniac",0.47,0.857,9,-6.049,0,0.0429,0.0235,0.0000427,0.0906,0.103,153.117,4
spotify:track:5COjC6NUPJa7qVUtKjghur,"Rogue","Jealous Gods","Poets of the Fall",2014-09-19,266493,24,false,1khmfykcav6bxygmba16qfv2s,2025-02-25T19:42:43Z,"finnish rock","Insomniac",0.174,0.92,4,-5.21,0,0.0732,0.0000816,0.882,0.247,0.15,97.122,4
spotify:track:3mQe77liqk6zbrYDO3mY3A,"Choice Millionaire","Jealous Gods","Poets of the Fall",2014-09-19,289800,35,false,1khmfykcav6bxygmba16qfv2s,2025-02-25T19:47:13Z,"finnish rock","Insomniac",0.542,0.907,7,-5.329,1,0.0684,0.0386,0,0.687,0.452,121.01,4
spotify:track:4onSGbFyDBfo5vfodJghCz,"Lament","Lament","Lacrimosa",2025-03-07,572600,32,false,1khmfykcav6bxygmba16qfv2s,2025-03-11T00:14:18Z,"gothic metal,symphonic metal,gothic rock,darkwave","Hall of Sermon GmbH",0.314,0.148,4,-16.08,0,0.035,0.674,0.099,0.113,0.0583,168.3,3
spotify:track:5lM4Pk0KXUzi8RFe18ObJX,"I Drove All Night","I Drove All Night","Cemetery Skyline",2025-03-07,267893,26,false,1khmfykcav6bxygmba16qfv2s,2025-03-11T01:15:41Z,"gothic metal,gothic rock","Century Media",0.516,0.783,8,-5.848,1,0.0322,0.0015,0.0299,0.126,0.21,115.02,4
spotify:track:4KjeQ0imOwYVBcy2ErIeNd,"Punk & Pomerol","Lament","Lacrimosa",2025-03-07,321120,30,true,1khmfykcav6bxygmba16qfv2s,2025-03-11T20:23:55Z,"gothic metal,symphonic metal,gothic rock,darkwave","Hall of Sermon GmbH",0.278,0.551,4,-8.31,1,0.0355,0.00000869,0.876,0.452,0.206,131.937,4
spotify:track:74m2FZuWlotIsEkVGHi9qG,"In einem anderen Leben","Lament","Lacrimosa",2025-03-07,334360,30,false,1khmfykcav6bxygmba16qfv2s,2025-03-12T01:21:28Z,"gothic metal,symphonic metal,gothic rock,darkwave","Hall of Sermon GmbH",0.574,0.855,7,-7.831,0,0.036,0.000928,0.00659,0.353,0.584,125.18,4
spotify:track:2VKm1QpHMZErBQppNwFkwO,"Ein Sturm zieht auf","Lament","Lacrimosa",2025-03-07,450893,29,false,1khmfykcav6bxygmba16qfv2s,2025-03-13T14:57:07Z,"gothic metal,symphonic metal,gothic rock,darkwave","Hall of Sermon GmbH",0.494,0.42,2,-11.923,0,0.0282,0.000228,0.536,0.139,0.0398,98.993,4
spotify:track:0cvW31FIK6B3mUqWLUHorv,"Careless Whisper","Careless Whisper","Brigitte Calls Me Baby",2025-01-22,204767,33,false,1khmfykcav6bxygmba16qfv2s,2025-03-14T15:47:21Z,"","ATO Records",0.391,0.961,0,-3.907,0,0.153,0.0571,0.000173,0.12,0.441,165.942,4
spotify:track:06QNKNfYxarfG9zr8dQm9K,"Palm Of Your Hand","The Future Is Our Way Out","Brigitte Calls Me Baby",2024-08-02,215411,26,false,1khmfykcav6bxygmba16qfv2s,2025-03-14T15:49:50Z,"","ATO Records",0.442,0.932,9,-2.252,1,0.0387,0.0897,0.00000247,0.18,0.746,159.975,4
spotify:track:1Jhmg81c5cbuc8MzTEkPpN,"Fine Dining","The Future Is Our Way Out","Brigitte Calls Me Baby",2024-08-02,172202,26,false,1khmfykcav6bxygmba16qfv2s,2025-03-14T16:04:31Z,"","ATO Records",0.521,0.924,7,-2.759,1,0.0371,0.00577,0.000118,0.078,0.765,102.321,4
spotify:track:2X77IeBrpZrf5BII74ZyNR,"Too Easy","The Future Is Our Way Out","Brigitte Calls Me Baby",2024-08-02,207569,35,false,1khmfykcav6bxygmba16qfv2s,2025-03-14T16:50:50Z,"","ATO Records",0.482,0.776,8,-5.71,0,0.0579,0.0261,0,0.116,0.316,118.074,4
spotify:track:4xFxK0FXmNlUDRgCaIQCVn,"Here With Me","No Angel","Dido",1999,255400,76,false,1khmfykcav6bxygmba16qfv2s,2025-03-14T17:03:50Z,"","Sony BMG Music UK",0.555,0.578,11,-7.942,0,0.0277,0.113,0.00000343,0.0747,0.333,83.382,4
spotify:track:2DYfPzpT7LYKyWNKxF8MJO,"Always Be Fine","The Future Is Our Way Out","Brigitte Calls Me Baby",2024-08-02,194623,20,false,1khmfykcav6bxygmba16qfv2s,2025-03-18T21:35:42Z,"","ATO Records",0.544,0.261,2,-12.913,1,0.0389,0.889,0.00419,0.0937,0.186,68.658,4
spotify:track:0uAk6jCaavzpq1byidIPOt,"For the Heart I Once Had","Dark Passion Play (Special Deluxe Edition)","Nightwish",2008-10-17,236016,27,false,1khmfykcav6bxygmba16qfv2s,2025-03-22T19:46:12Z,"symphonic metal,gothic metal,power metal,metal,folk metal,gothic rock","Nuclear Blast",0.513,0.764,7,-4.723,0,0.0383,0.00267,0.000206,0.338,0.272,117.996,4
spotify:track:4fOhNyrVmdZHfhw6FHv9vi,"Menos Tú","Un Susurro en la Tormenta","La Oreja de Van Gogh",2020-09-19,194106,34,false,1khmfykcav6bxygmba16qfv2s,2025-03-25T17:06:25Z,"latin pop","Sony Music Entertainment",0.572,0.58,3,-5.642,1,0.0571,0.18,0.00000294,0.0662,0.387,156,4
spotify:track:36IvhM3zeDD5op1grPbePW,"Intocables","El Planeta Imaginario","La Oreja de Van Gogh",2016-11-04,268435,38,false,1khmfykcav6bxygmba16qfv2s,2025-03-25T17:44:16Z,"latin pop","Sony Music Entertainment",0.551,0.748,11,-5.604,1,0.0291,0.267,0.000131,0.12,0.507,93.02,4
spotify:track:3GAqddcV0nwMHQI5RfMXoI,"Afterlife (from the Netflix Series ""Devil May Cry"")","Afterlife (from the Netflix Series ""Devil May Cry"")","Evanescence",2025-03-28,249960,74,false,1khmfykcav6bxygmba16qfv2s,2025-03-30T18:46:35Z,"alternative metal","Netflix Music",0.469,0.866,5,-4.421,0,0.0432,0.00322,0.00000402,0.0847,0.133,130.049,4
spotify:track:3y1quPyXSj3wh5yIT1inuy,"Ordinary World","Innocence & Instinct","Red",2009-08-25,297706,46,false,1khmfykcav6bxygmba16qfv2s,2025-03-30T19:10:24Z,"christian rock,christian alternative rock","Essential Records",0.398,0.747,1,-5.089,0,0.0516,0.00228,0,0.192,0.168,129.995,4
spotify:track:74TiAd5cXM1vW5H7rCFBBI,"Part Of Me","The Bitter Truth","Evanescence",2021-03-26,238971,50,false,1khmfykcav6bxygmba16qfv2s,2025-03-30T19:50:36Z,"alternative metal","BMG Rights Management (US) LLC",0.527,0.902,3,-4.424,0,0.116,0.000592,0.014,0.0651,0.375,120.022,4
spotify:track:4EbZM1P99mTOdt9kqaMRcb,"Į Tave","KODĖL TU ČIA?","Monika LIU",2023-05-06,318026,27,false,1khmfykcav6bxygmba16qfv2s,2025-04-01T22:06:57Z,"","Monika LIU",0.776,0.491,0,-8.367,1,0.0587,0.358,0.000254,0.136,0.747,89.963,4
spotify:track:6BI2GDwlQV32JZLgYPMlFM,"Hot Blooded","Hot Blooded","New Constellations",2021-01-01,287000,4,false,1khmfykcav6bxygmba16qfv2s,2025-04-04T00:44:08Z,"","New Constellations under exclusive license to Amuseio AB",0.626,0.523,1,-8.49,0,0.0304,0.00356,0.0036,0.169,0.23,99.893,4
spotify:track:3BWOEIkW9H7tCr8wwjzOyf,"Since You've Been Gone","Bangin'","The Outfield",1986,286466,51,false,1khmfykcav6bxygmba16qfv2s,2025-04-09T14:31:35Z,"","Columbia",0.491,0.834,2,-11.204,1,0.0571,0.26,0.0000107,0.196,0.481,124.122,4
spotify:track:6eW5PaJ7t8K3uf3NWqMryd,"Aladdin's Cave","Replay","The Outfield",2011-06-28,272186,22,false,1khmfykcav6bxygmba16qfv2s,2025-04-09T15:36:00Z,"","The Outfield",0.52,0.946,2,-2.977,1,0.0496,0.00471,0.0000012,0.0917,0.39,120.054,3
spotify:track:3kwP4ZmMqExXhSND8DPlPi,"Wonderland","Replay","The Outfield",2011-06-28,325560,11,false,1khmfykcav6bxygmba16qfv2s,2025-04-09T15:36:46Z,"","The Outfield",0.551,0.835,2,-4.352,1,0.0349,0.148,0,0.099,0.398,117.916,4
spotify:track:7idJLlwtn5RLTBX6TBdxQr,"Long Walk Back (From Nowhere)","Any Time Now","The Outfield",2006-03-21,268160,9,false,1khmfykcav6bxygmba16qfv2s,2025-04-09T15:56:57Z,"","Sidewinder Records",0.564,0.915,0,-5.414,1,0.0388,0.0219,0.00000816,0.497,0.664,121.979,4
spotify:track:3BIHJZpJrDcZNUJ0IMzi2X,"It's All About Love","Any Time Now","The Outfield",2006-03-21,260453,24,false,1khmfykcav6bxygmba16qfv2s,2025-04-09T16:04:49Z,"","Sidewinder Records",0.585,0.888,5,-6.69,1,0.0425,0.0383,0,0.533,0.691,112.028,4
spotify:track:2L9kFuyDD73wxrw71LegDs,"There She Goes","Any Time Now","The Outfield",2006-03-21,282560,10,false,1khmfykcav6bxygmba16qfv2s,2025-04-09T16:17:30Z,"","Sidewinder Records",0.569,0.8,7,-5.731,1,0.0299,0.0225,0.000529,0.135,0.637,129.973,4
spotify:track:77O2Awv2GrFf6SBras7JhV,"Goodnight Song","Elemental","Tears For Fears",1993-06-07,233426,57,false,1khmfykcav6bxygmba16qfv2s,2025-04-09T16:51:47Z,"new wave,synthpop","EMI",0.592,0.806,0,-6.721,1,0.0319,0.0227,0.000911,0.554,0.662,123.641,4
spotify:track:4ByEFOBuLXpCqvO1kw8Wdm,"(I Just) Died In Your Arms","Broadcast","Cutting Crew",1986-01-01,280400,85,false,1khmfykcav6bxygmba16qfv2s,2025-04-09T16:55:27Z,"","Ten Records",0.625,0.726,11,-11.402,0,0.0444,0.0158,0.000169,0.0625,0.507,124.945,4
spotify:track:1sWSjRffrghl3BK8rCTa2J,"It's a Crime","It Ain't Over","The Outfield",1999-09-01,267733,5,false,1khmfykcav6bxygmba16qfv2s,2025-04-09T19:07:23Z,"","Warning Tracks",0.473,0.782,4,-6.39,1,0.0381,0.299,0.00127,0.194,0.612,176.039,4
spotify:track:38l5nRZq9DZ5wWGA9zmIev,"Tonight You're Mine","Rockeye","The Outfield",1992-01-01,219133,34,false,1khmfykcav6bxygmba16qfv2s,2025-04-09T21:10:29Z,"","Geffen*",0.609,0.426,7,-13.013,1,0.027,0.0569,0.00566,0.737,0.443,109.052,4
spotify:track:1i0htfpFBzwUuHvbasPKYq,"The Night Ain't Over","Voices Of Babylon","The Outfield",1989-07-22,244893,36,false,1khmfykcav6bxygmba16qfv2s,2025-04-09T21:46:42Z,"","Columbia",0.6,0.622,11,-12.903,1,0.0317,0.0334,0,0.045,0.73,125.975,4
spotify:track:3NFNfXqFBG7GTos1CQSgyR,"Somewhere In America","Bangin'","The Outfield",1986,252760,31,false,1khmfykcav6bxygmba16qfv2s,2025-04-09T22:10:28Z,"","Columbia",0.474,0.654,2,-12.294,0,0.0419,0.147,0.00000706,0.125,0.458,114.752,4
spotify:track:08ZUINWP8w0FHK0XnQm6yF,"Playground","Bangin'","The Outfield",1986,298533,32,false,1khmfykcav6bxygmba16qfv2s,2025-04-10T14:46:25Z,"","Columbia",0.504,0.672,3,-12.942,0,0.0432,0.0314,0.000328,0.236,0.288,124.042,4
spotify:track:64LEl0UTW64F6iMyGNZN9u,"I Won't Let It Get In The Way","Mumbo Jumbo","Air Supply",2010-05-04,259400,8,false,1khmfykcav6bxygmba16qfv2s,2025-04-11T17:05:40Z,"soft rock","Odds On Records",0.851,0.559,11,-5.373,0,0.0345,0.00833,0.00285,0.0864,0.4,117.059,4
spotify:track:3g811urVvhkvAv3fT5BzTq,"Undertow","What If...","Mr. Big",2010,288746,32,false,1khmfykcav6bxygmba16qfv2s,2025-04-16T21:52:35Z,"glam metal","Frontiers Records",0.425,0.965,8,-3.897,1,0.11,0.00626,0.000325,0.236,0.481,102.88,4
spotify:track:0l4SSSudBtqUOjldToCJKe,"All The Way Up","What If...","Mr. Big",2010,312040,23,false,1khmfykcav6bxygmba16qfv2s,2025-04-16T21:52:46Z,"glam metal","Frontiers Records",0.535,0.852,3,-3.11,1,0.0299,0.0339,0,0.248,0.504,97.114,4
spotify:track:1wGNjZQoO4Ac5zotF3aZTb,"Bailando Solo","La Velocidad de la Luz","Los Bunkers",2013,267826,72,false,1khmfykcav6bxygmba16qfv2s,2025-04-19T20:29:15Z,"latin rock,rock en español,latin alternative","Promotodo Mexico",0.675,0.733,9,-5.341,0,0.0361,0.106,0.00000133,0.323,0.754,116.049,4
spotify:track:13sDZM71JfjvgrY7npp46c,"Serious - Single Edit","Greatest","Duran Duran",1998-11-03,236893,44,false,1khmfykcav6bxygmba16qfv2s,2025-04-30T21:23:04Z,"new wave,synthpop","Parlophone UK",0.702,0.706,7,-8.965,0,0.0294,0.00745,0.0000111,0.0795,0.383,124.197,4
spotify:track:2haoFajdq2VFBj8xTfdV7N,"You & Me","Big Whiskey and the GrooGrux King","Dave Matthews Band",2009-06-02,340533,40,false,1khmfykcav6bxygmba16qfv2s,2025-04-30T21:25:58Z,"jam band","Bama Rags Recordings",0.652,0.627,7,-7.313,1,0.0894,0.436,0.00000811,0.0674,0.315,137.867,3
spotify:track:3ITGICyYHC13EkB7efdr8K,"#41","Crash","Dave Matthews Band",1996-04-30,399800,47,false,1khmfykcav6bxygmba16qfv2s,2025-04-30T21:38:54Z,"jam band","Bama Rags Recordings",0.577,0.726,4,-8.011,0,0.0299,0.00199,0.0386,0.158,0.764,107.416,4
spotify:track:72UdiRQz5eGM1hVIA3t26E,"Last Ride (her)","Last Ride (her)","Ego Kill Talent",2025-04-30,246209,35,false,1khmfykcav6bxygmba16qfv2s,2025-05-02T16:03:56Z,"brazilian rock","Ego Kill Talent",0.472,0.936,4,-4.454,1,0.123,0.0000487,0.0000313,0.249,0.326,123.047,4
spotify:track:5IetHoSMRLXrMCIEVZfnp7,"Dodo","Some Devil","Dave Matthews",2003-09-23,294720,25,false,1khmfykcav6bxygmba16qfv2s,2025-05-03T05:54:55Z,"jam band","Bama Rags Recordings",0.599,0.705,5,-9.046,1,0.0333,0.477,0.000293,0.0888,0.569,92.039,4
spotify:track:1Www76ZJFJWMTs0lwEDifq,"Luv Lies","Just Push Play","Aerosmith",2001-03-05,266448,36,false,1khmfykcav6bxygmba16qfv2s,2025-05-05T19:39:19Z,"classic rock,rock","Aerosmith P&D - Sony",0.353,0.795,7,-4.822,1,0.0383,0.012,0,0.0646,0.414,135.938,4
spotify:track:09bRmFRViBORKQ2miwp04P,"Even the Nights Are Better","Now And Forever","Air Supply",1982-06-01,237106,69,false,1khmfykcav6bxygmba16qfv2s,2025-05-05T20:24:17Z,"soft rock","Arista",0.434,0.507,5,-10.422,1,0.0358,0.565,0,0.161,0.236,115.309,4
spotify:track:3pmf8bm7TVdAChvbDM874J,"The Grind","Honkin' On Bobo","Aerosmith",2004-03-30,227914,32,false,1khmfykcav6bxygmba16qfv2s,2025-05-05T20:42:58Z,"classic rock,rock","Aerosmith P&D - Sony",0.423,0.801,1,-3.851,0,0.0328,0.0575,0,0.0903,0.472,170.102,3
spotify:track:5wFpmMBo1mntHUzRUwOgMA,"Sugared","Comfort Deluxe","The Crash",1999-11-25,266640,43,false,1khmfykcav6bxygmba16qfv2s,2025-05-23T14:44:23Z,"finnish rock,finnish pop","WM Finland",0.432,0.588,6,-7.641,0,0.0299,0.0843,0.000649,0.135,0.328,163.923,4
spotify:track:72uMyJYhDP5oecxWMQFA6W,"Lauren Caught My Eye","Wildlife","The Crash;Stockholm by Adam Kviman AKM Studios",2001-09-24,230040,43,false,1khmfykcav6bxygmba16qfv2s,2025-05-23T14:45:46Z,"finnish rock,finnish pop","WEA",0.66,0.593,2,-8.809,1,0.0289,0.00189,0.000263,0.0591,0.59,127.064,4
spotify:track:3CMOHmiKtHQN9csrbhJNYa,"Tainted Love","Little Notes","Kwan",2006-01-01,215426,44,false,1khmfykcav6bxygmba16qfv2s,2025-05-23T14:46:50Z,"finnish pop,finnish hip hop,finnish rock","Universal Music Oy",0.736,0.719,11,-6.103,1,0.0277,0.119,0,0.0669,0.521,95.016,4
spotify:track:25lPN10BtOPr58MHIDT99j,"When Heaven Gets Dirty","Where Heaven Ends","LAB",2003-03-29,233506,27,false,1khmfykcav6bxygmba16qfv2s,2025-05-23T16:18:46Z,"finnish rock,finnish pop","Drakkar Records",0.444,0.853,3,-3.73,0,0.0455,0.0329,0.000124,0.336,0.464,124.011,4
spotify:track:6mQvCjQblQsHAlUzdxLcse,"Unconditional Love","Love Beyond This World","Kwan",2004-01-01,222973,36,false,1khmfykcav6bxygmba16qfv2s,2025-05-23T17:05:17Z,"finnish pop,finnish hip hop,finnish rock","Universal Music Oy",0.691,0.553,6,-7.35,0,0.0282,0.0102,0.000243,0.0928,0.78,104.987,4
spotify:track:4RDWajkL7ANSeGEdRGbYnO,"Still Alive","Melodrama","The Crash",2003-10-17,244760,34,false,1khmfykcav6bxygmba16qfv2s,2025-05-23T17:09:22Z,"finnish rock,finnish pop","WEA",0.381,0.729,0,-5.603,1,0.0313,0.00126,0.271,0.384,0.28,134.453,3
spotify:track:5eV9InzGzJGB0H5yOvj26Y,"Yhtenä iltana","Yhtenä iltana","Sara",2011-01-01,262026,33,false,1khmfykcav6bxygmba16qfv2s,2025-05-23T19:17:26Z,"finnish rock,finnish pop,iskelmä","Universal Music Oy",0.462,0.75,1,-6.088,1,0.0305,0.00278,0.0053,0.113,0.288,154.96,3
spotify:track:4nZYMHCOE9jYUDbNF4rgzh,"Street Spirit","These Grey Men","John Dolmayan;M. Shadows;Tom Morello",2020-02-28,222429,41,false,1khmfykcav6bxygmba16qfv2s,2025-05-27T02:53:23Z,"","Wake Entertainment",0.325,0.586,9,-3.984,0,0.0429,0.112,0.000897,0.0643,0.317,82.772,4
spotify:track:3GZt2N9dSfNCL6ArCFDpOc,"Let You Fade","From Zero (Deluxe Edition)","Linkin Park",2025-05-16,208739,69,false,1khmfykcav6bxygmba16qfv2s,2025-05-28T02:12:26Z,"nu metal,rap metal,rock,alternative metal","Warner Records",0.358,0.952,0,-3.712,1,0.33,0.0079,0,0.0619,0.123,163.676,4
spotify:track:0mROspyBziPHPyxTPFvKaH,"God Is A Weapon","God Is A Weapon","Falling In Reverse;Marilyn Manson",2025-05-20,215444,77,true,1khmfykcav6bxygmba16qfv2s,2025-05-28T02:18:36Z,"emo,rap metal,industrial metal,industrial rock,industrial,metal,nu metal","Epitaph",0.526,0.638,0,-4.477,1,0.0361,0.000614,0.00154,0.0961,0.237,134.944,4
spotify:track:2vwHTA7wHRObdZIYRyMHND,"Believe","Neon","Negative",2010-05-31,250573,25,false,1khmfykcav6bxygmba16qfv2s,2025-05-28T02:32:08Z,"finnish rock,gothic metal,gothic rock,finnish pop","WM Finland",0.231,0.792,3,-4.759,1,0.0522,0.000557,0,0.111,0.112,168.189,4
spotify:track:10BpvV0IRrd7D0gtHrBTN2,"Rubia Sol Morena Luna","Caramelos de Cianuro","Caramelos De Cianuro",2010,174880,36,false,1khmfykcav6bxygmba16qfv2s,2025-06-08T03:46:25Z,"latin rock,rock en español","CDCROCK, LLC",0.544,0.758,1,-5.897,0,0.0422,0.27,0.00175,0.12,0.559,140.924,4
spotify:track:7DQotDUGnJkXgNJv363GXF,"Zombie","Zombie","YUNGBLUD",2025-05-30,246946,72,false,1khmfykcav6bxygmba16qfv2s,2025-06-08T23:07:34Z,"","Locomotion Recordings/Capitol Records",0.264,0.726,1,-4.104,0,0.0365,0.000265,0,0.118,0.209,159.866,4
spotify:track:7LiRqjo91jAzYvaAD3cwyR,"Irgendein Arsch ist immer unterwegs","Revolution","Lacrimosa",2012-09-06,302440,31,true,1khmfykcav6bxygmba16qfv2s,2025-06-08T23:22:17Z,"gothic metal,symphonic metal,gothic rock,darkwave","Hall of Sermon GmbH",0.568,0.769,5,-6.342,1,0.0413,0.00725,0.00000657,0.192,0.157,109.991,4
spotify:track:5Z4Ch6YGtFm4pHpMs5d2Gb,"One Reason","One Reason","DWB;fade",2011-04-27,262133,48,false,1khmfykcav6bxygmba16qfv2s,2025-06-09T19:59:09Z,"anime,j-rock","AMG MUSIC",0.567,0.966,11,-3.666,0,0.0578,0.000147,0.0000209,0.397,0.122,109.026,4
spotify:track:183LHdf7z7LG2eQf10popU,"I Refuse (feat. Maria Brink of In This Moment) - 2025 VERSION","I Refuse (feat. Maria Brink of In This Moment) [2025 VERSION]","Five Finger Death Punch;In This Moment",2025-05-16,221000,53,true,1khmfykcav6bxygmba16qfv2s,2025-06-12T21:10:57Z,"metal,groove metal,heavy metal,hard rock,rock","Better Noise Music",0.442,0.9,11,-5.858,1,0.0492,0.0441,0,0.102,0.373,155.088,4
spotify:track:3U74eolvC9YFA2fpNNaBWj,"I'm In","True North","a-ha",2022-10-21,305906,34,false,1khmfykcav6bxygmba16qfv2s,2025-06-13T03:13:40Z,"new wave,synthpop","Ariola/Hansa Local",0.486,0.55,11,-8.223,1,0.0256,0.315,0.000502,0.285,0.177,98.915,4
spotify:track:72hpTHMLFrO4ErhSQl2FhZ,"Can't Stop Lovin' You","Balance","Van Halen",1995-01-24,247466,67,false,1khmfykcav6bxygmba16qfv2s,2025-06-16T19:47:29Z,"glam metal,classic rock,rock,hard rock","Warner Records",0.592,0.898,9,-5.194,1,0.0358,0.143,0.00000229,0.229,0.537,118.006,4
spotify:track:0ZR5YmVcNtP6ZSF4Lr0FY2,"Save Today","Isolate And Medicate","Seether",2014-01-01,287760,57,false,1khmfykcav6bxygmba16qfv2s,2025-06-17T17:02:47Z,"post-grunge,alternative metal,rock","Fantasy Records",0.48,0.786,4,-6.482,1,0.035,0.052,0.00000222,0.111,0.18,167.975,4
spotify:track:2jqMTXzB1VGVogdxfBRB3I,"Give Me Your Name","Out Of Ashes","Dead By Sunrise",2009-09-30,296093,45,false,1khmfykcav6bxygmba16qfv2s,2025-06-17T17:22:19Z,"","Warner Records",0.467,0.683,0,-6.072,1,0.0277,0.0146,0.00101,0.179,0.133,130.014,4
spotify:track:42o0mOW08wBTZ4y8FA9his,"Josephine","Tuesday","Reamonn",2000-01-01,216000,40,false,1khmfykcav6bxygmba16qfv2s,2025-07-28T14:39:41Z,"","Virgin",0.441,0.853,7,-4.878,1,0.0469,0.00848,0.119,0.0531,0.453,176.275,4
spotify:track:3FhNJaCNypOAnZccdYGAWN,"Supergirl","Tuesday","Reamonn",2000-01-01,246066,63,false,1khmfykcav6bxygmba16qfv2s,2025-07-28T15:29:38Z,"","Virgin",0.662,0.515,6,-9.501,0,0.0296,0.136,0.011,0.0925,0.376,116.24,4
spotify:track:4UETxRLqPOfnyskrEhqptI,"Waiting There For You","Tuesday","Reamonn",2000-01-01,259800,30,false,1khmfykcav6bxygmba16qfv2s,2025-07-28T16:29:38Z,"","Virgin",0.151,0.445,2,-8.691,1,0.0326,0.0312,0.00134,0.125,0.0486,73.079,4
spotify:track:79CUkve5jvkuUowvKppHyu,"Flowers","Dream No. 7","Reamonn",2001-01-01,280466,4,false,1khmfykcav6bxygmba16qfv2s,2025-07-29T00:41:14Z,"","Virgin",0.409,0.502,0,-7.106,1,0.0306,0.00352,0.258,0.137,0.072,80.008,4
spotify:track:2xhzZvhG7s0CXWztCk8ZiA,"Back Again","Beautiful Sky","Reamonn",2003-01-01,454426,22,false,1khmfykcav6bxygmba16qfv2s,2025-07-29T02:08:33Z,"","Virgin",0.55,0.547,0,-7.605,0,0.0338,0.125,0.0117,0.109,0.0512,115.141,4
spotify:track:1u3OxJiXoYFdA0Fmd9yURC,"Limits","Finding God Before God Finds Me (Deluxe)","Bad Omens",2020-01-17,207854,3,false,1khmfykcav6bxygmba16qfv2s,2025-08-21T12:20:49Z,"metalcore","Sumerian Records",0.312,0.968,5,-3.316,1,0.418,0.000305,0.0000437,0.113,0.3,103.005,4
spotify:track:6yCysJaY0lFqHnrHvaR4pF,"CONCRETE JUNGLE","THE DEATH OF PEACE OF MIND","Bad Omens",2022-02-25,220495,2,true,1khmfykcav6bxygmba16qfv2s,2025-08-22T12:09:55Z,"metalcore","Sumerian Records",0.552,0.841,1,-5.265,1,0.0402,0.00102,0.00423,0.0697,0.444,91.964,4
spotify:track:0VqzSKEbRPWDy1xUIi1KwL,"The Spell","The Spell","Mammoth",2025-07-09,209229,38,false,1khmfykcav6bxygmba16qfv2s,2025-08-22T13:28:50Z,"","BMG Rights Management (US) LLC",0.516,0.845,9,-4.109,1,0.0989,0.0000235,0.855,0.177,0.285,99.988,4
spotify:track:3zhRvX0jnW1e4vCCsWQkyQ,"Dilemma","Saviors (édition de luxe)","Green Day",2025-05-23,198324,1,false,1khmfykcav6bxygmba16qfv2s,2025-08-25T17:39:40Z,"punk,pop punk","Reprise",0.545,0.892,2,-3.381,1,0.0558,0.000318,0,0.209,0.671,120.41,4
spotify:track:04PTl0HrI4bvkUPoy7rpmb,"Bobby Sox","Saviors (édition de luxe)","Green Day",2025-05-23,224310,0,false,1khmfykcav6bxygmba16qfv2s,2025-08-25T17:39:45Z,"punk,pop punk","Reprise",0.583,0.886,4,-3.888,1,0.035,0.00172,0.00000115,0.434,0.635,106.008,4
spotify:track:0FLBNqc5oAiTt4J2e3fe3y,"Blurry","Come Clean","Puddle Of Mudd",2001-08-28,303920,80,false,1khmfykcav6bxygmba16qfv2s,2025-09-05T14:11:35Z,"post-grunge","Flawless Records",0.432,0.936,3,-4.537,0,0.0562,0.00691,0,0.14,0.499,157.469,4
spotify:track:0PsFsv5xUyX06ZhIEtFkeA,"End of You","End of You","Poppy;Amy Lee;Courtney LaPlante",2025-09-04,192800,71,false,1khmfykcav6bxygmba16qfv2s,2025-09-05T14:30:57Z,"","Sumerian Records",0.484,0.955,10,-3.242,0,0.32,0.00342,0.0000357,0.32,0.324,95.02,4
spotify:track:7CoiOXsrfI58wUZBt45HgL,"Perfect Soul","Tsunami Sea","Spiritbox",2025-03-07,239640,63,false,1khmfykcav6bxygmba16qfv2s,2025-09-06T19:01:06Z,"metalcore,djent,metal","Rise Records",0.359,0.966,10,-3.9,0,0.0994,0.0000156,0.0337,0.198,0.289,103.744,4
spotify:track:5AYeGLu0KlyZUe6bS2tgdh,"Ultraviolet","The Fear of Fear","Spiritbox",2023-11-03,248888,59,false,1khmfykcav6bxygmba16qfv2s,2025-09-06T19:41:22Z,"metalcore,djent,metal","Rise Records",0.425,0.807,4,-5.935,0,0.088,0.00795,0.000178,0.224,0.279,108.083,4
spotify:track:125IcOsErjp5CTrIOlzKgE,"Love/Loss","The Vantages II","The Vantages",2025-09-04,265868,25,false,1khmfykcav6bxygmba16qfv2s,2025-09-08T00:42:57Z,"gothic rock,gothic metal","VNTGS ENTERTAINMENT",0.307,0.326,8,-12.708,0,0.0289,0.521,0.00196,0.109,0.0805,141.987,4
spotify:track:3Lc65aYhtNRO19Fnq2oMb8,"Crazy Bitch","15","Buckcherry",2006-04-11,204960,64,true,1khmfykcav6bxygmba16qfv2s,2025-09-09T18:01:39Z,"","Endurance Music Group",0.66,0.978,1,-3.064,0,0.107,0.0247,0,0.0856,0.591,98.023,4
spotify:track:6SapuBD926ASRtniYhqSLO,"Anastasia","Apocalyptic Love","Slash;Myles Kennedy And The Conspirators",2012-05-22,367339,48,false,1khmfykcav6bxygmba16qfv2s,2025-09-09T18:01:53Z,"hard rock","Snakepit Records",0.439,0.942,1,-5.332,1,0.044,0.000617,0.00106,0.118,0.432,100.115,4
spotify:track:2KNHDvMeMXgJ5YEs7gTKOD,"Gotten","Slash","Slash;Adam Levine",2010-04-06,302230,37,false,1khmfykcav6bxygmba16qfv2s,2025-09-09T18:02:06Z,"hard rock","Snakepit Records",0.549,0.485,4,-8.149,1,0.0301,0.148,0.0000934,0.123,0.0656,130.615,4
spotify:track:25jSwur7S47WCiH0hQNUAo,"Words As Weapons","Isolate And Medicate","Seether",2014-01-01,240200,45,false,1khmfykcav6bxygmba16qfv2s,2025-09-10T12:49:59Z,"post-grunge,alternative metal,rock","Fantasy Records",0.592,0.901,5,-5.554,0,0.0591,0.0109,0.000344,0.0514,0.62,109.902,4
spotify:track:46eHxWRKmtYhUHPDRgclt6,"Careless Whisper","Finding Beauty In Negative Spaces (Bonus Track Version)","Seether",2007-01-01,296973,73,false,1khmfykcav6bxygmba16qfv2s,2025-09-10T12:50:07Z,"post-grunge,alternative metal,rock","Fantasy Records",0.469,0.943,2,-4.196,1,0.102,0.0000607,0.00547,0.0717,0.358,134.031,4
spotify:track:6fVH4LE9qvlkED9yeimlIo,"Here And Now","Holding Onto Strings Better Left To Fray","Seether",2011-01-01,235589,45,false,1khmfykcav6bxygmba16qfv2s,2025-09-10T12:50:49Z,"post-grunge,alternative metal,rock","Fantasy Records",0.53,0.903,7,-5.282,1,0.0312,0.0000369,0,0.158,0.371,110.031,4
spotify:track:1auUyL63z3sWnBhooTnz31,"Many of Horror","Only Revolutions","Biffy Clyro",2009-11-06,258573,65,false,1khmfykcav6bxygmba16qfv2s,2025-09-10T18:57:51Z,"","14th Floor Records",0.498,0.647,1,-7.631,1,0.0358,0.00427,0.00000987,0.146,0.257,163.87,4
spotify:track:1aKNbn5AsDWydycvr1gYBa,"Bubbles","Only Revolutions","Biffy Clyro",2009-11-06,301080,62,false,1khmfykcav6bxygmba16qfv2s,2025-09-10T18:57:55Z,"","14th Floor Records",0.35,0.724,3,-5.888,1,0.0314,0.00203,0.00136,0.113,0.196,147.344,4
spotify:track:4Dq75eGDLZGM9EGP0XHbo2,"Trying Not to Love You","Here and Now","Nickelback",2011-11-14,251880,65,false,1khmfykcav6bxygmba16qfv2s,2025-09-10T18:59:28Z,"post-grunge,rock","Roadrunner Records",0.473,0.924,11,-4.297,0,0.0446,0.0132,0,0.184,0.41,160.017,4
spotify:track:1samUhTYVbu12zat8oYiNJ,"Metamorphobia","Metamorphobia","Lacrimosa",2025-09-20,336932,19,false,1khmfykcav6bxygmba16qfv2s,2025-09-20T23:55:26Z,"gothic metal,symphonic metal,gothic rock,darkwave","Hall of Sermon GmbH",0.498,0.852,4,-6.29,0,0.0351,0.00000688,0.935,0.0582,0.237,99.055,4
spotify:track:6CooUg7i5laxeGesZO0Pnm,"In Blue","In Blue","Pretty",2024-02-09,242309,18,false,1khmfykcav6bxygmba16qfv2s,2025-09-21T01:09:32Z,"finnish rock,post-grunge","Kobra Entertainment",0.542,0.84,7,-5.789,0,0.0583,0.000967,0.0257,0.147,0.407,125.989,4
spotify:track:5BRFgvRhw2hH0Sn2kTygk1,"Dead Romance","TV-MA (language, nudity, gore, smoking)","Some Days Are Darker",2024-11-15,229060,35,false,1khmfykcav6bxygmba16qfv2s,2025-09-21T01:51:58Z,"darkwave,gothic rock","Inferno Choir",0.562,0.828,7,-5.099,0,0.0304,0.00563,0.00121,0.112,0.33,138.025,4
spotify:track:27oEijpm4pRjfgutxHhZX0,"Innocence","Thorns","Icon & The Black Roses",2014-10-07,283772,21,false,1khmfykcav6bxygmba16qfv2s,2025-09-22T01:13:31Z,"gothic metal,gothic rock","Ambivalence Music",0.417,0.989,4,-1.203,0,0.109,0.00492,0.00000512,0.131,0.19,109.989,4
spotify:track:4i39NiaNRWQvZCNho4wA0q,"Feel","The Great Escape","A Life Divided",2013-01-18,212969,39,false,1khmfykcav6bxygmba16qfv2s,2025-09-22T01:17:07Z,"industrial rock,ebm","AFM Records",0.618,0.795,8,-4.813,1,0.0234,0.0000835,0.0000174,0.136,0.176,98.971,4
spotify:track:4DQhxozE7gbGJHaZPEiBZU,"Supposedly","Supposedly","Pentastone",2023-06-16,203793,32,false,1khmfykcav6bxygmba16qfv2s,2025-09-22T12:36:40Z,"","1358188 Records DK2",0.329,0.89,7,-2.95,1,0.0784,0.000126,0.464,0.0726,0.198,174.135,4
spotify:track:6rieO3zjto80uK5yIahfgC,"By the Way","Scars & Souvenirs (Special Edition)","Theory of a Deadman",2008-04-01,215160,57,false,1khmfykcav6bxygmba16qfv2s,2025-10-07T19:47:37Z,"post-grunge,alternative metal","Roadrunner Records",0.372,0.752,3,-3.389,0,0.0353,0.00182,0,0.111,0.308,149.786,3
spotify:track:1FuZJZqUWbwpqwbT8eESfR,"Accidents","""Watch out!""","Alexisonfire",2004-06-01,249066,55,true,1khmfykcav6bxygmba16qfv2s,2025-10-19T15:28:26Z,"post-hardcore,screamo,emo,metalcore","Dine Alone Music Inc.",0.312,0.92,5,-5.729,0,0.0662,0.00000839,0.000273,0.322,0.369,105.305,4
spotify:track:7xatvwRwatgLAIMyU6yHBo,"Afterworld","B-Sides & Rarities","CKY",2011-03-22,278560,32,true,1khmfykcav6bxygmba16qfv2s,2025-11-03T16:53:59Z,"skate punk","Mighty Loud",0.447,0.909,2,-5.861,1,0.0448,0.0000169,0.00351,0.357,0.677,123.065,4
spotify:track:5vGBjM9bcD0zbgHHKaZHsQ,"In the Darkness","In the Darkness","HOKKA",2025-11-11,195266,38,false,1khmfykcav6bxygmba16qfv2s,2025-11-12T15:12:57Z,"","Nuclear Blast",0.577,0.765,2,-5.216,0,0.0359,0.000607,0.000417,0.0665,0.238,129.98,4
spotify:track:6ZIwZmQ2ph6QK13sItmDEx,"No Podras","Agua Nueva","Cristian Castro",1992-06-30,240480,78,false,ulfer5nw96iycymku1w3gkiim,2025-11-25T21:55:07Z,"latin pop","Universal Music Mexico",0.694,0.739,10,-9.042,1,0.0265,0.0198,0.00238,0.18,0.862,117.705,4
spotify:track:2iWsTTbLNy658UrUR14T9k,"Zombie","Zombie","YUNGBLUD;The Smashing Pumpkins",2026-01-02,239582,57,false,1khmfykcav6bxygmba16qfv2s,2026-01-02T18:36:31Z,"alternative rock,rock","Locomotion Recordings/Capitol Records",0.258,0.681,4,-3.231,1,0.0381,0.0000047,0.0031,0.0801,0.194,160.084,4
spotify:track:0kfe9dDMNl5q8b6TjfZ76u,"Deep - Remastered","Judgement (Remastered)","Anathema",1999,293293,45,false,1khmfykcav6bxygmba16qfv2s,2026-01-08T13:16:12Z,"doom metal,gothic metal,progressive rock,progressive metal","Music For Nations",0.425,0.643,2,-7.626,1,0.0316,0.000446,0.0229,0.149,0.165,136.019,4
spotify:track:5NcvwkdGZCJ8CgJTXSI2Jt,"Voodoo Doll (feat. Eva Under Fire)","Greetings From Suffocate City","The Funeral Portrait;Eva Under Fire",2024-09-13,237378,36,false,1khmfykcav6bxygmba16qfv2s,2026-01-29T20:47:03Z,"","Better Noise Music",0.449,0.911,1,-3.533,0,0.0477,0.000128,0.000022,0.373,0.194,103.045,4
spotify:track:7mnMlSkESYY17WgYCVQbSe,"2005","2005","The Academy Is...",2026-01-14,232307,31,false,1khmfykcav6bxygmba16qfv2s,2026-01-29T20:50:32Z,"emo,pop punk","I Surrender Records",0.484,0.844,4,-4.755,1,0.0266,0.0102,0.371,0.107,0.498,90.056,4
spotify:track:4a7z8iZVKhCDEFYIAdKLdp,"Slumber Party","Slumber Party","Brigitte Calls Me Baby",2026-01-13,241483,25,false,1khmfykcav6bxygmba16qfv2s,2026-01-29T21:06:37Z,"","ATO Records",0.378,0.918,0,-2.845,1,0.056,0.000823,0.00965,0.0845,0.411,162.983,4
spotify:track:3r2q3DlQFWpoMjejytxkxA,"Death by Cupid's Arrow","Death by Cupid's Arrow","HOKKA",2026-01-01,176106,35,false,1khmfykcav6bxygmba16qfv2s,2026-01-29T21:25:05Z,"","Nuclear Blast",0.536,0.764,6,-5.228,0,0.0429,0.00514,0.00000772,0.102,0.294,130.126,4
spotify:track:754kgU5rWscRTfvlsuEwFp,"Kiss Me","Sixpence None The Richer","Sixpence None The Richer",1997-11-22,208680,87,false,1khmfykcav6bxygmba16qfv2s,2026-01-31T15:39:31Z,"","Curb | Word",0.526,0.749,3,-6.964,1,0.0283,0.023,0.00000176,0.0692,0.421,99.982,4
spotify:track:0ELSvcZ3EKntkBHqARS0Vw,"Come Back","Come Back","Killer",2026-02-20,170213,18,false,1khmfykcav6bxygmba16qfv2s,2026-02-21T00:20:04Z,"finnish rock,finnish pop","Vallila Music House",0.499,0.817,0,-6.561,0,0.0382,0.0000271,0.326,0.113,0.379,134.968,4
spotify:track:29ySfQsz4Zu0xmMyQ3oR6J,"The Fight Within","Remade In Misery","Memphis May Fire",2022-06-03,234114,60,false,1khmfykcav6bxygmba16qfv2s,2026-02-23T02:11:29Z,"metalcore,post-hardcore,screamo","Rise Records",0.463,0.937,8,-3.605,0,0.0986,0.0676,0,0.0949,0.348,140.076,4
spotify:track:5MI9rnOsAayuxi7pKVydNg,"Priceless (feat. LISA)","Priceless (feat. LISA)","Maroon 5;LISA",2025-05-02,163352,67,false,1khmfykcav6bxygmba16qfv2s,2026-03-04T23:09:38Z,"pop,k-pop","222 Records/Interscope Records",0.583,0.863,0,-4.595,1,0.0548,0.113,0,0.193,0.743,90.214,4
spotify:track:1NXR0bj4cWRohhXxQmRjEc,"Black Hair Beauty","Decay","SKARS",2026-03-20,150843,44,false,1khmfykcav6bxygmba16qfv2s,2026-03-20T14:09:49Z,"","SKARS",0.527,0.533,0,-7.034,0,0.0259,0.058,0.146,0.231,0.237,80.007,4
spotify:track:3BtbPQMSe2mddKLcueBkKb,"New Moon","New Moon","Swallow The Sun",2009-01-01,300066,40,false,1khmfykcav6bxygmba16qfv2s,2026-03-26T21:57:03Z,"doom metal,melodic death metal,gothic metal,sludge metal,progressive metal","Spinefarm FI",0.297,0.844,7,-5.831,0,0.043,0.000978,0.776,0.0847,0.116,143.188,4
spotify:track:39JFZqlhh6y23lXowen3CE,"Bad Idea","Lifestyles of the Sick & Dangerous","Blind Channel",2022-07-08,192506,35,true,1khmfykcav6bxygmba16qfv2s,2026-03-26T21:58:14Z,"","Century Media",0.574,0.782,8,-3.889,1,0.0589,0.00249,0.0000017,0.193,0.353,95.999,4
spotify:track:0KwnBnZRcsOmXAY8ASYUMI,"Send Those Memories","Irreversible","Brigitte Calls Me Baby",2026-03-13,340459,16,false,1khmfykcav6bxygmba16qfv2s,2026-03-26T21:58:34Z,"","ATO Records",0.366,0.688,9,-3.777,1,0.0332,0.0227,0.23,0.0991,0.212,79.888,4
spotify:track:6FlQgqu7L2IjFFdpCyqBrx,"The Pit","Irreversible","Brigitte Calls Me Baby",2026-03-13,214591,20,false,1khmfykcav6bxygmba16qfv2s,2026-03-26T21:58:40Z,"","ATO Records",0.513,0.838,1,-5.682,0,0.0339,0.117,0.0000142,0.236,0.291,94.977,4
spotify:track:42qNWdLKCI41S4uzfamhFM,"Duvet","Twilight","bôa",2001-03-21,203600,87,false,1khmfykcav6bxygmba16qfv2s,2026-04-12T18:50:32Z,"","Nettwerk Music Group",0.583,0.888,11,-9.414,0,0.0349,0.191,0.0000458,0.0936,0.706,93.206,4
spotify:track:3g3xeraZHEGDAS52YT3eku,"Kali Ma","Ascetic Meditation Of Death","Cult Of Fire",2013-11-30,367266,33,false,1khmfykcav6bxygmba16qfv2s,2026-05-20T02:04:10Z,"black metal","Prodejhudbu.cz",0.265,0.741,9,-4.131,0,0.0784,0.0000103,0.737,0.322,0.037,93.742,4
